run,group,mult,beta,lr,seed,in_eval_ll,heldout_eval_ll,latent.total_openness,latent.frac_open_s0p03,latent.frac_open_s0p1,latent.frac_open_s0p5,latent.frac_open_s0p9,latent.frac_open_s0p97,latent.mean_sigma,latent.min_sigma,latent.n_eff_open,latent.n_eff_open_frac,latent.sigma_p10,latent.sigma_median,latent.sigma_p90,latent.n,update_net_obs.total_openness,update_net_obs.frac_open_s0p03,update_net_obs.frac_open_s0p1,update_net_obs.frac_open_s0p5,update_net_obs.frac_open_s0p9,update_net_obs.frac_open_s0p97,update_net_obs.mean_sigma,update_net_obs.min_sigma,update_net_obs.n_eff_open,update_net_obs.n_eff_open_frac,update_net_obs.sigma_p10,update_net_obs.sigma_median,update_net_obs.sigma_p90,update_net_obs.n,update_net_latent.total_openness,update_net_latent.frac_open_s0p03,update_net_latent.frac_open_s0p1,update_net_latent.frac_open_s0p5,update_net_latent.frac_open_s0p9,update_net_latent.frac_open_s0p97,update_net_latent.mean_sigma,update_net_latent.min_sigma,update_net_latent.n_eff_open,update_net_latent.n_eff_open_frac,update_net_latent.sigma_p10,update_net_latent.sigma_median,update_net_latent.sigma_p90,update_net_latent.n,update_net_subj.total_openness,update_net_subj.frac_open_s0p03,update_net_subj.frac_open_s0p1,update_net_subj.frac_open_s0p5,update_net_subj.frac_open_s0p9,update_net_subj.frac_open_s0p97,update_net_subj.mean_sigma,update_net_subj.min_sigma,update_net_subj.n_eff_open,update_net_subj.n_eff_open_frac,update_net_subj.sigma_p10,update_net_subj.sigma_median,update_net_subj.sigma_p90,update_net_subj.n,choice_net_latent.total_openness,choice_net_latent.frac_open_s0p03,choice_net_latent.frac_open_s0p1,choice_net_latent.frac_open_s0p5,choice_net_latent.frac_open_s0p9,choice_net_latent.frac_open_s0p97,choice_net_latent.mean_sigma,choice_net_latent.min_sigma,choice_net_latent.n_eff_open,choice_net_latent.n_eff_open_frac,choice_net_latent.sigma_p10,choice_net_latent.sigma_median,choice_net_latent.sigma_p90,choice_net_latent.n,choice_net_subj.total_openness,choice_net_subj.frac_open_s0p03,choice_net_subj.frac_open_s0p1,choice_net_subj.frac_open_s0p5,choice_net_subj.frac_open_s0p9,choice_net_subj.frac_open_s0p97,choice_net_subj.mean_sigma,choice_net_subj.min_sigma,choice_net_subj.n_eff_open,choice_net_subj.n_eff_open_frac,choice_net_subj.sigma_p10,choice_net_subj.sigma_median,choice_net_subj.sigma_p90,choice_net_subj.n
61873594,updnet-ratio-100mice@20260703-200122,1,0.0003,0.01,0,0.7235420346260071,0.7164381742477417,3.6471762073478105,0.6,0.6,0.8,0.8,0.8,0.2705875486305357,0.009479663724303243,3.921092134946029,0.7842184269892056,0.011307939717769624,0.017103077301979065,0.7249446494674684,5,3.443614315850734,0.1,0.2,0.4,0.4,0.4,0.6557324906980991,0.022264902869462967,3.9513743179410024,0.3951374317941002,0.05256986824631692,0.9987522823905944,1.0000940067863464,10,3.558574074234963,0,0,0.16,0.2,0.24,0.8578388859128951,0.10596062375068664,5.090784542229336,0.20363138168917344,0.33854092789649964,0.9996878964996336,1.0006291968917846,25,1.4645513882684709,0,0,0.05,0.15,0.15,0.9270053958690166,0.2324731065130234,2.5465982179740227,0.12732991089870113,0.7577320559120178,0.9998564882373808,1.0005887253379822,20,0.9858431608837844,0.2,0.2,0.2,0.2,0.2,0.8034551846033334,0.019762325490117073,1.0114382535123574,0.20228765070247148,0.40967199748218064,0.9998580081558228,1.0018388612365725,5,0.012085776538849012,0,0,0,0,0,0.9975732578134536,0.9928392036056518,2.297183596838676,0.574295899209669,0.9941586716270446,0.9975375099277496,1.001016442308426,4
8646dfc2,updnet-ratio-100mice@20260703-200122,1,0.0003,0.01,0,0.7252078056335449,0.719312310218811,3.6325047373092176,0.6,0.6,0.8,0.8,0.8,0.27350694147706034,0.012051134759783744,3.913117648140051,0.7826235296280103,0.012921454960703849,0.014975832233428956,0.7305202109909059,5,4.255686717175245,0,0.1,0.5,0.6,0.6,0.574453294480443,0.05368652699351311,5.4211497819902155,0.5421149781990215,0.10661082586109638,0.5731355114078521,1.0000224216079712,10,3.1543113364744184,0,0,0.16,0.16,0.2,0.8738486684656143,0.13104869557380677,4.238865323238644,0.16955461292954577,0.28453882170677186,0.9994656307792664,1.0000498397445678,25,2.001297647809982,0,0,0.1,0.2,0.2,0.8999928264117241,0.2246380610561371,3.216492598685051,0.16082462993425256,0.6001273973083496,0.9996665580368042,1.0000802261924744,20,0.9848512326449158,0.2,0.2,0.2,0.2,0.2,0.8030297534710169,0.022836390340924263,1.0157728254171967,0.20315456508343935,0.41198802834212783,0.9988573057746888,0.9988720281219482,5,0.0007667217063904719,0,0,0,0,0,1.000412793288231,0.999408648738861,1.5451714137539383,0.38629285343848463,0.9995334429836272,1.0000018937683106,1.0016208632087709,4
c74f4556,updnet-ratio-100mice@20260703-200122,1,0.0003,0.01,1,0.716021716594696,0.7133961915969849,2.939554576135278,0.4,0.6,0.6,0.6,0.6,0.4121044123715163,0.011877022141814231,2.999606774203908,0.5999213548407816,0.012090167606472968,0.03616216538310051,1.000044523010254,5,2.6997529723763463,0,0.2,0.3,0.4,0.4,0.7301648980176448,0.043223948607444766,3.3037198344649203,0.33037198344649205,0.06793803034186363,0.9991643889045716,1.0002035243606568,10,2.584749088435174,0,0,0.12,0.16,0.16,0.8966778744554519,0.13704395426273347,3.446567438960465,0.1378626975584186,0.48105293346405054,0.9998121125793455,1.000019799003601,25,2.175613743777275,0,0,0.1,0.2,0.2,0.8912529578602314,0.18773013485431672,3.2729771803859475,0.16364885901929738,0.4877379877662658,0.9998915953731536,1.0000300152397157,20,0.9983739600598814,0.2,0.2,0.2,0.2,0.2,0.8003252079880238,0.017550965229272842,1.0325754259922877,0.20651508519845752,0.40748403725981713,0.9939833147621154,0.999072693119049,5,0.016855459423065322,0,0,0,0,0,0.9960396303033828,0.987962172756195,1.8097164693610897,0.4524291173402724,0.9907046063041688,0.9975911839103698,1.0001334114170075,4
9703d37e,updnet-ratio-100mice@20260703-200122,1,0.0003,0.01,1,0.7169731259346008,0.718635618686676,3.882810455662012,0.4,0.8,0.8,0.8,0.8,0.2234379088675976,0.011338483000397682,3.998746236701173,0.7997492473402346,0.013496223295331,0.03327972201466561,0.6223333968019487,5,2.9470913839268684,0,0.1,0.3,0.5,0.5,0.7053186869418621,0.04885929955005646,3.901081836946134,0.3901081836946135,0.10316187498927117,0.9105421764945985,1.000028948316574,10,3.1561639518213274,0,0,0.16,0.2,0.24,0.8738317657804489,0.1345707340335846,4.425854907820281,0.17703419631281123,0.33032314611434943,0.9998131854629516,1.000339065322876,25,1.7611877097654345,0,0,0.1,0.2,0.2,0.9119994541800022,0.20153689516544343,3.0367120714348927,0.15183560357174464,0.7224582178688049,0.999924973974228,1.0002961857414243,20,0.9838872504502536,0.2,0.2,0.2,0.2,0.2,0.8032225499099492,0.0217434758490324,1.0115332809431752,0.20230665618863505,0.4120699944144487,0.9980102641677856,0.9994829042053224,5,0.001891117305755752,0,0,0,0,0,0.9996157599782944,0.9987583024597168,1.9222852283927927,0.4805713070981982,0.9989637596702576,0.9996752901172636,1.0002201361751557,4
87018bd0,updnet-ratio-100mice@20260703-200122,1,0.001,0.01,0,0.7216087579727173,0.7181903719902039,2.8645772117441894,0.2,0.6,0.6,0.6,0.6,0.42708524634897704,0.026246163452267646,2.998401821191254,0.5996803642382508,0.028848769719004633,0.07644082737922668,0.9999953134155274,5,2.0870222952890396,0,0,0.2,0.3,0.3,0.7913138477301598,0.15280929339885713,2.8340319260507805,0.28340319260507807,0.21248094720602037,0.9998238844966888,1.0000290377235412,10,1.412628701395989,0,0,0.08,0.08,0.12,0.9435206641054152,0.2205000532960892,2.105314268646363,0.08421257074585452,0.9711331112480164,0.999989555606842,1.0001195294952394,25,0.5641699086189277,0,0,0,0.05,0.1,0.9717924667692184,0.5207849605178833,1.3542008711232665,0.06771004355616331,0.9887375636196136,0.9998428685760498,1.000001571903229,20,0.9599066486072542,0,0.2,0.2,0.2,0.2,0.8081805987453461,0.04060591889381409,1.0010685439892677,0.20021370879785355,0.4241663260555268,0.999980495700836,1.0004095895385745,5,0.0009169525718690784,0,0,0,0,0,0.9997707618570328,0.99962256980896,3.3458684582003575,0.8364671145500894,0.999663160572052,0.9997772140598296,0.999873201379776,4
a1395e7f,updnet-ratio-100mice@20260703-200122,1,0.001,0.01,1,0.7123323082923889,0.7104085087776184,3.357582275128961,0.2,0.6,0.6,0.8,0.8,0.328491362387538,0.02805887108504772,3.779698527417028,0.7559397054834056,0.03276239951908588,0.0636393664574623,0.8043841703033447,5,2.1853410211133957,0,0,0.2,0.3,0.3,0.7814899979329109,0.11854876709938048,2.9167501842143713,0.2916750184214371,0.20440312607049943,0.9995191557502746,1.0000241322612764,10,1.9192135394287115,0,0,0.08,0.12,0.16,0.9232904822921753,0.21481035781860353,3.126900677740889,0.12507602710963556,0.7110280020332337,0.9998913271522522,1.0000922067260742,25,0.4877516008567816,0,0,0,0.05,0.05,0.9756763650274276,0.5255765779113769,1.0568424738337387,0.052842123691686935,0.9977065069770812,0.99998079372406,1.0001821501350403,20,0.9642996822905542,0,0.2,0.2,0.2,0.2,0.8072224794125556,0.03711780292749405,1.0029453295037438,0.20058906590074876,0.4219668595290184,0.9993420703506468,1.000229750404358,5,0.0046005792236329945,0,0,0,0,0,0.9988498551940918,0.99821077419281,3.0139632419833946,0.7534908104958487,0.9982259197330474,0.9986956579780578,0.9995971484279632,4
c4294c47,updnet-ratio-100mice@20260703-200122,1,0.001,0.01,1,0.713142991065979,0.7173814177513123,2.876755203814507,0.2,0.6,0.6,0.6,0.6,0.4246598733758927,0.025959813425540924,2.99902999159958,0.599805998319916,0.028404265472888948,0.06521403921604156,1.0000326736068723,5,2.1760094046926497,0,0,0.3,0.3,0.3,0.7823994873261452,0.1452620936727524,2.907271028113387,0.2907271028113387,0.21804843528032303,0.999899314174652,1.000000040063858,10,1.451943912830353,0,0,0.08,0.08,0.08,0.9419488246536254,0.21102388335227967,2.0284036023209473,0.0811361440928379,0.9927007777786254,0.9999965293502808,1.0000762565231325,25,0.5054544647979742,0,0,0,0.05,0.05,0.974765647778511,0.5210276110267639,1.1117593986227998,0.05558796993113999,0.9950514061546324,0.999987856874466,1.000048766860962,20,0.9577608851206304,0,0.2,0.2,0.2,0.2,0.8085379636085033,0.04269923029303551,1.000961318633661,0.2001922637267322,0.4254542133009434,0.999953196773529,1.000231061706543,5,0.0004887716674805143,0,0,0,0,0,0.9999576969242095,0.9995112283325196,1,0.25,0.9996580345726012,1.0000171525573731,1.0002097947692872,4
6726abbb,updnet-ratio-100mice@20260703-200122,1,0.003,0.01,0,0.710859477519989,0.708413302898407,0.9175651704382898,0,0.2,0.2,0.2,0.2,0.8165192900395393,0.08263757211923599,1.000442035684963,0.2000884071369926,0.4495354740118981,0.9999149305915832,1.0000881297683717,5,1.5310306903648376,0,0,0.2,0.2,0.2,0.8469059927558898,0.16618295145988465,1.9842335349248224,0.19842335349248225,0.28913729024887086,0.9999994201755524,1.000012670288086,10,0.0026338213539129907,0,0,0,0,0,0.9999000055885314,0.998453603515625,2.566358923178906,0.10265435692715624,0.9997831447219848,0.99999939037323,1.0000182969665528,25,0.0029774609947209596,0,0,0,0,0,0.999879593977928,0.9981093270874024,2.1608099541134056,0.10804049770567029,0.9997374577617644,0.9999998970127104,1.0000578744506836,20,0.9262325053524972,0,0.2,0.2,0.2,0.2,0.8147786704993247,0.07529888434171676,1.0033134878088938,0.20066269756177876,0.4448080120778084,0.9993969066238404,1.0000729663467407,5,0.002898256988525527,0,0,0,0,0,0.9993870122528076,0.9980818493461608,1.9954145677643311,0.4988536419410829,0.9984628481960296,0.9995099468326568,1.0002128286457062,4
a9972d14,updnet-ratio-100mice@20260703-200122,1,0.003,0.01,0,0.7109900116920471,0.708630383014679,0.932823548398018,0,0.2,0.2,0.2,0.2,0.8134354664182663,0.06720247996807098,1.000055807512387,0.20001116150247747,0.44031611813068394,0.9999879462814332,1.0000003082847595,5,1.4915647129440308,0,0,0.2,0.2,0.2,0.8508471531963349,0.19828398657798768,1.988820963576976,0.19888209635769755,0.2989675147628784,0.9999994797801972,1.0000134332275392,10,0.0024061504745488405,0,0,0,0,0,0.9999139483070374,0.9990740878677368,2.9965889728967103,0.11986355891586842,0.9996882183647156,1.0000003440475465,1.0000075919723512,25,0.001839388771057493,0,0,0,0,0,0.9999191297388076,0.9982558353042602,1.1099640709797396,0.05549820354898698,0.9999825341796874,1.0000005824661256,1.0000409944152833,20,0.9276479342103008,0,0.2,0.2,0.2,0.2,0.8144704131579399,0.07374198121786117,1.003002427246949,0.20060048544938985,0.4439182160592079,0.9996806247329711,0.9998951537704468,5,0.00028572580337538067,0,0,0,0,0,0.9999776495790482,0.9998437030410766,2.26420504667,0.5660512616675,0.9998590810394288,0.999935285577774,1.0001301093196868,4
418e7d2d,updnet-ratio-100mice@20260703-200122,1,0.003,0.01,1,0.7028821706771851,0.7077284455299377,0.9160311419177056,0,0.2,0.2,0.2,0.2,0.8168333528733254,0.0839725671505928,1.00000809815987,0.200001619631974,0.4503820566630364,1.000005768070221,1.0001014096832277,5,1.548024244132042,0,0,0.2,0.2,0.2,0.8452077089047432,0.15958067906856538,1.985675344165807,0.1985675344165807,0.27922564131975175,0.9999936683273316,1.00001159740448,10,0.005861705608368739,0,0,0,0,0,0.9997931630706788,0.9977820975875854,3.641968118902028,0.1456787247560811,0.9994876248931884,0.9999989135360716,1.000004695186615,25,0.002335180206299192,0,0,0,0,0,0.9999592883682252,0.9983764751052856,1.8188540951440029,0.09094270475720016,0.9998318178749084,1.0000002546405793,1.0002297265625,20,0.9260033912277224,0,0.2,0.2,0.2,0.2,0.8148603541946411,0.0767583115196228,1.0059881691585468,0.20119763383170935,0.4455579979515076,0.9989377124404908,1.0000003202056884,5,0.00336710712432875,0,0,0,0,0,0.9991842074489592,0.9978933794593812,2.1666626126119155,0.5416656531529789,0.9983320636844636,0.9993697567081452,0.9998879118061066,4
81796eba,updnet-ratio-100mice@20260703-200122,1,0.003,0.01,1,0.708256185054779,0.7136983871459961,0.9411656369876864,0,0.2,0.2,0.2,0.2,0.8117687745189667,0.058906452188491824,1.0001532041921193,0.20003064083842387,0.4353183550930024,0.999991701374054,1.00000498128891,5,1.4757445239543916,0,0,0.2,0.2,0.2,0.8524325503206253,0.1994276208972931,1.9856692406073737,0.19856692406073737,0.3122903896665573,1.000000850687027,1.0000207169151307,10,0.0023594475936895565,0,0,0,0,0,0.9999151284790038,0.9991420371627808,3.698531264847341,0.14794125059389365,0.9996364100074768,0.9999999268150328,1.0000170095062255,25,0.5554939485740666,0,0,0.05,0.05,0.05,0.9722321195697784,0.4469755752182007,1.0089435554015496,0.05044717777007748,0.9991295440292358,0.9999995691871644,1.0000194413757324,20,0.9271114279937746,0,0.2,0.2,0.2,0.2,0.8146236045455932,0.073421226272583,1.0011497660124589,0.20022995320249176,0.44385486675262453,0.9999620182609558,1.0001252276992798,5,0.00094936391830458,0,0,0,0,0,0.999875785241127,0.9995080096817016,2.4585368327760846,0.6146342081940211,0.9995570404624938,0.9997713131999968,1.000278107652664,4
c165b687,updnet-ratio-100mice@20260703-200122,2,0.0003,0.01,0,0.7228577733039856,0.7144671082496643,2.9091264953157308,0.4,0.6,0.6,0.6,0.6,0.4181817554107309,0.015032789128124712,2.9990693053322364,0.5998138610664473,0.016168307902514934,0.05811654535889626,0.9999621970748902,5,2.78682520565629,0,0.2,0.3,0.4,0.4,0.721360746974349,0.03792559860110283,3.4262864981253034,0.34262864981253033,0.06483872627675533,0.9997027082538604,1.0000703318214417,10,1.408858508243561,0,0,0.08,0.08,0.08,0.9437994392013548,0.26912965012550355,2.013810394785341,0.08055241579141365,0.9974553330039978,1.0000014169311524,1.0006403548812868,25,2.1359198640346526,0,0,0.1,0.2,0.25,0.8932348309254646,0.13269229365348817,3.2693614893361485,0.16346807446680742,0.5628692133522034,0.9999755187129974,1.0000386221504212,20,1.0009161950170995,0.2,0.2,0.2,0.2,0.2,0.7998167609965801,0.022795063832998275,1.0489421495119746,0.20978842990239496,0.40988241044640544,0.9941124184226988,0.9958971126174926,5,0.00958726903915419,0,0,0,0,0,0.9978775097227096,0.9947967393493652,2.179070140243094,0.5447675350607735,0.9952027363872528,0.9978079958057404,1.000607894191742,4
1ad83f71,updnet-ratio-100mice@20260703-200122,2,0.0003,0.01,0,0.723869264125824,0.7163837552070618,3.5406104539602996,0.6,0.6,0.8,0.8,0.8,0.2918779092079401,0.011129691655039789,3.8539109196328,0.7707821839265601,0.012414341623187063,0.02055278366267681,0.7653352840042115,5,3.927585113081932,0,0.1,0.5,0.6,0.6,0.607241493294239,0.05406762791633606,5.2725802845010925,0.5272580284501093,0.1094757763838768,0.6015362156724929,0.9999899609184264,10,1.9458929075765616,0,0,0.08,0.12,0.12,0.9222256316041946,0.17871764434337617,2.9017172852664803,0.11606869141065922,0.7455471975898744,0.9999031288719176,1.0002023799514772,25,2.2246778558254245,0,0,0.1,0.2,0.25,0.8887836931443214,0.23230625821113587,3.5683369476716256,0.17841684738358127,0.49459961486816406,0.9997335238552092,1.0000410420989991,20,0.9793124295091632,0.2,0.2,0.2,0.2,0.2,0.8041492415761947,0.022462756762504577,1.0036338300002086,0.20072676600004172,0.4130612744188309,0.999595747718811,0.9999031884765626,5,0.002995187721252623,0,0,0,0,0,0.9992512030696868,0.9989034397697448,3.5159126539827428,0.8789781634956857,0.9989517016506194,0.999256060848236,0.9995468182659148,4
3dcb9217,updnet-ratio-100mice@20260703-200122,2,0.0003,0.01,1,0.7161039113998413,0.7178652882575989,1.9733880705451967,0.4,0.4,0.4,0.4,0.4,0.6053255064582825,0.01009264534175396,2.000009671372813,0.40000193427456254,0.01266941523015499,0.9999896748161315,1.00000737739563,5,2.594299569251538,0,0.1,0.3,0.4,0.4,0.7405722728168964,0.05994754416704178,3.2519158733023374,0.32519158733023373,0.12116083113312724,0.9999967379665374,1.0000067634677887,10,0.5838285337448126,0,0,0.04,0.04,0.04,0.97666696144104,0.42512528730392457,1.0313214466552594,0.04125285786621038,0.9975549204444883,0.9999986751174926,1.0000586373901368,25,2.651634166693688,0,0,0.15,0.25,0.25,0.8674184164202213,0.1184300495481491,3.8730295975790487,0.19365147987895245,0.32378289831638335,0.9999913437461851,1.0000004692173006,20,1.8367980367755892,0.2,0.2,0.4,0.4,0.4,0.6328009648418427,0.023368121514320373,1.9953985848936164,0.3990797169787233,0.07062809599399568,0.9984268410301208,1.000437293777466,5,0.002076070518493789,0,0,0,0,0,0.9996318979358674,0.9988260133361816,2.293484736024474,0.5733711840061185,0.998977808485031,0.9995489580726624,1.0003523392772675,4
2408e539,updnet-ratio-100mice@20260703-200122,2,0.0003,0.01,1,0.7159115672111511,0.7151371240615845,2.8814821799707415,0.4,0.6,0.6,0.6,0.6,0.4237470818853379,0.01729748343884945,2.9969023967294897,0.5993804793458979,0.017596980387568472,0.08317411077976226,1.0001295192337036,5,4.233473402667642,0.1,0.2,0.5,0.5,0.6,0.5766529206356406,0.020077332312464714,4.983929733128072,0.4983929733128072,0.08286243567079306,0.6700147850608825,1.0000002486801147,10,0.706206807222367,0,0,0.04,0.04,0.04,0.9720343537425994,0.3063287301158905,1.0364054235232152,0.04145621694092861,0.997745285758972,0.9999985559082032,1.0006823642349243,25,2.653144178504944,0,0,0.15,0.25,0.25,0.8674404544925689,0.11728136373519896,3.718279815378791,0.1859139907689396,0.2687019927597046,0.999679998884201,1.000290213356018,20,1.9026304406535628,0.2,0.4,0.4,0.4,0.4,0.6199773272669316,0.026355107704401016,2.003898053886291,0.4007796107772582,0.04519410190939903,0.9975618584251404,1.0013244254684448,5,0.01105200716018695,0,0,0,0,0,0.9972369982099532,0.9956962926483154,3.061462668674112,0.7653656671685279,0.9959751350975036,0.9967363340950012,0.9988993926143646,4
0d674875,updnet-ratio-100mice@20260703-200122,2,0.001,0.01,0,0.7211978435516357,0.7149913311004639,1.9261039418590071,0,0.4,0.4,0.4,0.4,0.614788432995081,0.03567744551062584,2.0002887822929822,0.4000577564585964,0.03675027994275094,0.9998590810394288,1.000023971328735,5,2.207412965121269,0,0,0.3,0.3,0.3,0.7793071566319465,0.12551342082977296,2.881842475457227,0.2881842475457227,0.17824139876127243,0.9999925656414032,1.0001782400703432,10,0.4218120688056952,0,0,0,0.04,0.04,0.983174141178131,0.5857694609260559,1.0368724420211697,0.041474897680846785,0.998594461212158,0.9999974234199523,1.0002255780792235,25,0.8267229176712041,0,0,0.05,0.05,0.05,0.958735893497467,0.18941120935440064,1.0399578332445982,0.051997891662229914,0.9969249589538574,0.9999988241291046,1.000287626514435,20,0.957831586084366,0,0.2,0.2,0.2,0.2,0.8087317271327972,0.044413940439224246,1.0047009204047457,0.2009401840809491,0.4258552117443085,0.9997582895851136,1.000885759124756,5,0.0016408509826661977,0,0,0,0,0,0.9995897872543336,0.9992497427558898,2.649354515449559,0.6623386288623897,0.9992845399475098,0.999571071395874,0.9999100072479248,4
2fea9734,updnet-ratio-100mice@20260703-200122,2,0.001,0.01,0,0.7204686403274536,0.7178251147270203,2.852250712296963,0.2,0.6,0.6,0.6,0.6,0.4295532165265083,0.027003606239557262,2.998046692547316,0.5996093385094632,0.031058119813203812,0.08363584561109542,0.999998055229187,5,2.184130674295425,0,0,0.3,0.3,0.3,0.7817115081644058,0.1381163759326935,2.9467062447333037,0.29467062447333037,0.20530238581657412,0.999997095594406,1.0002185566520692,10,1.1219676521682749,0,0,0.04,0.08,0.08,0.9551568682289122,0.32243906093597413,1.947989513337668,0.07791958053350671,0.9952685458755492,0.9999880654907226,1.000073681602478,25,0.5532091561698919,0,0,0,0.05,0.1,0.9724524242973328,0.5400260551071167,1.4294200729524622,0.07147100364762311,0.9716389818286896,0.999999628791809,1.0002509219741822,20,0.9628837316548826,0,0.2,0.2,0.2,0.2,0.8074315717613697,0.04102899638772011,1.008169274414577,0.20163385488291535,0.42365086732268337,0.9991900189018248,0.9997503860092164,5,0.0012445125389100031,0,0,0,0,0,0.9998682750558854,0.9992021782493592,1.8525296006234808,0.4631324001558702,0.9993075175380708,0.999836729297638,1.000454269180298,4
686d58ad,updnet-ratio-100mice@20260703-200122,2,0.001,0.01,1,0.7130299806594849,0.7156121134757996,1.9325463093477488,0,0.4,0.4,0.4,0.4,0.6135426337069274,0.030061222071051597,1.9999712180925833,0.39999424361851665,0.03299372067511082,1.0000390870666505,1.000110302696228,5,2.20966654355526,0,0,0.3,0.3,0.3,0.779098981449604,0.12409681213855744,2.8905825826046425,0.2890582582604643,0.19751878363847733,0.9999998076057436,1.0001272065734863,10,0.4796279917716987,0,0,0,0.04,0.04,0.9808535034751892,0.5218093259429931,1.0060185679145677,0.040240742716582706,0.9997302396392822,0.9999998076057434,1.000160752067566,25,0.847599657082558,0,0,0.05,0.05,0.1,0.9576849704778194,0.2131331278181076,1.155339576786662,0.05776697883933309,0.9865991993045806,0.9999997480010988,1.0000279767608644,20,0.9644247836685182,0,0.2,0.2,0.2,0.2,0.8074542863464356,0.04003732038497925,1.0093100153204333,0.20186200306408664,0.42328331304550176,0.998205707798004,1.0006896836853028,5,0.0010912229728700096,0,0,0,0,0,0.9997296942567824,0.9996206028556824,2.995526202177393,0.7488815505443482,0.9996244652366638,0.9996440870857238,0.9999034090137482,4
46df8297,updnet-ratio-100mice@20260703-200122,2,0.001,0.01,1,0.713306188583374,0.7169293761253357,2.8767760840666297,0.4,0.6,0.6,0.6,0.6,0.42464667318224913,0.0236421110278368,2.998615457240629,0.5997230914481257,0.026012683117985727,0.07001326365232467,1.0000048859214783,5,2.163238933377266,0,0,0.3,0.3,0.3,0.7836906282401085,0.14574588967323304,2.9127519443793783,0.2912751944379378,0.2176016388630867,0.9999370141124724,1.0000150425529482,10,1.2086364468383797,0,0,0.04,0.08,0.08,0.9516864044761656,0.29192994667053224,1.947742099742096,0.07790968398968383,0.9992877943611144,1.000000165233612,1.0001038177108763,25,0.4779999829483038,0,0,0,0.05,0.05,0.97611145509243,0.5274242026901245,1.0230513532442314,0.051152567662211566,0.9983591122722624,0.9999934597110748,1.0000449521636965,20,0.9620283030986788,0,0.2,0.2,0.2,0.2,0.8075943393802643,0.03887833786964417,1.0018870673087483,0.20037741346174967,0.4230847640132904,0.9997897608375548,0.9999624831771852,5,0.0016305989837648305,0,0,0,0,0,0.9995923502540588,0.9994335634803772,3.598109491689408,0.899527372922352,0.999459509382248,0.9995677335357666,0.9997448845005036,4
ced0f761,updnet-ratio-100mice@20260703-200122,2,0.003,0.01,0,0.7104917764663696,0.7084583640098572,0.9237132940101624,0,0.2,0.2,0.2,0.2,0.8152729375457763,0.07632087303161621,1.000073980326575,0.200014796065315,0.44577885700225833,1.000009463558197,1.0000384910202027,5,1.51281384727478,0,0,0.2,0.2,0.2,0.8488102955913543,0.19873942566871644,1.9935273581629107,0.1993527358162911,0.27967105937957765,1.0000005824661256,1.00026634765625,10,0.0026203507041937524,0,0,0,0,0,0.9999715025520324,0.9988468153572082,3.6308802782427954,0.14523521112971183,0.9997123820877076,0.999999628791809,1.0001966579055788,25,0.0016727153205876588,0,0,0,0,0,0.9999714030122756,0.9993020756340026,4.199850841115042,0.2099925420557521,0.9998185141181946,0.9999998076057434,1.000232682952881,20,0.9323425673961642,0,0.2,0.2,0.2,0.2,0.8135314865207672,0.07086314393043518,1.0069061469219749,0.20138122938439496,0.44163480235099795,0.999437855014801,0.9997829301452636,5,1.6464462280318948e-05,0,0,0,0,0,1.0002379579639435,0.9999835355377196,1,0.25,0.999994622001648,1.0002251131629945,1.0004915697669985,4
6d32af0d,updnet-ratio-100mice@20260703-200122,2,0.003,0.01,0,0.7168108820915222,0.7122333645820618,0.9456405190241338,0,0.2,0.2,0.2,0.2,0.81087570546031,0.05437065420508385,1.000023631338426,0.20000472626768523,0.4326184770262242,0.999998615512848,1.0000095708465575,5,1.494924861226082,0,0,0.2,0.2,0.2,0.850507530400753,0.19813966883182527,1.9898917187061556,0.19898917187061552,0.2962130991911888,0.999998853931427,0.9999998970127104,10,0.0030768951225286223,0,0,0,0,0,0.9998802669143676,0.9988968832588196,3.479689481130706,0.13918757924522823,0.999513481388092,1.000000165233612,1.0000022513961793,25,0.5937476705074316,0,0,0.05,0.05,0.05,0.9703147439455986,0.4094232483005524,1.0107464394134222,0.05053732197067111,0.9994593901729584,0.9999990029430388,1.0000017089939115,20,0.9297024059700968,0,0.2,0.2,0.2,0.2,0.8142801670527458,0.070397564599514,1.0002150824151217,0.20004301648302433,0.4421985505318642,1.000176416168213,1.0004915816879274,5,0.00019088123321542305,0,0,0,0,0,1.0000741345977784,0.999821589717865,1.1391210563933385,0.28478026409833457,0.9998713715171812,1.0000509781932831,1.0002954228019716,4
45646c46,updnet-ratio-100mice@20260703-200122,2,0.003,0.01,1,0.7031940221786499,0.7082459926605225,0.9229328430509568,0,0.2,0.2,0.2,0.2,0.815444518456459,0.07725227011203765,1.0004012422305943,0.20008024844611888,0.446313877234459,0.9999110562896728,1.000092278251648,5,1.5275087575340272,0,0,0.2,0.2,0.2,0.8472736282444,0.17699588967323304,1.9885569928856683,0.19885569928856683,0.2838420076465607,0.9999953074550628,1.0000276072120666,10,0.003033392028809367,0,0,0,0,0,0.9998880035972594,0.9992937905883787,6.4134716749993705,0.2565388669999748,0.999592839012146,0.999998317489624,1.0000091178512571,25,0.0018410931587226065,0,0,0,0,0,0.9999453677034378,0.9994437558746336,4.521511767320009,0.22607558836600045,0.9996997757053376,0.9999987943267822,1.0000668270683288,20,0.9311302251434328,0,0.2,0.2,0.2,0.2,0.8138255221939087,0.07247780395507812,1.0077887311225264,0.20155774622450529,0.4426862580871582,0.998962865600586,0.9999267680740356,5,6.285045623788399e-05,0,0,0,0,0,1.0001288814640046,0.9999523623085022,1.5795804613005424,0.3948951153251356,0.9999620897865296,1.0001340074634553,1.000291572341919,4
006ba610,updnet-ratio-100mice@20260703-200122,2,0.003,0.01,1,0.7032142877578735,0.7083052396774292,0.9300155126571658,0,0.2,0.2,0.2,0.2,0.8139968974685668,0.07001982761383056,1.0000760030266056,0.20001520060532113,0.44200318885803225,0.9999945623970032,0.9999959929084776,5,1.476213536682129,0,0,0.2,0.2,0.2,0.8523868246173858,0.20268540216445924,1.987253151647934,0.1987253151647934,0.3092741353607178,0.9999993307685852,1.000011120567322,10,0.0022842182350162332,0,0,0,0,0,0.999921148548126,0.9992012245750428,3.8871119489974815,0.15548447795989925,0.9995603544807432,1.0000003440475465,1.000025377998352,25,0.0015071336174016237,0,0,0,0,0,0.999931616911888,0.9986185295677183,1.1877040153812777,0.059385200769063874,0.9999647958374024,0.9999998970127104,1.000004343519211,20,0.924760938537121,0,0.2,0.2,0.2,0.2,0.8150478122925758,0.07575952393770218,1.001126469574439,0.2002252939148878,0.4453661589121819,0.9998686177825928,0.9999226434326172,5,0.0004908578300476529,0,0,0,0,0,1.0000511421060565,0.9995091421699523,1,0.25,0.9997055335140228,1.0002054436302186,1.00027330947876,4
cace9bc8,updnet-ratio-100mice@20260703-200122,5,0.0003,0.01,0,0.7240039706230164,0.7170841693878174,1.9704184073445203,0.4,0.4,0.4,0.4,0.4,0.6059477843514085,0.011752555536329746,2.000433586159457,0.40008671723189143,0.014272608252465725,0.9997763497924804,1.0000920398330688,5,2.8062631089574097,0.1,0.2,0.3,0.4,0.4,0.7193978395482897,0.029388199949860572,3.393389610307454,0.3393389610307454,0.05088980162352324,0.9999964399433136,1.0000240845775603,10,0.4274070594787607,0,0,0,0.04,0.04,0.9829131205177306,0.5813628299331665,1.0422424434752733,0.041689697739010934,0.9985498650169372,0.9999954564666748,1.0000101668930057,25,2.5321839319705965,0,0,0.15,0.2,0.2,0.8734219161963462,0.1123543841934204,3.5474525208273437,0.1773726260413672,0.33041575683116914,0.9999999566173554,1.0000473363494873,20,1.8427394208580252,0.2,0.2,0.4,0.4,0.4,0.6314521158283949,0.020092315430045127,2.031994834914903,0.4063989669829806,0.07486486306250095,0.983485387096405,0.9986254794692992,5,0.017130906066894713,0,0,0,0,0,0.9957172734832764,0.9880161149597168,1.8479936662582936,0.46199841656457336,0.990501020679474,0.9975513978099824,0.999466226825714,4
f51ea643,updnet-ratio-100mice@20260703-200122,5,0.0003,0.01,0,0.7241891026496887,0.7156735062599182,1.975089049271345,0.4,0.4,0.4,0.4,0.4,0.6049869081175328,0.009945267269611358,2.000033488732223,0.4000066977464446,0.01196262372493744,0.9999880654907226,1.000009737739563,5,2.679316580904722,0,0.1,0.3,0.4,0.4,0.732068434560895,0.04310888556599617,3.3793864085732976,0.3379386408573298,0.11555654128849506,0.9999893171882628,1.000000177154541,10,0.007059130477906184,0,0,0,0,0,0.999723580608368,0.9966251714324952,3.369492309888745,0.1347796923955498,0.9991710169410704,0.999997781047821,1.0000066144561768,25,2.71677405641079,0,0,0.15,0.25,0.25,0.8642036995089054,0.11179727447986602,3.90698092579261,0.1953490462896305,0.2851941747760773,0.9999985559082032,1.000003246793747,20,1.8355479038572309,0.2,0.2,0.4,0.4,0.4,0.6330073846673966,0.02196000648498535,1.9923279082509848,0.3984655816501969,0.07035409642219544,0.9997362954711914,1.000275121459961,5,0.0044827868652345115,0,0,0,0,0,0.9988934261894228,0.9973441822624206,2.278808730427489,0.5697021826068722,0.9978011233901976,0.9990865154361724,0.9998312575912476,4
e33962db,updnet-ratio-100mice@20260703-200122,5,0.0003,0.01,1,0.7152490615844727,0.7124109268188477,1.9717094547367096,0.4,0.4,0.4,0.4,0.4,0.6056649727916719,0.013071601668596267,2.000506348519467,0.4001012697038934,0.014030947366952895,0.9998320801353454,0.9999873502349854,5,2.5454207456922533,0,0.2,0.3,0.3,0.3,0.7455273090100288,0.04006751758813858,2.9610605072471734,0.29610605072471735,0.0720935492014885,1.0000064833259583,1.0001763208007812,10,0.007649928703308606,0,0,0,0,0,0.9999428279495238,0.996015892753601,2.784413536145653,0.11137654144582612,0.9992692573165892,1.0000005824661256,1.000408373603821,25,2.7627668020391467,0,0,0.15,0.25,0.25,0.8618765643036366,0.10454115403652192,3.947618395073043,0.19738091975365216,0.2944101823663712,0.9999429447746276,1.0000687463378908,20,1.8561926306307317,0.2,0.2,0.4,0.4,0.4,0.6287614738738536,0.021630240062475204,2.0059334015425576,0.4011866803085115,0.06417335478425026,0.9963984949684144,0.999103496799469,5,0.010077530822754088,0,0,0,0,0,0.9974806172943116,0.9958732588386536,2.822920016849296,0.705730004212324,0.9959204835987092,0.9971283240413664,0.9993225855922698,4
da46c05a,updnet-ratio-100mice@20260703-200122,5,0.0003,0.01,1,0.7156632542610168,0.7177592515945435,1.9748467968267205,0.4,0.4,0.4,0.4,0.4,0.6050329478627444,0.010026199201345443,1.9999990875829752,0.399999817516595,0.012068982253074644,0.9999938471412658,1.0000063998794555,5,2.5568091989576818,0,0.1,0.3,0.4,0.4,0.7443196753209829,0.04265749214053154,3.160373040620021,0.3160373040620021,0.13441645597875118,0.9999993605709075,1.000001428852081,10,0.010501396045685452,0,0,0,0,0,0.9995976502990722,0.9955459697341918,3.2521859433558062,0.13008743773423226,0.9986237509346008,0.999999867210388,1.0000377757644654,25,2.687541756067276,0,0,0.15,0.25,0.25,0.8656381068921088,0.10887192321777343,3.892029208930245,0.19460146044651225,0.3081457091665268,1.0000001056289674,1.0000189526176453,20,1.8479974706739188,0.2,0.2,0.4,0.4,0.4,0.6304005058652162,0.023113559389710422,2.0070297714887833,0.40140595429775666,0.06809707974851133,0.9953217370605468,0.999081741104126,5,0.007845098457336608,0,0,0,0,0,0.9980387253856658,0.9974673254585266,3.8032419661611465,0.9508104915402866,0.9975614888763428,0.9980308575725556,0.9985222561454772,4
4c2635cc,updnet-ratio-100mice@20260703-200122,5,0.001,0.01,0,0.7191900610923767,0.71363765001297,0.9729427623814346,0.2,0.2,0.2,0.2,0.2,0.8054133402353525,0.027098822796940803,1.00008548798039,0.200017097596078,0.416249370033145,0.9999913437461851,1.0000024302101136,5,1.6797830308699608,0,0.1,0.2,0.2,0.2,0.8320232590830325,0.0912512777543068,1.986698974825465,0.19866989748254657,0.21521586386322977,0.9999997181987762,1.0000043792819977,10,0.002903751926422893,0,0,0,0,0,0.9998880274391172,0.9988456232643128,4.250275501322281,0.17001102005289123,0.999594710597992,0.9999994499778748,1.000006066093445,25,1.2275414308357244,0,0,0.05,0.1,0.1,0.9386291099882126,0.1959881050682068,1.832252447054432,0.0916126223527216,0.9550506634807588,0.9999987347221374,1.0000245435333253,20,0.9612279010427,0,0.2,0.2,0.2,0.2,0.8077643564140796,0.0394936999475956,1.001502823262029,0.2003005646524058,0.4235414570367337,0.999665306339264,1.000027237663269,5,0.0021938357162476496,0,0,0,0,0,0.9995866878128052,0.9981601102447508,1.3710165113929762,0.34275412784824405,0.998605893383026,0.9998437626457216,1.0003618223762514,4
8d9faa61,updnet-ratio-100mice@20260703-200122,5,0.001,0.01,1,0.7128621935844421,0.7172199487686157,1.9374496311962608,0.2,0.4,0.4,0.4,0.4,0.6125100737607478,0.02950049696326256,2.0003505847218586,0.4000701169443717,0.030989595333337783,0.999909446964264,0.9999626381492616,5,2.1849658830595016,0,0,0.3,0.3,0.3,0.7815038381314278,0.14207302165985108,2.896402273212763,0.28964022732127626,0.20289244634866715,0.9999896748161315,1.000000749359131,10,0.003520128841400738,0,0,0,0,0,0.9999263007736204,0.9984446628189086,3.749200890494488,0.14996803561977953,0.999626241455078,0.9999999864196776,1.0002105338668823,25,0.855262695794106,0,0,0.05,0.05,0.1,0.957278213480711,0.2037414623594284,1.1487551175089097,0.05743775587544547,0.9893788142299652,0.999999628791809,1.0001773936843872,20,1.701124046844244,0,0.2,0.4,0.4,0.4,0.6597751906311512,0.042000343481302264,1.974906699685992,0.3949813399371984,0.12922021208167078,0.997439311275482,0.9996972782707214,5,0.001095560531616302,0,0,0,0,0,0.999794678220749,0.9993086917495728,1.8715146423476277,0.4678786605869069,0.9993948085403442,0.9998461468315124,1.0001533730125427,4
159eea2e,updnet-ratio-100mice@20260703-200122,5,0.001,0.01,1,0.7127634286880493,0.7143568992614746,1.942817858335376,0.2,0.4,0.4,0.4,0.4,0.6114364283329248,0.026187922263741493,2.0000440315235855,0.4000088063047171,0.028121400827765465,0.9999866945838928,0.9999939425086974,5,2.173017461462021,0,0,0.3,0.3,0.3,0.7826991273260117,0.14621216190814973,2.9053545569813477,0.29053545569813477,0.2173336697912216,0.9999973638153076,1.000003532896042,10,0.005920773811341151,0,0,0,0,0,0.9997683556175232,0.9969261748886108,3.0678643800931913,0.12271457520372764,0.999271462688446,0.9999965889549256,1.0000009400939942,25,0.8611593074750905,0,0,0.05,0.05,0.1,0.9569760134613514,0.20487517250537873,1.1665986190506357,0.058329930952531785,0.9911340816116332,0.9999980194664,1.000098036060333,20,1.7058535327625275,0,0.2,0.4,0.4,0.4,0.6589155001735688,0.04160072041511536,1.9726433580672544,0.3945286716134509,0.12653401328086855,0.9986117942428588,1.000222073326111,5,0.0004939248275758201,0,0,0,0,0,0.9999549253082276,0.999605820903778,1.5190495464639855,0.3797623866159964,0.9997057600116728,0.9999501271343232,1.0002079291439057,4
a1e95d8c,updnet-ratio-100mice@20260703-200122,5,0.003,0.01,0,0.7110143303871155,0.7083922624588013,0.9259457596659664,0,0.2,0.2,0.2,0.2,0.8148108480668068,0.0742992101407051,1.0005292971125217,0.2001058594225043,0.4445115713572502,0.999958501586914,0.9999838097190856,5,1.5349213239479065,0,0,0.2,0.2,0.2,0.8465080959892273,0.17646880579948426,1.989468981088748,0.1989468981088748,0.27742881608963016,0.9999983770942688,1.0000005824661256,10,0.001881624317169872,0,0,0,0,0,0.9999962432479856,0.9993361098861694,4.427278384269422,0.17709113537077686,0.9997656567192076,0.9999998076057434,1.000201640853882,25,0.0008509136390691951,0,0,0,0,0,0.9999679817056656,0.9995775683021544,2.875456470449029,0.14377282352245144,0.9998951835727692,0.9999993009662628,1.0000366075134275,20,0.9337889139962198,0,0.2,0.2,0.2,0.2,0.8133262304759026,0.06804681701421737,1.003941077955352,0.2007882155910704,0.44029681665658954,0.9994924528694152,1.0002198083496094,5,0.0002976195716858365,0,0,0,0,0,1.0002326680517195,0.9997023804283142,1,0.25,0.999824349412918,1.0002820952033995,1.0006014449691774,4
2c1d2ef5,updnet-ratio-100mice@20260703-200122,5,0.003,0.01,0,0.7157291173934937,0.7124456167221069,0.9449857854366304,0,0.2,0.2,0.2,0.2,0.8110028429126739,0.055086569318771365,1.0001531483245154,0.2000306296649031,0.433030693063736,0.9999912245368956,0.9999953253364564,5,1.4966895650053025,0,0,0.2,0.2,0.2,0.8503325401043892,0.19754150641918183,1.9896070952274512,0.1989607095227451,0.2949500439858437,0.9999998970127104,1.0000027163124086,10,0.0015073478889473524,0,0,0,0,0,0.9999406607246398,0.9992093904113768,2.739814832082556,0.10959259328330224,0.999900387058258,0.9999995691871644,1.0000011189079283,25,0.5850833820343021,0,0,0.05,0.05,0.05,0.970750595459938,0.4159741861915589,1.003623757533973,0.05018118787669865,0.9996208889579772,0.9999996585941316,1.0000072224235534,20,0.931797782263756,0,0.2,0.2,0.2,0.2,0.81366866959095,0.06843537224292755,1.0005006068376237,0.20010012136752472,0.4410248352384568,0.9999281032180786,1.0000565631484986,5,0.00018794702529911775,0,0,0,0,0,1.000077248940468,0.9998120529747008,1,0.25,0.9999103827571868,1.0001443488693238,1.000190435180664,4
81a9f5f2,updnet-ratio-100mice@20260703-200122,5,0.003,0.01,1,0.7032073140144348,0.7082924246788025,0.9226740050721168,0,0.2,0.2,0.2,0.2,0.8155106811022759,0.07739061994314193,1.0001400918229073,0.20002801836458145,0.4464085219597817,1.0000440938568116,1.0000977857208253,5,1.4922024203968047,0,0,0.2,0.2,0.2,0.8508005811071395,0.19447328282356263,1.9876682989381076,0.19876682989381075,0.3015411390161514,0.99999539686203,1.0000602943992616,10,0.0004507604980473756,0,0,0,0,0,1.0000829870796202,0.999684916267395,1.8902887108979975,0.07561154843591991,0.9999772770500184,1.000000165233612,1.0003916843032838,25,0.005912645702362607,0,0,0,0,0,0.9997171892023088,0.9975522620773316,3.166776850906007,0.15833884254530034,0.9986988885498046,0.9999992711639404,1.000007520446777,20,0.924990717084408,0,0.2,0.2,0.2,0.2,0.8151656447148323,0.07577159387826919,1.0016499420356593,0.20032998840713184,0.4452801315283776,0.9996947510337828,1.000472794303894,5,0.004363114318847838,0,0,0,0,0,0.998909221420288,0.997095392475128,2.016079947218993,0.5040199868047482,0.9976899309253692,0.9993681771850584,0.9997613473033904,4
c0d18a94,updnet-ratio-100mice@20260703-200122,5,0.003,0.01,1,0.7032527327537537,0.7083761096000671,0.9287097177720072,0,0.2,0.2,0.2,0.2,0.8142582087016106,0.07135505361318588,1.000139498127893,0.2000278996255786,0.44279235584497456,0.9999871118164062,1.0000003798103332,5,1.4915685087776185,0,0,0.2,0.2,0.2,0.8508431596851349,0.19577054811477665,1.9880415872638049,0.1988041587263805,0.30106388164520265,0.9999918503856658,0.9999999446964264,10,0.00043433677673399007,0,0,0,0,0,1.000005906352997,0.999803827533722,3.31505413968338,0.1326021655873352,0.9999358875846862,0.9999999864196776,1.0000937802886964,25,0.0011714213943487817,0,0,0,0,0,0.99996057284832,0.9994161589241028,2.5673413917936143,0.12836706958968072,0.999864165315628,0.9999984963035584,1.0000032885169985,20,0.9221300307321548,0,0.2,0.2,0.2,0.2,0.8157177640295028,0.07815483344554901,1.000618030360927,0.20012360607218532,0.4467789543962479,1.000003622303009,1.0004179341888428,5,0.00020029876708993477,0,0,0,0,0,0.9999533010816576,0.9998275501823424,1.314771383167698,0.32869284579192454,0.99987093044281,0.999986634979248,1.0000090046024324,4
07fc89ee,updnet-ratio-100mice@20260703-200122,10,0.0003,0.01,0,0.7243005037307739,0.7150723934173584,1.9742744838139417,0.4,0.4,0.4,0.4,0.4,0.6051511325111985,0.011041570844352243,2.000005663043112,0.40000113260862247,0.012500987218916416,0.9999967677688598,1.000016914138794,5,2.6724626095116135,0,0.1,0.3,0.4,0.4,0.7327547574585676,0.04355031011462212,3.400068359830409,0.34000683598304093,0.12837663536727428,0.9999994499778748,1.0000019891357423,10,0.002770283546448482,0,0,0,0,0,0.9999347169494628,0.9985850317573548,2.904857374918888,0.11619429499675551,0.9998282773590088,0.999999092350006,1.000089870223999,25,2.615502665495873,0,0,0.15,0.25,0.25,0.8692275216972828,0.11452859772205352,3.730891735426556,0.1865445867713278,0.29985472393989565,0.9999911053276062,1.00000076128006,20,1.8253365670412776,0.2,0.2,0.4,0.4,0.4,0.6349326865917444,0.0228794099932909,1.995817682163877,0.39916353643277536,0.0755797201937437,0.9987165196037292,0.999277041683197,5,0.0068751980972291404,0,0,0,0,0,0.9985926015472412,0.9961157901382446,2.3718313874011843,0.5929578468502961,0.9967035515403748,0.9985045058822632,1.00055212808609,4
25cebd13,updnet-ratio-100mice@20260703-200122,10,0.0003,0.01,1,0.7151609659194946,0.716098427772522,1.9676763735032083,0.4,0.4,0.4,0.4,0.4,0.6064755944705009,0.014936817268133165,2.000587037260224,0.4001174074520448,0.016033077815771103,0.999722586402893,1.0000273091888428,5,2.6786315087902546,0,0.2,0.3,0.4,0.4,0.7321377927607298,0.03606493530631066,3.2138833133818605,0.32138833133818606,0.07536336427390575,0.9999913735485076,1.0000043971633912,10,0.006423663482666653,0,0,0,0,0,0.9998223598098754,0.997535155544281,4.001763283988699,0.16007053135954796,0.9991084439849852,0.9999996883964538,1.0002340419387818,25,2.610070939395428,0,0,0.15,0.2,0.2,0.8695474969393014,0.10334622246980668,3.5716912295929757,0.1785845614796488,0.29224878383636477,1.0000001950359343,1.0001865727996826,20,1.8545203683048488,0.2,0.2,0.4,0.4,0.4,0.6290959263390302,0.0236157098954916,2.0293740286582964,0.4058748057316593,0.06978370716631413,0.9886950714683532,0.9972412808036804,5,0.00865837667465219,0,0,0,0,0,0.998808742890358,0.9934372170066832,1.579538695158035,0.3948846737895088,0.9947773738002776,0.9996454579925538,1.0021707398986817,4
0e8f2910,updnet-ratio-100mice@20260703-200122,10,0.0003,0.01,1,0.7152720093727112,0.7178705334663391,1.975562672045827,0.4,0.4,0.4,0.4,0.4,0.6048874655908346,0.009820329414904115,2.000030187730164,0.4000060375460328,0.011747310327589511,0.9999873502349852,0.9999964339828492,5,2.5731179893350604,0,0.1,0.3,0.4,0.4,0.7426883427596092,0.04724751544952393,3.1939541444070363,0.31939541444070363,0.13524520082235336,0.9999980790710448,0.9999996466732024,10,0.004270215568543345,0,0,0,0,0,0.9998398406600952,0.9984522326087952,4.053203743329183,0.16212814973316733,0.9992703182792664,0.9999992711639404,1.0000113113021851,25,2.6317224913692474,0,0,0.15,0.25,0.25,0.8684186844325066,0.10873629284858705,3.9209479629669666,0.19604739814834832,0.3527763886547089,0.9999978704547882,1.0000073177909852,20,1.852918405932188,0.2,0.2,0.4,0.4,0.4,0.6294163188135624,0.02380772439599037,2.0002084241464124,0.4000416848292825,0.06476624069571496,0.9985390765762328,0.9993588192558288,5,0.0046608395195009145,0,0,0,0,0,0.9988347901201248,0.9974623782730102,2.622406951589057,0.6556017378972643,0.9979307277297972,0.9990543289279936,0.9995632214641572,4
e688aa7c,updnet-ratio-100mice-mult10-supp@20260706-093606,10,0.0003,0.01,1,0.7142136096954346,0.7153736352920532,1.9698777038094404,0.4,0.4,0.4,0.4,0.4,0.6060362316837907,0.014712854678034782,2.000078299554582,0.4000156599109164,0.0150069682097435,0.9999613030052183,1.000035248527527,5,2.741620672155023,0.1,0.2,0.3,0.4,0.4,0.7258380089125037,0.026137925142645835,3.282159609561881,0.3282159609561881,0.06084177533000707,0.9999444944953918,0.9999992055988312,10,0.001771003379822278,0,0,0,0,0,1.0000253017044067,0.9992833001708984,3.2573466150384394,0.13029386460153758,0.9997223837471008,1.000000224838257,1.0002418620681763,25,1.9007151314473156,0,0,0.1,0.15,0.15,0.9052240738815068,0.10744408650159835,2.566314061069887,0.12831570305349435,0.67913717461586,0.9999969167804718,1.000229011306763,20,1.8492135153234008,0.2,0.2,0.4,0.4,0.4,0.6301572969353199,0.023435552994012832,2.0078030614291804,0.40156061228583606,0.06777784285902978,0.9960611922836304,0.9986166222190856,5,0.006603639335632461,0,0,0,0,0,0.9985301060771942,0.9963324530220032,2.3729658887114176,0.5932414721778544,0.996825836429596,0.9985319538211822,1.000232897529602,4
bc2bbd3b,updnet-ratio-100mice-mult10-supp@20260706-093606,10,0.0003,0.01,1,0.7156339287757874,0.7143205404281616,1.9735099372875693,0.4,0.4,0.4,0.4,0.4,0.6053029066121579,0.011704478802382946,2.0000103507555176,0.4000020701511035,0.012939930351674556,0.999992476234436,1.000013170967102,5,2.6031540366733075,0,0.1,0.3,0.4,0.4,0.7396893890744447,0.03911169377923012,3.240547511071278,0.3240547511071278,0.13311760445892812,0.999999867210388,1.0000071508979798,10,0.005418683147431103,0,0,0,0,0,0.999785125980377,0.9983137114143372,4.742641032484033,0.18970564129936132,0.9994461996650696,0.999998317489624,1.000004242191315,25,2.6378203371024136,0,0,0.15,0.25,0.25,0.868110332096219,0.11168547851800918,3.877400122114824,0.1938700061057412,0.3320282263851166,0.9999985857105256,1.000005255470276,20,1.8450974346220497,0.2,0.2,0.4,0.4,0.4,0.6309805130755901,0.023861674050092697,2.0026848807796327,0.40053697615592654,0.06858791617512704,0.9970977170562744,0.9992349131202696,5,0.00590681501388568,0,0,0,0,0,0.9985232962465286,0.9966885311698912,2.545606403325166,0.6364016008312915,0.9972544415092468,0.998939351568222,0.9994593067264556,4
fbb24a93,updnet-ratio-100mice@20260703-200122,10,0.001,0.01,0,0.7215108871459961,0.7178778052330017,1.9376181976360085,0.2,0.4,0.4,0.4,0.4,0.6124800028449298,0.0276588047093153,1.9999858265182295,0.39999716530364593,0.03048689534723759,0.9999939663505554,1.0000102145767211,5,2.1648181461811062,0,0,0.3,0.3,0.3,0.7835219873285293,0.14439243210315705,2.9287384378054164,0.29287384378054165,0.2119470311498642,0.9999912543392182,1.0000116570091249,10,0.0010013693428045922,0,0,0,0,0,0.9999853046035766,0.999533103237152,2.649000385771106,0.10596001543084424,0.999930654296875,0.999999867210388,1.0000645740127565,25,0.8024994151830677,0,0,0.05,0.05,0.05,0.9598992040550708,0.21401447189807893,1.042296867267832,0.0521148433633916,0.9948034269905088,0.9999998672103882,1.0000529391860962,20,1.6548301809549333,0,0.2,0.4,0.4,0.4,0.6690339638090134,0.04243508113384247,1.9557543415168628,0.39115086830337253,0.1473888529634476,0.9991500241851806,0.9994159562683104,5,0.001679520816803115,0,0,0,0,0,0.999612809548378,0.9990848167037965,2.1398317670326237,0.5349579417581559,0.9991526050662994,0.9996178312397004,1.0000689966773988,4
dc06c0a5,updnet-ratio-100mice-mult10-supp@20260706-093606,10,0.001,0.01,0,0.7210493683815002,0.7175657749176025,1.9363831619983911,0.2,0.4,0.4,0.4,0.4,0.6127244020050765,0.028430181944966316,2.00000355827102,0.400000711654204,0.031138194555640222,0.9999918801879882,1.0000009281730653,5,2.1551547242832183,0,0,0.3,0.3,0.3,0.7844865514135361,0.14810271693229676,2.9138442854873174,0.29138442854873176,0.2098651392555237,0.9999968869781494,1.0000030620193483,10,0.0014761014747627366,0,0,0,0,0,0.9999480326271056,0.9994363052940368,3.802380625860635,0.1520952250344254,0.9997925860977172,0.999999628791809,1.0000172717666629,25,0.8026796000242237,0,0,0.05,0.05,0.05,0.9598755171692372,0.21819043291568757,1.0538532994720218,0.05269266497360109,0.9931986315345764,0.9999996287918091,1.0000312073326112,20,1.661809255284071,0,0.2,0.4,0.4,0.4,0.6676381489431857,0.040460025349855426,1.9581988556876595,0.391639771137532,0.14440167305827142,0.9983033402061462,0.9996099932289124,5,0.0003155009651184537,0,0,0,0,0,0.9999486221170426,0.9996844990348815,1,0.25,0.9997821493244172,1.0000161988830567,1.0000610334968567,4
04073e9f,updnet-ratio-100mice@20260703-200122,10,0.001,0.01,1,0.7131882905960083,0.714602530002594,1.939315839043856,0.2,0.4,0.4,0.4,0.4,0.612150753120184,0.029046547988653183,2.000422290800904,0.4000844581601808,0.03016566840767861,0.9998800618743896,1.0000070436096191,5,2.2138051433992385,0,0,0.3,0.3,0.3,0.778688648173809,0.1385809047317505,2.9026146273791884,0.29026146273791886,0.1913537828421593,0.9999942643737793,1.000183020362854,10,0.003783960876465709,0,0,0,0,0,0.9998537762260435,0.99910907579422,6.150652953698297,0.24602611814793188,0.9994426710700988,0.9999954564666748,1.0000042660331727,25,0.8566115760660177,0,0,0.05,0.05,0.1,0.957202739099264,0.20054981244564055,1.1443738052870465,0.05721869026435232,0.9902512235736848,0.999998466501236,1.0000513060188294,20,1.721408845077753,0,0.2,0.4,0.4,0.4,0.6558240806853772,0.039983881095647815,1.97372281176685,0.39474456235337,0.11943323818802834,1.0000529153442383,1.0002463681793214,5,0.004117543182373229,0,0,0,0,0,0.9989706142044068,0.9986458284950256,3.5241760955665633,0.8810440238916408,0.998650763759613,0.9988283975219726,0.9994042379951475,4
ececb4c7,updnet-ratio-100mice@20260703-200122,10,0.001,0.01,1,0.7126758098602295,0.71751469373703,1.946318470246196,0.4,0.4,0.4,0.4,0.4,0.6107363389974833,0.024268412420749664,2.0000387377305624,0.40000774754611246,0.026336581090688704,0.9999750716781616,0.9999997837638857,5,2.1677473717451092,0,0,0.3,0.3,0.3,0.7832497893071174,0.14785640073776246,2.906302394933576,0.29063023949335764,0.22149021310567857,0.9999998970127106,1.000028310546875,10,0.000989870929718473,0,0,0,0,0,0.9999845059013366,0.9996352655982972,3.891952492541172,0.1556780997016469,0.9998422606086732,1.000000701675415,1.0000693662261964,25,0.8610750251865392,0,0,0.05,0.05,0.1,0.9569766877388954,0.20308961106300355,1.1620519315471671,0.058102596577358355,0.9890541238880156,0.999996320734024,1.000019161233902,20,1.703374457460642,0,0.2,0.4,0.4,0.4,0.6593251085078716,0.042169911245107654,1.971447893726609,0.3942895787453218,0.1274928888475895,0.999216244945526,0.999892435798645,5,0.0007558736610413508,0,0,0,0,0,0.999861867556572,0.9995771510696412,1.9721498082382949,0.49303745205957367,0.999604098329544,0.9998783631420136,1.0001064403152466,4
e9514296,updnet-ratio-100mice-mult10-supp@20260706-093606,10,0.001,0.01,1,0.7126975059509277,0.7189240455627441,1.9413053029298784,0.2,0.4,0.4,0.4,0.4,0.6117389394140244,0.02713208777666092,2.000071396347151,0.4000142792694302,0.028920215198993685,0.999977873096466,0.9999920709228516,5,2.16999702589035,0,0,0.3,0.3,0.3,0.7830011410808563,0.14072600139141084,2.899700228399909,0.2899700228399909,0.220403380522728,0.9999965889549256,1.0000019772148132,10,0.0015576866531379352,0,0,0,0,0,0.9999397428131104,0.9992848498916626,3.7829914603327,0.151319658413308,0.9998359544372558,0.9999989731407164,1.0000058157539369,25,0.848639804158211,0,0,0.05,0.05,0.1,0.9576637482440472,0.2052613211965561,1.1359760848579823,0.05679880424289911,0.9923238320446014,1.0000003738498688,1.0001212699508668,20,1.7081443428313734,0,0.2,0.4,0.4,0.4,0.6583974501287938,0.04364672807812691,1.9734185628713632,0.39468371257427265,0.12581036446452143,0.999291883239746,1.0000234468078613,5,0.0008634140205384666,0,0,0,0,0,0.9998146904802324,0.9993653161621092,1.7364228943048745,0.4341057235762186,0.9995175047016144,0.999885634908676,1.000055120716095,4
f779f199,updnet-ratio-100mice-mult10-supp@20260706-093606,10,0.001,0.01,1,0.7098159790039062,0.7102940678596497,0.9717195039445162,0.2,0.2,0.2,0.2,0.2,0.805699075216651,0.028280496055483818,1,0.2,0.4169752540236713,1.0000265700912476,1.000095186958313,5,1.725958602570295,0,0.1,0.2,0.2,0.2,0.8274154426699877,0.05864233283162117,1.9842547236648016,0.19842547236648017,0.1999914588576555,0.9999991221523284,1.0000150067901612,10,0.0019111663436893744,0,0,0,0,0,0.9999355204200744,0.999002383480072,3.0300098941159965,0.12120039576463988,0.9998097522354126,1.000000463256836,1.0000267608261109,25,1.3728194200849535,0,0,0.1,0.1,0.1,0.9314304074442388,0.20866349471569065,1.9641531266938073,0.09820765633469036,0.9397614432668686,0.9999995989894866,1.0003296001052857,20,0.964726934514046,0,0.2,0.2,0.2,0.2,0.8070900393819809,0.03747806085109711,1.0045834719626934,0.20091669439253868,0.4217886699533463,0.9996008141136168,1.0000821216201785,5,0.0014666726303101951,0,0,0,0,0,0.9998051686382294,0.999277578125,2.6481908343751375,0.6620477085937844,0.9993580622768402,0.9996278746223448,1.0003941102123262,4
86a5a56f,updnet-ratio-100mice@20260703-200122,10,0.003,0.01,0,0.7158094644546509,0.7120681405067444,0.950558309595585,0,0.2,0.2,0.2,0.2,0.8099041966891288,0.049443194100856784,1.0000031638223668,0.20000063276447336,0.42966531498193744,1.000000165233612,1.000045834312439,5,1.481192908706665,0,0,0.2,0.2,0.2,0.8518857224082946,0.20302246643066407,1.9885335085340023,0.19885335085340025,0.30452959371566773,0.9999994201755524,1.0000136835670472,10,0.0005700429725652434,0,0,0,0,0,0.9999835069274902,0.9997578127479552,3.458909200123729,0.13835636800494916,0.9999363286590576,1.0000000460243226,1.0000026209449768,25,0.5888011730861669,0,0,0.05,0.05,0.05,0.9705621151423454,0.41297353936195375,1.0060527748347703,0.05030263874173853,0.9994257969951628,0.9999990327453612,1.000003270635605,20,0.9326653576707842,0,0.2,0.2,0.2,0.2,0.8134845210409164,0.06799820197582244,1.0014242747685485,0.20028485495370968,0.4406850470399857,0.999790297279358,0.9999851091003418,5,0.00034956237792982403,0,0,0,0,0,0.999986247549057,0.9997405870056152,1.685670851914846,0.4214177129787115,0.9997977538204192,0.9999549253082276,1.0001997990703584,4
38897c8f,updnet-ratio-100mice-mult10-supp@20260706-093606,10,0.003,0.01,0,0.710862398147583,0.7087107300758362,0.9231634994459154,0,0.2,0.2,0.2,0.2,0.8153919948434829,0.07697492969989776,1.0002999467593994,0.20005998935187988,0.44612971080303193,0.9999996883964538,1.0000681026077272,5,1.5461492445993423,0,0,0.2,0.2,0.2,0.8453857986426353,0.15905860198497773,1.984873107861984,0.1984873107861984,0.2812841443514824,0.999997095594406,1.000001285800934,10,0.0014702926635749014,0,0,0,0,0,0.9999977095222472,0.9993787868118286,3.288852562638038,0.13155410250552152,0.9998890740966796,0.9999999268150328,1.0002561910247805,25,0.001962247524261884,0,0,0,0,0,0.9999644143676758,0.9986222846603392,1.7632218868308336,0.08816109434154168,0.99990612698555,1.0000000460243226,1.000272975692749,20,0.9292974520134928,0,0.2,0.2,0.2,0.2,0.8142973093485832,0.07104731483221054,1.0007422698781527,0.20014845397563055,0.4424904821610451,1.0000637633895877,1.0003703219985962,5,0.0007944514465333397,0,0,0,0,0,0.9998456997966766,0.9993156058883668,1.3292169598777024,0.3323042399694256,0.9995002849197387,0.99994497133255,1.0001116974449158,4
01526ab5,updnet-ratio-100mice-mult10-supp@20260706-093606,10,0.003,0.01,0,0.7169530987739563,0.7143043875694275,0.9454243553292752,0,0.2,0.2,0.2,0.2,0.8109209289944171,0.05459087101578713,1.0000322112400584,0.20000644224801167,0.4327505117452145,0.9999948008155822,1.0000173671340944,5,1.4931232253932951,0,0,0.2,0.2,0.2,0.8507148100233077,0.19657077027320863,1.9884807428326616,0.19884807428326615,0.2989392353391647,0.9999991817569732,1.0000908596611024,10,0.00043837102890087465,0,0,0,0,0,0.9999978740310668,0.9996914131736756,1.9392986896677191,0.07757194758670877,0.9999705894088744,0.999999628791809,1.0000175817108157,25,0.5909394625568394,0,0,0.05,0.05,0.05,0.9704582957720757,0.4161506457424164,1.024360143858647,0.05121800719293235,0.9984404726123808,0.9999994797801972,1.0000199301338195,20,0.9309332453727724,0,0.2,0.2,0.2,0.2,0.8138133509254455,0.07123641801834106,1.00467536052615,0.20093507210523,0.44229855371475224,0.9991779787635804,0.9998820169067384,5,0.00013972686767582676,0,0,0,0,0,1.0000976784324649,0.9998602731323242,1,0.25,0.999925647506714,1.0001471502876282,1.0002301318740845,4
88af2b77,updnet-ratio-100mice@20260703-200122,10,0.003,0.01,1,0.7031770944595337,0.7087396383285522,0.9172322784972192,0,0.2,0.2,0.2,0.2,0.8165921388363838,0.08308931572198867,1.000701530790827,0.20014030615816533,0.4497727601027489,0.999880479106903,1.0001045329666138,5,1.5054985082960128,0,0,0.2,0.2,0.2,0.8494566617703437,0.19853332770824433,1.9917887021799003,0.19917887021799,0.28627250177621844,1.0000003738498688,1.0000197155570985,10,0.0009348098182683228,0,0,0,0,0,1.0000685079193117,0.9994920356369018,2.5998836384236044,0.10399534553694416,0.999913619289398,1.000000224838257,1.000201879272461,25,0.00193931331634567,0,0,0,0,0,0.9999532682991028,0.9992453320121764,3.356498441611175,0.16782492208055874,0.999652676115036,1.0000000460243226,1.000220750102997,20,0.921096593987942,0,0.2,0.2,0.2,0.2,0.8157806812024117,0.08043750507593155,1.0033381729704594,0.20066763459409187,0.4478954045271874,0.9996358020401,0.9998765809631348,5,0.0020093133163453514,0,0,0,0,0,0.999685989151001,0.9988075358963012,2.0305343188371605,0.5076335797092901,0.998940412530899,0.9995915753936768,1.0005070967769625,4
72fb26ca,updnet-ratio-100mice@20260703-200122,10,0.003,0.01,1,0.7033346891403198,0.7086808681488037,0.9309950295495988,0,0.2,0.2,0.2,0.2,0.8138029648160934,0.06900802386760711,1.0000065594919916,0.20000131189839832,0.441403592953682,1.000001536140442,1.0000046236610414,5,1.4799972246313096,0,0,0.2,0.2,0.2,0.852005326578617,0.20409840477466584,1.988682111615056,0.1988682111615056,0.3047351954674721,0.999999092350006,1.000013218650818,10,0.00046857700347968656,0,0,0,0,0,1.0000058205223084,0.999780939350128,3.028528363425156,0.12114113453700624,0.9999289615249634,0.9999997480010986,1.0001252753829957,25,0.001376631889343671,0,0,0,0,0,0.9999399108982086,0.9989817602729796,1.642184557033493,0.08210922785167465,0.9999535484409332,1.0000001354312895,1.0000293357467651,20,0.9272558114743236,0,0.2,0.2,0.2,0.2,0.8146130411124229,0.07454375309705734,1.0038903609609826,0.2007780721921965,0.44415935857057576,0.9997359974479676,1.0001452787017822,5,0.0010022792625428156,0,0,0,0,0,0.9999239457941056,0.9992899162864683,1.7038138206692708,0.4259534551673177,0.9994152827358246,0.9999625547027589,1.000401721725464,4
34610de9,updnet-ratio-100mice-mult10-supp@20260706-093606,10,0.003,0.01,1,0.7032962441444397,0.7082356214523315,0.9236445448613168,0,0.2,0.2,0.2,0.2,0.8152749745345116,0.07644549889326095,1.0001949997553867,0.20003899995107735,0.4458488403058053,0.9999739391899108,1.0000045163726807,5,1.4860678547143935,0,0,0.2,0.2,0.2,0.8514227001166343,0.2049495889043808,1.990276495036927,0.1990276495036927,0.298590239713192,1.0000001950359343,1.000033937225342,10,0.0035119116973885145,0,0,0,0,0,0.9998596484756468,0.9989568455314636,5.111144978551289,0.2044457991420516,0.9995814426040648,0.9999989731407164,1.00000041557312,25,0.0017217699432378053,0,0,0,0,0,0.9999703420495988,0.999369130859375,3.3474488927278845,0.16737244463639422,0.9996254367923736,0.9999994797801972,1.0000630362129213,20,0.9313510678029062,0,0.2,0.2,0.2,0.2,0.81377443952322,0.07095471901655197,1.0049678550214431,0.20099357100428863,0.4422441421246529,0.9991820914840698,0.999867497215271,5,0.0002452406692505793,0,0,0,0,0,1.0000878734683991,0.999840424785614,1.8334700283339929,0.4583675070834982,0.9998625977134704,1.000012294778824,1.0003736121749878,4
0df359ec,updnet-ratio-100mice-mult10-supp@20260706-093606,10,0.003,0.01,1,0.7030959129333496,0.7081994414329529,0.9323745553803444,0,0.2,0.2,0.2,0.2,0.8135445384478569,0.06764073056936264,1.0000327898645631,0.20000655797291267,0.440578782389164,0.999998853931427,1.0000537259674074,5,1.4782067620277406,0,0,0.2,0.2,0.2,0.852181915769577,0.20473311973571776,1.9886804867887984,0.1988680486788798,0.3058866782283783,1.000000165233612,1.000007413158417,10,0.0021396852684026912,0,0,0,0,0,0.9999352915382383,0.998953269252777,3.111868454790226,0.12447473819160904,0.9997691853141784,0.9999999864196776,1.0000061614608766,25,0.02684904804229782,0,0,0,0,0,0.9986638380384444,0.9892824752426148,3.3649933426449143,0.1682496671322457,0.995449600944519,0.9999997480010988,1.0000177962875367,20,0.9275289931416514,0,0.2,0.2,0.2,0.2,0.8144942013716697,0.07306424660444259,1.001280134549886,0.2002560269099772,0.4436453281140328,0.9999543292617796,0.9999692900276184,5,0,0,0,0,0,0,1.000281499156952,1.0000871284103394,0,0,1.0001538975334168,1.0003134472465516,1.0003835423088074,4
