run_id,wandb_run_name,state,D,seed,beta,mult,heldout_ll,eval_ll,final_step,heldout_backfilled
mult-d-grid-20260718-151409-4365a75a,mice_snapshot_multisubject_disrnn_beta0.0003_lr0.001_multisubject_n10subj,finished,10,0,0.0003,1,0.7035475373268127,0.7239204049110413,107560,False
mult-d-grid-20260718-151409-521d3632,mice_snapshot_multisubject_disrnn_beta0.0003_lr0.001_multisubject_n10subj,finished,10,1,0.0003,1,0.6963046789169312,0.7535219788551331,107560,False
mult-d-grid-20260718-151409-c7037461,mice_snapshot_multisubject_disrnn_beta0.001_lr0.001_multisubject_n10subj,finished,10,0,0.001,1,0.7147340774536133,0.7262282967567444,107559,False
mult-d-grid-20260718-151409-4ee7d1d0,mice_snapshot_multisubject_disrnn_beta0.001_lr0.001_multisubject_n10subj,finished,10,1,0.001,1,0.7022813558578491,0.749462902545929,107560,False
mult-d-grid-20260718-151409-c1f9515f,mice_snapshot_multisubject_disrnn_beta0.0003_lr0.001_multisubject_n10subj,finished,10,0,0.0003,2,0.695167064666748,0.7207211852073669,107562,False
mult-d-grid-20260718-151409-24186bfc,mice_snapshot_multisubject_disrnn_beta0.0003_lr0.001_multisubject_n10subj,finished,10,1,0.0003,2,0.7081924676895142,0.7558470368385315,107568,False
mult-d-grid-20260718-151409-ffab411a,mice_snapshot_multisubject_disrnn_beta0.001_lr0.001_multisubject_n10subj,finished,10,0,0.001,2,0.7066962718963623,0.7238041162490845,107558,False
mult-d-grid-20260718-151409-f5a8de89,mice_snapshot_multisubject_disrnn_beta0.001_lr0.001_multisubject_n10subj,finished,10,1,0.001,2,0.7061306238174438,0.752054750919342,107578,False
mult-d-grid-20260718-151409-299bc18e,mice_snapshot_multisubject_disrnn_beta0.0003_lr0.001_multisubject_n10subj,failed,10,0,0.0003,5,,0.7287701964378357,13031,False
mult-d-grid-nanretry1-008-80069e74,mice_snapshot_multisubject_disrnn_beta0.0003_lr0.001_multisubject_n10subj,failed,10,0,0.0003,5,,0.6356585621833801,7500,False
mult-d-grid-20260718-151409-2f2cbd5a,mice_snapshot_multisubject_disrnn_beta0.0003_lr0.001_multisubject_n10subj,finished,10,1,0.0003,5,0.7099677920341492,0.7562691569328308,107559,False
mult-d-grid-20260718-151409-44e89716,mice_snapshot_multisubject_disrnn_beta0.001_lr0.001_multisubject_n10subj,finished,10,0,0.001,5,0.7024619579315186,0.7234260439872742,107558,False
mult-d-grid-20260718-151409-3a4f8014,mice_snapshot_multisubject_disrnn_beta0.001_lr0.001_multisubject_n10subj,failed,10,1,0.001,5,,0.6617283225059509,13680,False
mult-d-grid-nanretry1-011-9ebfbc2c,mice_snapshot_multisubject_disrnn_beta0.001_lr0.001_multisubject_n10subj,finished,10,1,0.001,5,0.7070651054382324,0.7506188750267029,107586,False
mult-d-grid-20260718-151409-409c1995,mice_snapshot_multisubject_disrnn_beta0.0003_lr0.001_multisubject_n10subj,failed,10,0,0.0003,10,,0.6256696581840515,9420,False
mult-d-grid-nanretry1-012-addc55a0,mice_snapshot_multisubject_disrnn_beta0.0003_lr0.001_multisubject_n10subj,finished,10,0,0.0003,10,0.6966278553009033,0.7257663011550903,107559,False
mult-d-grid-20260718-151409-47e080fe,mice_snapshot_multisubject_disrnn_beta0.0003_lr0.001_multisubject_n10subj,finished,10,1,0.0003,10,0.7108776569366455,0.7556134462356567,107559,False
mult-d-grid-20260718-151409-20ac5b3a,mice_snapshot_multisubject_disrnn_beta0.001_lr0.001_multisubject_n10subj,finished,10,0,0.001,10,0.7063097953796387,0.7255024313926697,107558,False
mult-d-grid-20260718-151409-4f721b3e,mice_snapshot_multisubject_disrnn_beta0.001_lr0.001_multisubject_n10subj,finished,10,1,0.001,10,0.705643355846405,0.7511276006698608,107558,False
mult-d-grid-20260718-151409-fc23cbfd,mice_snapshot_multisubject_disrnn_beta0.0003_lr0.001_multisubject_n29subj,finished,29,0,0.0003,1,0.7107869982719421,0.7358949184417725,107561,False
mult-d-grid-20260718-151409-ad63c184,mice_snapshot_multisubject_disrnn_beta0.001_lr0.001_multisubject_n29subj,finished,29,0,0.001,1,0.7146406173706055,0.7334184646606445,107561,False
mult-d-grid-20260718-151409-46987656,mice_snapshot_multisubject_disrnn_beta0.0003_lr0.001_multisubject_n29subj,finished,29,0,0.0003,2,0.7156596779823303,0.7384324669837952,107561,False
mult-d-grid-20260718-151409-746c9469,mice_snapshot_multisubject_disrnn_beta0.001_lr0.001_multisubject_n29subj,finished,29,0,0.001,2,0.7023011445999146,0.732984185218811,107559,False
mult-d-grid-20260718-151409-1267fa84,mice_snapshot_multisubject_disrnn_beta0.0003_lr0.001_multisubject_n29subj,finished,29,0,0.0003,5,0.7119922041893005,0.7360446453094482,107559,False
mult-d-grid-20260718-151409-ffdce46f,mice_snapshot_multisubject_disrnn_beta0.001_lr0.001_multisubject_n29subj,finished,29,0,0.001,5,0.7162533402442932,0.7324471473693848,107559,False
mult-d-grid-20260718-151409-731498aa,mice_snapshot_multisubject_disrnn_beta0.0003_lr0.001_multisubject_n29subj,finished,29,0,0.0003,10,0.7090882658958435,0.7358701229095459,107559,False
mult-d-grid-20260718-151409-73b56a50,mice_snapshot_multisubject_disrnn_beta0.001_lr0.001_multisubject_n29subj,finished,29,0,0.001,10,0.7159038782119751,0.7334562540054321,107559,False
mult-d-grid-20260718-151409-2c06cbb0,mice_snapshot_multisubject_disrnn_beta0.0003_lr0.001_multisubject_n30subj,finished,30,1,0.0003,1,0.7145784497261047,0.7410818934440613,107560,False
mult-d-grid-20260718-151409-41ffd4b1,mice_snapshot_multisubject_disrnn_beta0.001_lr0.001_multisubject_n30subj,finished,30,1,0.001,1,0.712764322757721,0.73581463098526,107560,False
mult-d-grid-20260718-151409-545fc9ac,mice_snapshot_multisubject_disrnn_beta0.0003_lr0.001_multisubject_n30subj,finished,30,1,0.0003,2,0.7117931246757507,0.7387109398841858,107560,False
mult-d-grid-20260718-151409-ffdb9b3f,mice_snapshot_multisubject_disrnn_beta0.001_lr0.001_multisubject_n30subj,finished,30,1,0.001,2,0.7138890624046326,0.7368451952934265,107559,False
mult-d-grid-20260718-151409-9996e22a,mice_snapshot_multisubject_disrnn_beta0.0003_lr0.001_multisubject_n30subj,finished,30,1,0.0003,5,0.712262749671936,0.7385004758834839,107559,False
mult-d-grid-20260718-151409-54da33d3,mice_snapshot_multisubject_disrnn_beta0.001_lr0.001_multisubject_n30subj,finished,30,1,0.001,5,0.7130064964294434,0.7354175448417664,107559,False
mult-d-grid-20260718-151409-fd2fa569,mice_snapshot_multisubject_disrnn_beta0.0003_lr0.001_multisubject_n30subj,finished,30,1,0.0003,10,0.7136182188987732,0.7385435700416565,107559,False
mult-d-grid-20260718-151409-e5e965bd,mice_snapshot_multisubject_disrnn_beta0.001_lr0.001_multisubject_n30subj,finished,30,1,0.001,10,0.7130226492881775,0.7357223033905029,107559,False
mult-d-grid-20260718-151409-ac9300f6,mice_snapshot_multisubject_disrnn_beta0.0003_lr0.001_multisubject_n99subj,finished,99,0,0.0003,1,0.7172297835350037,0.7248519062995911,107561,False
mult-d-grid-20260718-151409-57a7fd40,mice_snapshot_multisubject_disrnn_beta0.001_lr0.001_multisubject_n99subj,finished,99,0,0.001,1,0.7166725993156433,0.7219040393829346,107560,False
mult-d-grid-20260718-151409-18ca943f,mice_snapshot_multisubject_disrnn_beta0.0003_lr0.001_multisubject_n99subj,finished,99,0,0.0003,2,0.7165125608444214,0.7250527739524841,107560,False
mult-d-grid-20260718-151409-a055788c,mice_snapshot_multisubject_disrnn_beta0.001_lr0.001_multisubject_n99subj,finished,99,0,0.001,2,0.7181411981582642,0.721219003200531,107560,False
mult-d-grid-20260718-151409-4896b6c5,mice_snapshot_multisubject_disrnn_beta0.0003_lr0.001_multisubject_n99subj,finished,99,0,0.0003,5,0.7151069641113281,0.7242855429649353,107559,False
mult-d-grid-20260718-151409-e6dbeefd,mice_snapshot_multisubject_disrnn_beta0.001_lr0.001_multisubject_n99subj,finished,99,0,0.001,5,0.7153434753417969,0.7214062809944153,107559,False
mult-d-grid-20260718-151409-2cdbe62b,mice_snapshot_multisubject_disrnn_beta0.0003_lr0.001_multisubject_n99subj,finished,99,0,0.0003,10,0.7149876356124878,0.7241339087486267,107559,False
mult-d-grid-20260718-151409-fa5b6d61,mice_snapshot_multisubject_disrnn_beta0.001_lr0.001_multisubject_n99subj,finished,99,0,0.001,10,0.7184816002845764,0.7208532094955444,107559,False
mult-d-grid-20260718-151409-65d8979e,mice_snapshot_multisubject_disrnn_beta0.0003_lr0.001_multisubject_n101subj,finished,101,1,0.0003,1,0.7191901803016663,0.7171144485473633,107561,False
mult-d-grid-20260718-151409-781bb4b8,mice_snapshot_multisubject_disrnn_beta0.001_lr0.001_multisubject_n101subj,finished,101,1,0.001,1,0.7146695256233215,0.7121408581733704,107560,False
mult-d-grid-20260718-151409-30b3e011,mice_snapshot_multisubject_disrnn_beta0.0003_lr0.001_multisubject_n101subj,finished,101,1,0.0003,2,0.7184064984321594,0.7164189219474792,107559,False
mult-d-grid-20260718-151409-2904e783,mice_snapshot_multisubject_disrnn_beta0.001_lr0.001_multisubject_n101subj,finished,101,1,0.001,2,0.7151801586151123,0.7129130959510803,107559,False
mult-d-grid-20260718-151409-ab9fdf90,mice_snapshot_multisubject_disrnn_beta0.0003_lr0.001_multisubject_n101subj,finished,101,1,0.0003,5,0.7149675488471985,0.7157366275787354,107566,False
mult-d-grid-20260718-151409-88d78245,mice_snapshot_multisubject_disrnn_beta0.001_lr0.001_multisubject_n101subj,finished,101,1,0.001,5,0.7157007455825806,0.7131398916244507,107559,False
mult-d-grid-20260718-151409-0375bc0a,mice_snapshot_multisubject_disrnn_beta0.0003_lr0.001_multisubject_n101subj,finished,101,1,0.0003,10,0.7173236012458801,0.7152332663536072,107559,False
mult-d-grid-20260718-151409-5d2d1bf6,mice_snapshot_multisubject_disrnn_beta0.001_lr0.001_multisubject_n101subj,finished,101,1,0.001,10,0.7179349660873413,0.7131085395812988,107559,False
mult-d-grid-20260718-151409-6bb110c3,mice_snapshot_multisubject_disrnn_beta0.0003_lr0.001_multisubject_n300subj,finished,300,0,0.0003,1,0.7207104563713074,0.7274103164672852,107561,False
mult-d-grid-20260718-151409-68391cfd,mice_snapshot_multisubject_disrnn_beta0.001_lr0.001_multisubject_n300subj,finished,300,0,0.001,1,0.7176280617713928,0.7240466475486755,107560,False
mult-d-grid-20260718-151409-d9e2902c,mice_snapshot_multisubject_disrnn_beta0.0003_lr0.001_multisubject_n300subj,crashed,300,0,0.0003,2,0.7181665049438499,0.7269359827041626,63680,True
mult-d-grid-20260718-151409-b3f9e4ba,mice_snapshot_multisubject_disrnn_beta0.001_lr0.001_multisubject_n300subj,crashed,300,0,0.001,2,0.7166180604564817,0.7237142324447632,58670,True
mult-d-grid-20260718-151409-5d00f24c,mice_snapshot_multisubject_disrnn_beta0.0003_lr0.001_multisubject_n300subj,crashed,300,0,0.0003,5,0.7180166462216727,0.7263369560241699,59900,True
mult-d-grid-20260718-151409-dda44a9e,mice_snapshot_multisubject_disrnn_beta0.001_lr0.001_multisubject_n300subj,crashed,300,0,0.001,5,0.7158790426437965,0.7217604517936707,23210,True
mult-d-grid-20260718-151409-f98da348,mice_snapshot_multisubject_disrnn_beta0.0003_lr0.001_multisubject_n300subj,crashed,300,0,0.0003,10,,0.7262016534805298,76120,False
mult-d-grid-20260718-151409-d111b057,mice_snapshot_multisubject_disrnn_beta0.001_lr0.001_multisubject_n300subj,crashed,300,0,0.001,10,,0.7240390181541443,77100,False
mult-d-grid-20260718-151409-33c0e6f5,mice_snapshot_multisubject_disrnn_beta0.0003_lr0.001_multisubject_n301subj,crashed,301,1,0.0003,1,0.7176692126417333,0.727234959602356,78400,True
mult-d-grid-20260718-151409-0761b71d,mice_snapshot_multisubject_disrnn_beta0.001_lr0.001_multisubject_n301subj,finished,301,1,0.001,1,0.7157906889915466,0.7254396080970764,107560,False
mult-d-grid-20260718-151409-3947b8e7,mice_snapshot_multisubject_disrnn_beta0.0003_lr0.001_multisubject_n301subj,finished,301,1,0.0003,2,0.7183811664581299,0.7286409735679626,107559,False
mult-d-grid-20260718-151409-f50608cd,mice_snapshot_multisubject_disrnn_beta0.001_lr0.001_multisubject_n301subj,finished,301,1,0.001,2,0.7137638926506042,0.7247907519340515,107559,False
mult-d-grid-20260718-151409-eb2f9dc2,mice_snapshot_multisubject_disrnn_beta0.0003_lr0.001_multisubject_n301subj,crashed,301,1,0.0003,5,0.7188828103744472,0.7276382446289062,50250,True
mult-d-grid-20260718-151409-d3292e9e,mice_snapshot_multisubject_disrnn_beta0.001_lr0.001_multisubject_n301subj,finished,301,1,0.001,5,0.7153301239013672,0.7256835103034973,107559,False
mult-d-grid-20260718-151409-f0945ec6,mice_snapshot_multisubject_disrnn_beta0.0003_lr0.001_multisubject_n301subj,finished,301,1,0.0003,10,0.7161114811897278,0.7278289794921875,107559,False
mult-d-grid-20260718-151409-11182963,mice_snapshot_multisubject_disrnn_beta0.001_lr0.001_multisubject_n301subj,finished,301,1,0.001,10,0.7127594351768494,0.723230242729187,107564,False
mult-d-grid-20260718-151409-4063ef92,mice_snapshot_multisubject_disrnn_beta0.0003_lr0.001_multisubject_n614subj,finished,614,0,0.0003,1,0.7224668860435486,0.7291393876075745,107561,False
mult-d-grid-20260718-151409-fec3f738,mice_snapshot_multisubject_disrnn_beta0.0003_lr0.001_multisubject_n614subj,finished,614,1,0.0003,1,0.7217003107070923,0.7288062572479248,107561,False
mult-d-grid-20260718-151409-63185747,mice_snapshot_multisubject_disrnn_beta0.001_lr0.001_multisubject_n614subj,finished,614,0,0.001,1,0.715557873249054,0.7238163948059082,107560,False
mult-d-grid-20260718-151409-0e73b2d0,mice_snapshot_multisubject_disrnn_beta0.001_lr0.001_multisubject_n614subj,finished,614,1,0.001,1,0.7165060639381409,0.7240244150161743,107560,False
mult-d-grid-20260718-151409-094792f7,mice_snapshot_multisubject_disrnn_beta0.0003_lr0.001_multisubject_n614subj,finished,614,0,0.0003,2,0.7171861529350281,0.7257525324821472,107561,False
mult-d-grid-20260718-151409-301ff855,mice_snapshot_multisubject_disrnn_beta0.0003_lr0.001_multisubject_n614subj,finished,614,1,0.0003,2,0.7156481742858887,0.7238575220108032,107561,False
mult-d-grid-20260718-151409-e9b1af6e,mice_snapshot_multisubject_disrnn_beta0.001_lr0.001_multisubject_n614subj,finished,614,0,0.001,2,0.7171844244003296,0.7244614362716675,107578,False
mult-d-grid-20260718-151409-dfd5c47a,mice_snapshot_multisubject_disrnn_beta0.001_lr0.001_multisubject_n614subj,finished,614,1,0.001,2,0.7176178693771362,0.7244690656661987,107560,False
mult-d-grid-20260718-151409-2ad4c6ce,mice_snapshot_multisubject_disrnn_beta0.0003_lr0.001_multisubject_n614subj,finished,614,0,0.0003,5,0.7179526686668396,0.7260389924049377,107559,False
mult-d-grid-20260718-151409-cc82e7f1,mice_snapshot_multisubject_disrnn_beta0.0003_lr0.001_multisubject_n614subj,finished,614,1,0.0003,5,0.7185862064361572,0.7262619733810425,107559,False
mult-d-grid-20260718-151409-4585cf1a,mice_snapshot_multisubject_disrnn_beta0.001_lr0.001_multisubject_n614subj,finished,614,0,0.001,5,0.7138895988464355,0.720600962638855,107558,False
mult-d-grid-20260718-151409-1e10f486,mice_snapshot_multisubject_disrnn_beta0.001_lr0.001_multisubject_n614subj,finished,614,1,0.001,5,0.7128641605377197,0.7213867902755737,107567,False
mult-d-grid-20260718-151409-5c91f1e0,mice_snapshot_multisubject_disrnn_beta0.0003_lr0.001_multisubject_n614subj,finished,614,0,0.0003,10,0.7186819314956665,0.7261793613433838,107559,False
mult-d-grid-20260718-151409-14944b05,mice_snapshot_multisubject_disrnn_beta0.0003_lr0.001_multisubject_n614subj,finished,614,1,0.0003,10,0.7194523215293884,0.7260978817939758,107559,False
mult-d-grid-20260718-151409-3a232ed8,mice_snapshot_multisubject_disrnn_beta0.001_lr0.001_multisubject_n614subj,finished,614,0,0.001,10,0.7156834006309509,0.7239693403244019,107559,False
mult-d-grid-20260718-151409-31dfe9f9,mice_snapshot_multisubject_disrnn_beta0.001_lr0.001_multisubject,crashed,614,1,0.001,10,,0.7241974472999573,68860,False
