true_preset,subject_id,param,true_initial,gru_pred_static
Bari2019,synth000,biasL,0.8585025716686541,0.5765666042673705
Bari2019,synth000,choice_kernel_relative_weight,0.2194392198760261,0.2477556249714421
Bari2019,synth000,forget_rate_unchosen,0.343439167964553,0.1657635016709877
Bari2019,synth000,learn_rate,0.6918033392514339,0.8462186723344476
Bari2019,synth000,softmax_inverse_temperature,2.346011450511339,6.168895757199627
Bari2019,synth003,biasL,1.0435878148124234,0.582044356967262
Bari2019,synth003,choice_kernel_relative_weight,0.331258808530291,0.3100380733167256
Bari2019,synth003,forget_rate_unchosen,0.2450117460181208,0.1948192066702765
Bari2019,synth003,learn_rate,0.818737188992684,0.9593665503663072
Bari2019,synth003,softmax_inverse_temperature,11.768174000492449,10.717033918587155
Bari2019,synth006,biasL,0.3096307458745087,0.2670231862159284
Bari2019,synth006,choice_kernel_relative_weight,0.1397001150140358,0.1321295882971393
Bari2019,synth006,forget_rate_unchosen,0.0132840986484768,0.2038565914381189
Bari2019,synth006,learn_rate,0.7808731918079431,0.9721803385102028
Bari2019,synth006,softmax_inverse_temperature,3.984018524938871,5.332265796780822
Bari2019,synth009,biasL,-0.9343552279518184,-0.4550636590053496
Bari2019,synth009,choice_kernel_relative_weight,0.4802147255248253,0.3953746019695575
Bari2019,synth009,forget_rate_unchosen,0.3733493558791571,0.1377842923474871
Bari2019,synth009,learn_rate,0.2980898798294975,0.7025537174760064
Bari2019,synth009,softmax_inverse_temperature,19.85412779919184,23.996256198763547
Bari2019,synth012,biasL,0.9221729847488848,0.5753136178334008
Bari2019,synth012,choice_kernel_relative_weight,0.0465455241553317,-0.2380093588582284
Bari2019,synth012,forget_rate_unchosen,0.001179273878016,0.0957590954088613
Bari2019,synth012,learn_rate,0.243250999860812,0.4764643227628153
Bari2019,synth012,softmax_inverse_temperature,6.419693535296198,6.6381144290056415
Bari2019,synth015,biasL,0.5353993951460454,0.2195452942857187
Bari2019,synth015,choice_kernel_relative_weight,0.1670115144443208,0.2725788261859816
Bari2019,synth015,forget_rate_unchosen,0.2741936318797949,0.1477878513103148
Bari2019,synth015,learn_rate,0.2443613175559003,0.5908543040568519
Bari2019,synth015,softmax_inverse_temperature,11.814699501276728,7.763098594637599
Bari2019,synth018,biasL,-0.6534413492573217,-0.3707201597664075
Bari2019,synth018,choice_kernel_relative_weight,0.4516025443109911,0.3563858380182855
Bari2019,synth018,forget_rate_unchosen,0.0735818437173169,0.2113723562756931
Bari2019,synth018,learn_rate,0.2408607552086757,0.587850334899422
Bari2019,synth018,softmax_inverse_temperature,3.0542530804851236,4.297498199067814
Bari2019,synth021,biasL,-0.1820918024609668,-0.1382557591033033
Bari2019,synth021,choice_kernel_relative_weight,0.4382479014709382,0.3735042500678648
Bari2019,synth021,forget_rate_unchosen,0.1435838705082373,0.220927189715511
Bari2019,synth021,learn_rate,0.6894116481553358,0.8671737973548519
Bari2019,synth021,softmax_inverse_temperature,7.828251787493581,9.466898104716714
Bari2019,synth024,biasL,-1.1118865905055857,-0.4749843915218752
Bari2019,synth024,choice_kernel_relative_weight,0.444871381362047,0.4126728202081354
Bari2019,synth024,forget_rate_unchosen,0.3167963809359608,0.1460543752424712
Bari2019,synth024,learn_rate,0.1655661090319769,0.5113153876939964
Bari2019,synth024,softmax_inverse_temperature,12.970746891839298,10.374168804745668
Bari2019,synth027,biasL,1.466494854072249,0.7897156137992526
Bari2019,synth027,choice_kernel_relative_weight,0.2164348911436341,0.2225588948774656
Bari2019,synth027,forget_rate_unchosen,0.2494843301433072,0.1919813709123684
Bari2019,synth027,learn_rate,0.4371091129624747,0.7554516224879415
Bari2019,synth027,softmax_inverse_temperature,4.181110132999285,6.202463454872271
Bari2019,synth030,biasL,-0.9258317747344728,-0.4374391520297626
Bari2019,synth030,choice_kernel_relative_weight,0.4782502533797175,0.4181434872781107
Bari2019,synth030,forget_rate_unchosen,0.2816360768882431,0.204516644044344
Bari2019,synth030,learn_rate,0.6184760785435808,0.8812050382116763
Bari2019,synth030,softmax_inverse_temperature,9.555359938196036,7.69047575884634
Bari2019,synth033,biasL,-0.1344904343625715,-0.0009662402382454
Bari2019,synth033,choice_kernel_relative_weight,0.2486242818588563,0.2520093254599579
Bari2019,synth033,forget_rate_unchosen,0.0103350910904402,0.1818875866797256
Bari2019,synth033,learn_rate,0.5062918134158966,0.7881106110295899
Bari2019,synth033,softmax_inverse_temperature,9.000156477761973,11.19244545989802
Bari2019,synth036,biasL,-0.5922276335933778,-0.5312185347636323
Bari2019,synth036,choice_kernel_relative_weight,0.1108762719538636,0.1465094323000706
Bari2019,synth036,forget_rate_unchosen,0.3815359494256194,0.1968443150916006
Bari2019,synth036,learn_rate,0.8644317358704716,1.0157819633763765
Bari2019,synth036,softmax_inverse_temperature,5.744364177051137,6.3805780976800115
Bari2019,synth039,biasL,-0.5331501096940879,-0.3115800974380434
Bari2019,synth039,choice_kernel_relative_weight,0.0194676657905363,-0.1590587770697763
Bari2019,synth039,forget_rate_unchosen,0.0193673017871415,0.0877242397302973
Bari2019,synth039,learn_rate,0.3361035773189102,0.49317909610329
Bari2019,synth039,softmax_inverse_temperature,5.874982317641381,3.648218941960811
Bari2019,synth042,biasL,1.3440726517261,0.9983177276218552
Bari2019,synth042,choice_kernel_relative_weight,0.2004692607037952,0.1561970204889833
Bari2019,synth042,forget_rate_unchosen,0.0759146599977846,0.2090103042663048
Bari2019,synth042,learn_rate,0.8028419413151384,0.9906880181127696
Bari2019,synth042,softmax_inverse_temperature,1.4250146869686908,4.461614671073118
Bari2019,synth045,biasL,0.2037152949490273,0.0401834313193972
Bari2019,synth045,choice_kernel_relative_weight,0.139198566457799,0.168866902807862
Bari2019,synth045,forget_rate_unchosen,0.2084107490807092,0.1597680719879395
Bari2019,synth045,learn_rate,0.7834456349698607,0.9048417718536454
Bari2019,synth045,softmax_inverse_temperature,3.308573936435341,5.1608707436902
Bari2019,synth048,biasL,1.4539124590626498,0.5338212205275887
Bari2019,synth048,choice_kernel_relative_weight,0.4229355616463854,0.3149528199511777
Bari2019,synth048,forget_rate_unchosen,0.2557220223101825,0.19100824432909
Bari2019,synth048,learn_rate,0.8239947301949898,0.9265644695818752
Bari2019,synth048,softmax_inverse_temperature,9.309397224309986,13.796537139352354
Bari2019,synth051,biasL,0.6341166544540447,0.3989518222752073
Bari2019,synth051,choice_kernel_relative_weight,0.1139653622275359,0.1699122714371917
Bari2019,synth051,forget_rate_unchosen,0.3048462948137536,0.1679476490708131
Bari2019,synth051,learn_rate,0.5251057585094683,0.8099377052971733
Bari2019,synth051,softmax_inverse_temperature,13.114295587897152,11.067121981856348
Bari2019,synth054,biasL,-0.9586054956334236,-0.9522612796944776
Bari2019,synth054,choice_kernel_relative_weight,0.1703241806695772,0.1786806169460762
Bari2019,synth054,forget_rate_unchosen,0.2762818193117088,0.2039717705948523
Bari2019,synth054,learn_rate,0.7968179092165233,0.9686276987526194
Bari2019,synth054,softmax_inverse_temperature,5.1212522499790385,3.24701898969734
Bari2019,synth057,biasL,-1.2621624929625108,-0.5920503189532049
Bari2019,synth057,choice_kernel_relative_weight,0.3361543176690711,0.3374291315120657
Bari2019,synth057,forget_rate_unchosen,0.0494947571217426,0.1939710220386818
Bari2019,synth057,learn_rate,0.4294045568163105,0.7776484077360635
Bari2019,synth057,softmax_inverse_temperature,8.072650756810564,8.559252347490474
Bari2019,synth060,biasL,-0.90458270013613,-0.1648094465455688
Bari2019,synth060,choice_kernel_relative_weight,0.4635424723788065,0.40268148461653
Bari2019,synth060,forget_rate_unchosen,0.0857403484707051,0.2013985896114064
Bari2019,synth060,learn_rate,0.8543466493494178,0.8491432740785989
Bari2019,synth060,softmax_inverse_temperature,10.773431166713602,10.456281767350982
Bari2019,synth063,biasL,-1.3797348323774792,-0.4520742216288419
Bari2019,synth063,choice_kernel_relative_weight,0.3680548872572159,0.3761543087179119
Bari2019,synth063,forget_rate_unchosen,0.0197380570168674,0.204757047476334
Bari2019,synth063,learn_rate,0.0555505575880828,0.4743262670138749
Bari2019,synth063,softmax_inverse_temperature,8.857030102396314,8.335951588544317
Bari2019,synth066,biasL,0.9932004603581254,0.7180597636394472
Bari2019,synth066,choice_kernel_relative_weight,0.4557202209081316,0.3134041194172003
Bari2019,synth066,forget_rate_unchosen,0.0543870699510313,0.2556503951672836
Bari2019,synth066,learn_rate,0.8379034301969419,0.9698252255440084
Bari2019,synth066,softmax_inverse_temperature,2.9273684733855023,4.676945708999173
Bari2019,synth069,biasL,0.3195059398887032,0.3965864131152777
Bari2019,synth069,choice_kernel_relative_weight,0.0023402802538413,-0.0423844178523953
Bari2019,synth069,forget_rate_unchosen,0.1566988110876451,0.1530449670211175
Bari2019,synth069,learn_rate,0.5853644673382412,0.901846365835143
Bari2019,synth069,softmax_inverse_temperature,15.143206128921662,13.70188837870699
Bari2019,synth072,biasL,-0.7435282649434498,-0.43931322663151
Bari2019,synth072,choice_kernel_relative_weight,0.362076256686086,0.3476246573798554
Bari2019,synth072,forget_rate_unchosen,0.1544227306139793,0.1714026387942118
Bari2019,synth072,learn_rate,0.2438175251182992,0.4907482458265112
Bari2019,synth072,softmax_inverse_temperature,5.074806506320956,6.493297729169781
Bari2019,synth075,biasL,0.5383656383350999,0.3220171963727066
Bari2019,synth075,choice_kernel_relative_weight,0.3622024242187185,0.3326093689078289
Bari2019,synth075,forget_rate_unchosen,0.2411450370643455,0.1641827884030226
Bari2019,synth075,learn_rate,0.4323570641147565,0.6779240808750638
Bari2019,synth075,softmax_inverse_temperature,6.117158807424017,6.418206482294467
Bari2019,synth078,biasL,-0.3205930139367763,-0.0108126652882105
Bari2019,synth078,choice_kernel_relative_weight,0.4359103920463862,0.3717935742985482
Bari2019,synth078,forget_rate_unchosen,0.0554473639689431,0.2064567177136933
Bari2019,synth078,learn_rate,0.4385941330450347,0.6951810806368727
Bari2019,synth078,softmax_inverse_temperature,8.402886353857786,10.333030913973191
Bari2019,synth081,biasL,-1.0785383709466043,-0.6018607933848503
Bari2019,synth081,choice_kernel_relative_weight,0.0498685463983837,0.1181528986081137
Bari2019,synth081,forget_rate_unchosen,0.054046558669851,0.1437870407803729
Bari2019,synth081,learn_rate,0.4446388999626058,0.7610148511492403
Bari2019,synth081,softmax_inverse_temperature,8.493887889532527,7.291192274183906
Bari2019,synth084,biasL,-0.7874827236475369,-0.3929072897241642
Bari2019,synth084,choice_kernel_relative_weight,0.2425376728282416,0.2785873921546975
Bari2019,synth084,forget_rate_unchosen,0.0493184434600567,0.1930431357369744
Bari2019,synth084,learn_rate,0.6847633356376754,0.9025459128410044
Bari2019,synth084,softmax_inverse_temperature,8.777722497749249,10.816734641469406
Bari2019,synth087,biasL,1.5659726260126707,0.367844909345699
Bari2019,synth087,choice_kernel_relative_weight,0.4510386638609552,0.3424578644651392
Bari2019,synth087,forget_rate_unchosen,0.0123751230214863,0.1949375852372463
Bari2019,synth087,learn_rate,0.2784618166785139,0.6953105332107081
Bari2019,synth087,softmax_inverse_temperature,10.999041638901256,10.38467825163158
Bari2019,synth090,biasL,-0.6882090514611887,-0.2517082036461413
Bari2019,synth090,choice_kernel_relative_weight,0.2200165511644582,0.2793720197869299
Bari2019,synth090,forget_rate_unchosen,0.3305554262755175,0.1901159727608229
Bari2019,synth090,learn_rate,0.8045346029939556,0.9583194281125303
Bari2019,synth090,softmax_inverse_temperature,12.003389322549024,8.772597161514268
Bari2019,synth093,biasL,-1.3030891312241026,-0.6489621494993453
Bari2019,synth093,choice_kernel_relative_weight,0.3084652175764329,0.3321151192661065
Bari2019,synth093,forget_rate_unchosen,0.1206644748032783,0.2309324997665013
Bari2019,synth093,learn_rate,0.6780747218551139,0.8971764745992883
Bari2019,synth093,softmax_inverse_temperature,10.680648659093492,9.083378097220978
Bari2019,synth096,biasL,1.1314371567186248,0.84332496147062
Bari2019,synth096,choice_kernel_relative_weight,0.0823741551588333,0.154682073105049
Bari2019,synth096,forget_rate_unchosen,0.0759438629082256,0.2041044226169387
Bari2019,synth096,learn_rate,0.8707666293497951,0.9817698898636368
Bari2019,synth096,softmax_inverse_temperature,15.631976257908562,10.039625305839929
Bari2019,synth099,biasL,1.018361803135216,0.5265631404452832
Bari2019,synth099,choice_kernel_relative_weight,0.2831612508917237,0.2961383515394334
Bari2019,synth099,forget_rate_unchosen,0.1913654408081369,0.2250980198257836
Bari2019,synth099,learn_rate,0.8005484681244932,0.9321985877984522
Bari2019,synth099,softmax_inverse_temperature,7.042122888792256,6.541436201729951
Bari2019,synth102,biasL,-1.0271085610749056,-0.6251025328603389
Bari2019,synth102,choice_kernel_relative_weight,0.4140251929868249,0.3527496634449161
Bari2019,synth102,forget_rate_unchosen,0.3231179150842937,0.1877443262770673
Bari2019,synth102,learn_rate,0.3120578673381992,0.638892888744911
Bari2019,synth102,softmax_inverse_temperature,4.765968441721233,3.255198678902592
Bari2019,synth105,biasL,0.37718752044283,0.1947083006313743
Bari2019,synth105,choice_kernel_relative_weight,0.07749713402959,0.1030267609195691
Bari2019,synth105,forget_rate_unchosen,0.1602426955001838,0.1488462875930948
Bari2019,synth105,learn_rate,0.677143834669782,0.911124466561638
Bari2019,synth105,softmax_inverse_temperature,1.7601712336351123,5.202920874360624
Bari2019,synth108,biasL,0.4892779985712377,0.2274546180486896
Bari2019,synth108,choice_kernel_relative_weight,0.0061153454092057,-0.0098594531224568
Bari2019,synth108,forget_rate_unchosen,0.1994514613098198,0.1185506131105709
Bari2019,synth108,learn_rate,0.5396994403051181,0.9424956005014348
Bari2019,synth108,softmax_inverse_temperature,12.137143571309656,13.249043687401864
Bari2019,synth111,biasL,-0.9687393092161676,-0.6992653694181334
Bari2019,synth111,choice_kernel_relative_weight,0.4862226962187743,0.3767656537233196
Bari2019,synth111,forget_rate_unchosen,0.1756380640816798,0.2090794775905379
Bari2019,synth111,learn_rate,0.6658562008460156,0.785556140488728
Bari2019,synth111,softmax_inverse_temperature,4.539247860464456,6.454271358153187
Bari2019,synth114,biasL,0.1198634124123454,-0.0531273118933849
Bari2019,synth114,choice_kernel_relative_weight,0.2767788093052228,0.2686198977951669
Bari2019,synth114,forget_rate_unchosen,0.0530161225915202,0.1736442567395902
Bari2019,synth114,learn_rate,0.4396041437208848,0.6735825815750757
Bari2019,synth114,softmax_inverse_temperature,3.744357429441513,5.363687631364934
Bari2019,synth117,biasL,-1.3763043790351086,-0.818449120859625
Bari2019,synth117,choice_kernel_relative_weight,0.1192588102387708,0.1365981245820729
Bari2019,synth117,forget_rate_unchosen,0.0176103267224503,0.1597651941168217
Bari2019,synth117,learn_rate,0.468252314965461,0.6998599793566986
Bari2019,synth117,softmax_inverse_temperature,4.115250544375741,3.8413386828164526
Bari2019,synth120,biasL,1.628182473866667,0.6315984217018143
Bari2019,synth120,choice_kernel_relative_weight,0.2044348259064508,0.2395844761178178
Bari2019,synth120,forget_rate_unchosen,0.1043369014386591,0.1465904928904305
Bari2019,synth120,learn_rate,0.2550977791504497,0.6040181710793238
Bari2019,synth120,softmax_inverse_temperature,12.441325387430943,11.12484716584114
Bari2019,synth123,biasL,0.1893700903535289,0.1414769679823823
Bari2019,synth123,choice_kernel_relative_weight,0.3126463078939629,0.3865162935542593
Bari2019,synth123,forget_rate_unchosen,0.333854412221808,0.2227935360124372
Bari2019,synth123,learn_rate,0.8302467340369646,0.9463115182188356
Bari2019,synth123,softmax_inverse_temperature,15.139716733008257,12.656586212456393
Bari2019,synth126,biasL,-0.3320135560647544,-0.4417806878211898
Bari2019,synth126,choice_kernel_relative_weight,0.2488717094392781,0.2352074280139743
Bari2019,synth126,forget_rate_unchosen,0.1478125692889111,0.1940472233745707
Bari2019,synth126,learn_rate,0.634159474028258,0.8750307791209866
Bari2019,synth126,softmax_inverse_temperature,7.595934883905992,6.861534175773354
Bari2019,synth129,biasL,0.593801617537074,-0.0960864799612753
Bari2019,synth129,choice_kernel_relative_weight,0.4976386516865015,0.462268805859977
Bari2019,synth129,forget_rate_unchosen,0.0364722316648863,0.2031195678755435
Bari2019,synth129,learn_rate,0.5470960064714107,0.8732084904906428
Bari2019,synth129,softmax_inverse_temperature,12.638162098646443,15.740147206583984
Bari2019,synth132,biasL,-0.3959204753001739,-0.2298720546703933
Bari2019,synth132,choice_kernel_relative_weight,0.1680596761407782,0.2156853346007197
Bari2019,synth132,forget_rate_unchosen,0.269858261877945,0.1834602070460803
Bari2019,synth132,learn_rate,0.5322641325653915,0.832720830445518
Bari2019,synth132,softmax_inverse_temperature,12.296899613428474,10.558638006185287
Bari2019,synth135,biasL,0.4840390194299545,0.2058691579020992
Bari2019,synth135,choice_kernel_relative_weight,0.4967282360784767,0.4089470542899849
Bari2019,synth135,forget_rate_unchosen,0.3182996537583362,0.2177600035103648
Bari2019,synth135,learn_rate,0.8586958254905304,1.017443507105071
Bari2019,synth135,softmax_inverse_temperature,13.13794341769252,10.379877201727153
Bari2019,synth138,biasL,0.8510374789745794,0.4814730697581222
Bari2019,synth138,choice_kernel_relative_weight,0.4221631189505708,0.3217041410069916
Bari2019,synth138,forget_rate_unchosen,0.208064946968898,0.1896360469742966
Bari2019,synth138,learn_rate,0.422362496983339,0.7961856460139634
Bari2019,synth138,softmax_inverse_temperature,9.45714066060828,9.21982142039367
Bari2019,synth141,biasL,-0.1458131013033197,0.0730752311625159
Bari2019,synth141,choice_kernel_relative_weight,0.1141513906536807,0.1461537934148219
Bari2019,synth141,forget_rate_unchosen,0.2000998109674124,0.1962806761514743
Bari2019,synth141,learn_rate,0.9015921356289436,1.0061803537989893
Bari2019,synth141,softmax_inverse_temperature,9.830748529537235,9.046896913449508
Bari2019,synth144,biasL,-0.3743868440348047,-0.1490661233347529
Bari2019,synth144,choice_kernel_relative_weight,0.2773755891454608,0.3516741290882058
Bari2019,synth144,forget_rate_unchosen,0.3325433878037997,0.1481942586156315
Bari2019,synth144,learn_rate,0.2774626457483126,0.4638917115487946
Bari2019,synth144,softmax_inverse_temperature,3.864703874015573,5.496741238684189
Bari2019,synth147,biasL,1.5024908773366508,0.9042711385262744
Bari2019,synth147,choice_kernel_relative_weight,0.1000659842575661,0.1219665325898306
Bari2019,synth147,forget_rate_unchosen,0.2231614954356288,0.1831055202782624
Bari2019,synth147,learn_rate,0.4859251975636888,0.7989440680410613
Bari2019,synth147,softmax_inverse_temperature,6.92193580124477,5.922972894597608
Bari2019,synth150,biasL,0.2687043527330893,0.2438628343105149
Bari2019,synth150,choice_kernel_relative_weight,0.3214661202635481,0.3413663312799727
Bari2019,synth150,forget_rate_unchosen,0.2733360325827779,0.1887626566621179
Bari2019,synth150,learn_rate,0.5712195706144407,0.8383953381953981
Bari2019,synth150,softmax_inverse_temperature,11.108730479948893,10.826898577326128
Bari2019,synth153,biasL,0.2666145998726285,0.1407497903258098
Bari2019,synth153,choice_kernel_relative_weight,0.1046729211363758,0.1808038676503552
Bari2019,synth153,forget_rate_unchosen,0.3044498606921384,0.155605594794885
Bari2019,synth153,learn_rate,0.390758853195182,0.6644347460666544
Bari2019,synth153,softmax_inverse_temperature,4.270786336499585,6.888752527989521
Bari2019,synth156,biasL,-0.21342098595181,0.0355847234068997
Bari2019,synth156,choice_kernel_relative_weight,0.2269542157336679,0.2960115310560535
Bari2019,synth156,forget_rate_unchosen,0.0651717848342252,0.1318004664120468
Bari2019,synth156,learn_rate,0.2606658017348039,0.4627272715305208
Bari2019,synth156,softmax_inverse_temperature,15.145903078642576,11.573947370417176
Bari2019,synth159,biasL,-0.048180360522555,0.1399798338965781
Bari2019,synth159,choice_kernel_relative_weight,0.4041320131115717,0.3676204330260348
Bari2019,synth159,forget_rate_unchosen,0.2722435528572386,0.2182831751979783
Bari2019,synth159,learn_rate,0.8572088617340181,0.9316718270023556
Bari2019,synth159,softmax_inverse_temperature,7.449446112733803,10.437483822551474
Bari2019,synth162,biasL,0.1934123501400602,-0.203488165683804
Bari2019,synth162,choice_kernel_relative_weight,0.3611190995565745,0.3932071879743881
Bari2019,synth162,forget_rate_unchosen,0.2136689728368104,0.2098463241745619
Bari2019,synth162,learn_rate,0.4591471855978651,0.8421157308381074
Bari2019,synth162,softmax_inverse_temperature,10.389589308258556,11.03116842212309
Bari2019,synth165,biasL,0.1355480241191554,0.1359146195910092
Bari2019,synth165,choice_kernel_relative_weight,0.3600042603992787,0.3256871356385062
Bari2019,synth165,forget_rate_unchosen,0.3525402390466112,0.1850379979500654
Bari2019,synth165,learn_rate,0.6361302868870922,0.8480147797298265
Bari2019,synth165,softmax_inverse_temperature,8.308083891003644,9.01441839906792
Bari2019,synth168,biasL,-0.4276307520423381,-0.1895364204018554
Bari2019,synth168,choice_kernel_relative_weight,0.3479311938250925,0.3767036118644987
Bari2019,synth168,forget_rate_unchosen,0.0947622100409703,0.2007765441465813
Bari2019,synth168,learn_rate,0.1571522825332536,0.4654302907801435
Bari2019,synth168,softmax_inverse_temperature,5.316689160607792,5.360303158355194
Bari2019,synth171,biasL,-1.0686301155438378,-0.7943281356838574
Bari2019,synth171,choice_kernel_relative_weight,0.2498664880797794,0.2562277040165679
Bari2019,synth171,forget_rate_unchosen,0.2133493919722509,0.1915662336616711
Bari2019,synth171,learn_rate,0.473378985208056,0.8098940139086983
Bari2019,synth171,softmax_inverse_temperature,0.1287298404310286,4.158814832337375
Bari2019,synth174,biasL,-0.0225284426535968,0.009703837540758
Bari2019,synth174,choice_kernel_relative_weight,0.0503074821248463,0.0665855002343785
Bari2019,synth174,forget_rate_unchosen,0.1742828663268366,0.1588538567988439
Bari2019,synth174,learn_rate,0.5240612765069543,0.8688425358104801
Bari2019,synth174,softmax_inverse_temperature,14.710143408921615,12.932766542255685
Bari2019,synth177,biasL,1.2415968897226206,0.6462094927235082
Bari2019,synth177,choice_kernel_relative_weight,0.2704459353714559,0.3564857697607433
Bari2019,synth177,forget_rate_unchosen,0.3140758797966871,0.2293784224286465
Bari2019,synth177,learn_rate,0.7585392020121136,1.0182126331506085
Bari2019,synth177,softmax_inverse_temperature,15.488722515414905,12.054165149081188
Bari2019,synth180,biasL,-0.1712754732043661,-0.2007833917797676
Bari2019,synth180,choice_kernel_relative_weight,0.1344032821713363,0.2696047993620054
Bari2019,synth180,forget_rate_unchosen,0.1783133692530299,0.1281059721777111
Bari2019,synth180,learn_rate,0.1246100571594351,0.4377809603990952
Bari2019,synth180,softmax_inverse_temperature,6.9046922439615,3.930590867103533
Bari2019,synth183,biasL,1.4964582719542443,0.739154114359828
Bari2019,synth183,choice_kernel_relative_weight,0.0877665706685456,0.185493209552477
Bari2019,synth183,forget_rate_unchosen,0.278156461826026,0.1375793185201062
Bari2019,synth183,learn_rate,0.2417680632139598,0.610704285204694
Bari2019,synth183,softmax_inverse_temperature,6.045330726860877,5.942959145900643
Bari2019,synth186,biasL,-0.0421978868792544,-0.0175062561966266
Bari2019,synth186,choice_kernel_relative_weight,0.2171317209123136,0.3076505398951184
Bari2019,synth186,forget_rate_unchosen,0.3148996971330062,0.1710823688180348
Bari2019,synth186,learn_rate,0.1706393359116817,0.5580190757447311
Bari2019,synth186,softmax_inverse_temperature,8.257214794634034,5.387051737452575
Bari2019,synth189,biasL,0.9944517129350854,0.3989613647609914
Bari2019,synth189,choice_kernel_relative_weight,0.1276107945190502,0.1656894089022476
Bari2019,synth189,forget_rate_unchosen,0.0013975811783077,0.1418357300486487
Bari2019,synth189,learn_rate,0.3207360455724077,0.6492670815952062
Bari2019,synth189,softmax_inverse_temperature,14.039888822254618,12.6553459368025
Bari2019,synth192,biasL,1.484194678784808,0.7464960359797226
Bari2019,synth192,choice_kernel_relative_weight,0.3291719411652234,0.4303018904255289
Bari2019,synth192,forget_rate_unchosen,0.0769801215291066,0.2341280336626879
Bari2019,synth192,learn_rate,0.8617539780087461,0.9454455281881824
Bari2019,synth192,softmax_inverse_temperature,13.816149645758555,12.00133790756603
Bari2019,synth195,biasL,-0.2387943498339319,-0.3279985501058809
Bari2019,synth195,choice_kernel_relative_weight,0.0314397184500077,0.1177711212712778
Bari2019,synth195,forget_rate_unchosen,0.2548735086923552,0.1334867379803701
Bari2019,synth195,learn_rate,0.4146136664588114,0.708324175725267
Bari2019,synth195,softmax_inverse_temperature,5.2869423596121,5.507791264327603
Bari2019,synth198,biasL,1.3444432595774924,0.5514081544284195
Bari2019,synth198,choice_kernel_relative_weight,0.3398650420022239,0.3128423639120384
Bari2019,synth198,forget_rate_unchosen,0.2475426119429028,0.1809658667708312
Bari2019,synth198,learn_rate,0.2365660516131126,0.7108125494594485
Bari2019,synth198,softmax_inverse_temperature,9.421490406472063,7.49217855584684
Hattori2019,synth001,biasL,-0.1081577274109394,-0.235360714466543
Hattori2019,synth001,learn_rate_rew,0.902759627592604,0.839951504081345
Hattori2019,synth001,learn_rate_unrew,0.1243415025462637,0.2597549386399801
Hattori2019,synth001,softmax_inverse_temperature,3.784083228046779,4.396831377808022
Hattori2019,synth004,biasL,0.3734191796474645,0.3961960041032718
Hattori2019,synth004,learn_rate_rew,0.8598280086894597,0.91772166542532
Hattori2019,synth004,learn_rate_unrew,0.5402472615599703,0.5370604769431493
Hattori2019,synth004,softmax_inverse_temperature,8.30987770082419,5.825489800508249
Hattori2019,synth007,biasL,-0.0944002559823641,-0.0039687391901583
Hattori2019,synth007,learn_rate_rew,0.2299847565601505,0.7454990051819927
Hattori2019,synth007,learn_rate_unrew,0.6207431097729567,0.4866583619877939
Hattori2019,synth007,softmax_inverse_temperature,7.634911598901553,7.821752040305659
Hattori2019,synth010,biasL,-0.3269334019549894,-0.0678289414020089
Hattori2019,synth010,learn_rate_rew,0.6430440563049125,0.8622922279467646
Hattori2019,synth010,learn_rate_unrew,0.1878262129320447,0.1707547956796204
Hattori2019,synth010,softmax_inverse_temperature,10.993297091493409,11.533282314239528
Hattori2019,synth013,biasL,-1.4358586115420515,-0.8940771917062094
Hattori2019,synth013,learn_rate_rew,0.1946907954986952,0.3728005767300337
Hattori2019,synth013,learn_rate_unrew,0.2895668255440272,0.3433665140853467
Hattori2019,synth013,softmax_inverse_temperature,3.663421333427965,7.5330076111860045
Hattori2019,synth016,biasL,0.4983617763989102,0.3857534609044488
Hattori2019,synth016,learn_rate_rew,0.3807261352758487,0.7382207452442715
Hattori2019,synth016,learn_rate_unrew,0.5754575319306088,0.4896542143326839
Hattori2019,synth016,softmax_inverse_temperature,13.3513196197761,13.124343249331488
Hattori2019,synth019,biasL,-0.7564824872338823,-0.2497516759456562
Hattori2019,synth019,learn_rate_rew,0.7826202609023489,0.8562168785204773
Hattori2019,synth019,learn_rate_unrew,0.1167215602989788,0.0496910631806242
Hattori2019,synth019,softmax_inverse_temperature,16.131293586108654,18.764354136689917
Hattori2019,synth022,biasL,-0.7673678194497472,-0.3382462990774516
Hattori2019,synth022,learn_rate_rew,0.1635950312014116,0.6225749243060662
Hattori2019,synth022,learn_rate_unrew,0.1873651391580418,0.1333478151505047
Hattori2019,synth022,softmax_inverse_temperature,12.324374091189064,10.599402146771087
Hattori2019,synth025,biasL,1.4778532001657112,0.6889110371691956
Hattori2019,synth025,learn_rate_rew,0.7677228040076413,0.9110659055899776
Hattori2019,synth025,learn_rate_unrew,0.3095725756685477,0.1886206728385949
Hattori2019,synth025,softmax_inverse_temperature,4.04097975629648,4.956929403864072
Hattori2019,synth028,biasL,0.602078655067789,0.2303524247847833
Hattori2019,synth028,learn_rate_rew,0.6946751393388189,0.8735646285489542
Hattori2019,synth028,learn_rate_unrew,0.1500239362810072,0.1518169304567576
Hattori2019,synth028,softmax_inverse_temperature,9.574076852082603,8.469239745624957
Hattori2019,synth031,biasL,0.3317684325812898,0.0977441588653336
Hattori2019,synth031,learn_rate_rew,0.1698317878600487,0.4154262663479446
Hattori2019,synth031,learn_rate_unrew,0.2482431506116291,0.2743229131107145
Hattori2019,synth031,softmax_inverse_temperature,4.130514410327645,6.33564039742598
Hattori2019,synth034,biasL,0.6467588860592622,0.22003828813832
Hattori2019,synth034,learn_rate_rew,0.7213392282458482,0.8459033723028894
Hattori2019,synth034,learn_rate_unrew,0.5472761560185198,0.4963187220576679
Hattori2019,synth034,softmax_inverse_temperature,13.031622505608638,12.911074166851014
Hattori2019,synth037,biasL,1.3350442482624305,0.615236054641294
Hattori2019,synth037,learn_rate_rew,0.6795239533537929,0.9355750974138464
Hattori2019,synth037,learn_rate_unrew,0.2623747538235334,0.2306882000497055
Hattori2019,synth037,softmax_inverse_temperature,5.208761003805384,5.467872330431225
Hattori2019,synth040,biasL,1.0564352288041374,0.7936810095268643
Hattori2019,synth040,learn_rate_rew,0.508294289263943,0.7922266654617414
Hattori2019,synth040,learn_rate_unrew,0.4726185497744027,0.455552465087402
Hattori2019,synth040,softmax_inverse_temperature,13.374030244252312,14.399381489137156
Hattori2019,synth043,biasL,-0.2484645513199285,0.017579921318223
Hattori2019,synth043,learn_rate_rew,0.1581470747751124,0.557244458806915
Hattori2019,synth043,learn_rate_unrew,0.443542416328416,0.4371062375250613
Hattori2019,synth043,softmax_inverse_temperature,5.702703717270701,8.296935824439394
Hattori2019,synth046,biasL,1.0151281584023564,0.6355632194921825
Hattori2019,synth046,learn_rate_rew,0.3200474824693718,0.7756799829077382
Hattori2019,synth046,learn_rate_unrew,0.3623449223261341,0.324654243306498
Hattori2019,synth046,softmax_inverse_temperature,11.045865016418986,9.835464277277524
Hattori2019,synth049,biasL,0.8787358801698071,0.7356043292563946
Hattori2019,synth049,learn_rate_rew,0.9041037034697544,0.9196919343220896
Hattori2019,synth049,learn_rate_unrew,0.5336712962715471,0.5127398136853989
Hattori2019,synth049,softmax_inverse_temperature,1.5838255657394429,4.028488557194235
Hattori2019,synth052,biasL,0.9647517477752492,0.5126155671531498
Hattori2019,synth052,learn_rate_rew,0.2527769803344259,0.5992437674831275
Hattori2019,synth052,learn_rate_unrew,0.3654986266323182,0.3467543217729381
Hattori2019,synth052,softmax_inverse_temperature,14.262844447802811,12.24258525124564
Hattori2019,synth055,biasL,-0.3316676120410278,-0.2696294566181902
Hattori2019,synth055,learn_rate_rew,0.5207249936051351,0.8619083248276642
Hattori2019,synth055,learn_rate_unrew,0.5754358835328582,0.5839350353642724
Hattori2019,synth055,softmax_inverse_temperature,0.0,4.232970244685642
Hattori2019,synth058,biasL,0.6519604744387996,0.5373935132887204
Hattori2019,synth058,learn_rate_rew,0.3287153514761001,0.6335320812780681
Hattori2019,synth058,learn_rate_unrew,0.5053410270414079,0.4999791924092298
Hattori2019,synth058,softmax_inverse_temperature,8.504539328301139,8.81690317079256
Hattori2019,synth061,biasL,-0.0927816263793545,0.1900724206460553
Hattori2019,synth061,learn_rate_rew,0.354197289347947,0.6597154533981462
Hattori2019,synth061,learn_rate_unrew,0.2062965248072124,0.2835185122840384
Hattori2019,synth061,softmax_inverse_temperature,1.340867949775291,5.503465763507949
Hattori2019,synth064,biasL,1.1125705631839224,0.6607738227103399
Hattori2019,synth064,learn_rate_rew,0.3806192608939447,0.4755928143862559
Hattori2019,synth064,learn_rate_unrew,0.4114628653927261,0.5033388496382396
Hattori2019,synth064,softmax_inverse_temperature,13.066572115980406,14.185349423053188
Hattori2019,synth067,biasL,0.3002216363862791,0.0341883025081174
Hattori2019,synth067,learn_rate_rew,0.8231225830962817,0.8784276143094407
Hattori2019,synth067,learn_rate_unrew,0.3417302850140474,0.3860050835411224
Hattori2019,synth067,softmax_inverse_temperature,8.259837418075943,8.037851976704557
Hattori2019,synth070,biasL,-0.554711734762167,-0.4076472397176853
Hattori2019,synth070,learn_rate_rew,0.512300158698132,0.7686069557446361
Hattori2019,synth070,learn_rate_unrew,0.4467111230806335,0.4772180639441097
Hattori2019,synth070,softmax_inverse_temperature,9.629798850793984,10.550224410884736
Hattori2019,synth073,biasL,-0.719389330550072,-0.4076215725890766
Hattori2019,synth073,learn_rate_rew,0.8710334512252114,0.7860267282728516
Hattori2019,synth073,learn_rate_unrew,0.395565486346611,0.3539711713549249
Hattori2019,synth073,softmax_inverse_temperature,10.340426933310791,9.46627519739284
Hattori2019,synth076,biasL,0.1886668380026391,0.2012780517724818
Hattori2019,synth076,learn_rate_rew,0.8520824842621895,0.8795836004913321
Hattori2019,synth076,learn_rate_unrew,0.1154515642860148,0.1270168361944682
Hattori2019,synth076,softmax_inverse_temperature,7.845000019313255,9.66058852469167
Hattori2019,synth079,biasL,-0.6970580911971369,-0.5266827326934272
Hattori2019,synth079,learn_rate_rew,0.385223379282418,0.7792433855230325
Hattori2019,synth079,learn_rate_unrew,0.4474042376933453,0.4093998410309751
Hattori2019,synth079,softmax_inverse_temperature,3.503271571820493,5.498028862496758
Hattori2019,synth082,biasL,0.5411140746647166,0.3636765604986544
Hattori2019,synth082,learn_rate_rew,0.2926339316222482,0.817179474247977
Hattori2019,synth082,learn_rate_unrew,0.4032572934324101,0.3322237474854934
Hattori2019,synth082,softmax_inverse_temperature,8.018495311500052,7.660656036027246
Hattori2019,synth085,biasL,-1.3226432997743691,-0.7020779688449339
Hattori2019,synth085,learn_rate_rew,0.211024166882426,0.5963840695344833
Hattori2019,synth085,learn_rate_unrew,0.1825975395919933,0.1868604402099409
Hattori2019,synth085,softmax_inverse_temperature,3.381001440904738,5.6123153835346375
Hattori2019,synth088,biasL,-1.134709975134324,-0.5722236202781379
Hattori2019,synth088,learn_rate_rew,0.1460238271876398,0.7105786744598818
Hattori2019,synth088,learn_rate_unrew,0.4635160162167191,0.3556339538303146
Hattori2019,synth088,softmax_inverse_temperature,13.690530305009888,8.548649673450324
Hattori2019,synth091,biasL,-0.2168593306619546,-0.0030112544419969
Hattori2019,synth091,learn_rate_rew,0.25140863874732,0.5241663208151311
Hattori2019,synth091,learn_rate_unrew,0.2605623080756529,0.2806310695918161
Hattori2019,synth091,softmax_inverse_temperature,10.877155722197116,9.775372564860277
Hattori2019,synth094,biasL,0.1713912489402284,-0.0583478140243931
Hattori2019,synth094,learn_rate_rew,0.1265531733053366,0.3689171025226219
Hattori2019,synth094,learn_rate_unrew,0.4133161701043286,0.3970402342224048
Hattori2019,synth094,softmax_inverse_temperature,8.97822798409223,8.72363712080294
Hattori2019,synth097,biasL,-0.4025745105617749,-0.2131730940894624
Hattori2019,synth097,learn_rate_rew,0.5068903170021798,0.7727802230631866
Hattori2019,synth097,learn_rate_unrew,0.0779225926818596,0.056408478825666
Hattori2019,synth097,softmax_inverse_temperature,9.687801371729009,7.558439623220624
Hattori2019,synth100,biasL,-0.9218370274061696,-0.6381554562411014
Hattori2019,synth100,learn_rate_rew,0.1330981142631009,0.6849996573969528
Hattori2019,synth100,learn_rate_unrew,0.3663522612865948,0.3620981300294747
Hattori2019,synth100,softmax_inverse_temperature,12.17781221017366,9.394122495347718
Hattori2019,synth103,biasL,0.5041758429213329,0.2473114380666996
Hattori2019,synth103,learn_rate_rew,0.266792832769708,0.8379253155853468
Hattori2019,synth103,learn_rate_unrew,0.1567814184483926,0.1097809237026736
Hattori2019,synth103,softmax_inverse_temperature,9.603025557545974,9.517115045653648
Hattori2019,synth106,biasL,-1.0871505289089622,-0.5359905166775921
Hattori2019,synth106,learn_rate_rew,0.7374063354614622,0.8491376177709703
Hattori2019,synth106,learn_rate_unrew,0.0650540427343362,0.0957740313250919
Hattori2019,synth106,softmax_inverse_temperature,9.09728328364047,8.72718330078292
Hattori2019,synth109,biasL,-0.348269612403346,-0.2699963830298604
Hattori2019,synth109,learn_rate_rew,0.8166245508242034,0.8416429637683527
Hattori2019,synth109,learn_rate_unrew,0.3267715107274055,0.3179133278653071
Hattori2019,synth109,softmax_inverse_temperature,5.574691524558125,4.859545951353974
Hattori2019,synth112,biasL,-0.6888686105206763,-0.5268231681557236
Hattori2019,synth112,learn_rate_rew,0.2142507831438303,0.6510906875989535
Hattori2019,synth112,learn_rate_unrew,0.3585312492737378,0.3222627062285245
Hattori2019,synth112,softmax_inverse_temperature,7.8097037047690545,8.79060862495175
Hattori2019,synth115,biasL,-0.6958925104770007,-0.3537377712605745
Hattori2019,synth115,learn_rate_rew,0.8547987566697751,0.8477519400818831
Hattori2019,synth115,learn_rate_unrew,0.4505369163059027,0.4483078616677056
Hattori2019,synth115,softmax_inverse_temperature,11.87919725801341,11.084098587299858
Hattori2019,synth118,biasL,-1.295260236428135,-0.5810491512177858
Hattori2019,synth118,learn_rate_rew,0.3693985813215677,0.7529678991531903
Hattori2019,synth118,learn_rate_unrew,0.3045581919779253,0.285385546266278
Hattori2019,synth118,softmax_inverse_temperature,7.494925913176507,9.750048151519476
Hattori2019,synth121,biasL,1.185950695033677,0.7444672468058655
Hattori2019,synth121,learn_rate_rew,0.2551224427199366,0.5451435341412947
Hattori2019,synth121,learn_rate_unrew,0.5120140707546803,0.483009762240025
Hattori2019,synth121,softmax_inverse_temperature,11.280016670978393,12.544506635048672
Hattori2019,synth124,biasL,-0.9706868919446288,-0.5558488099126355
Hattori2019,synth124,learn_rate_rew,0.4965658013393879,0.6685305130099954
Hattori2019,synth124,learn_rate_unrew,0.5029132841238384,0.5156736966372287
Hattori2019,synth124,softmax_inverse_temperature,6.3451207880960965,7.039886680944425
Hattori2019,synth127,biasL,-0.0295553591563888,0.0197082383642636
Hattori2019,synth127,learn_rate_rew,0.5296471926510709,0.5888622185311481
Hattori2019,synth127,learn_rate_unrew,0.2720084618566,0.2292055234014334
Hattori2019,synth127,softmax_inverse_temperature,9.88025401467796,9.716728808515803
Hattori2019,synth130,biasL,0.4198764860837988,0.0391597740154043
Hattori2019,synth130,learn_rate_rew,0.7802409467540954,0.8506837504328527
Hattori2019,synth130,learn_rate_unrew,0.5936452913711451,0.5404107754151273
Hattori2019,synth130,softmax_inverse_temperature,7.850276811075955,9.93042001987673
Hattori2019,synth133,biasL,-0.1526826225094508,-0.1478206819114049
Hattori2019,synth133,learn_rate_rew,0.4261457010043368,0.7677652973018775
Hattori2019,synth133,learn_rate_unrew,0.248754313524867,0.2387417396130645
Hattori2019,synth133,softmax_inverse_temperature,16.61156814214982,15.67473740885872
Hattori2019,synth136,biasL,1.353348196405482,0.6944709395412838
Hattori2019,synth136,learn_rate_rew,0.1517468036216847,0.5475906886326319
Hattori2019,synth136,learn_rate_unrew,0.1046602945723408,0.137066710119516
Hattori2019,synth136,softmax_inverse_temperature,3.92574315611589,4.793303594656377
Hattori2019,synth139,biasL,1.5542648154483958,1.081682633225513
Hattori2019,synth139,learn_rate_rew,0.1805175220947864,0.6094872094444485
Hattori2019,synth139,learn_rate_unrew,0.521463987932471,0.5054685960542756
Hattori2019,synth139,softmax_inverse_temperature,9.088979359234807,8.692975722500604
Hattori2019,synth142,biasL,-0.027714405912525,-0.132754348257555
Hattori2019,synth142,learn_rate_rew,0.8456816987204351,0.8990057441616073
Hattori2019,synth142,learn_rate_unrew,0.0587961130124959,0.0995669948138711
Hattori2019,synth142,softmax_inverse_temperature,3.0245214430036755,4.976573438416912
Hattori2019,synth145,biasL,1.134617353751228,0.6398866944153989
Hattori2019,synth145,learn_rate_rew,0.3172646914599025,0.4907846803661286
Hattori2019,synth145,learn_rate_unrew,0.436375584693,0.4869860739546164
Hattori2019,synth145,softmax_inverse_temperature,6.4731931274280345,8.889889149043357
Hattori2019,synth148,biasL,-1.2633777061952016,-0.6936270737502614
Hattori2019,synth148,learn_rate_rew,0.4561452705640695,0.7703558858936639
Hattori2019,synth148,learn_rate_unrew,0.423741842617566,0.3661394895538993
Hattori2019,synth148,softmax_inverse_temperature,13.102367186082974,12.472402551304032
Hattori2019,synth151,biasL,-0.5629405776254257,-0.4403599103854723
Hattori2019,synth151,learn_rate_rew,0.8878720085609314,0.8793398629299172
Hattori2019,synth151,learn_rate_unrew,0.1145915011103059,0.1751882596215745
Hattori2019,synth151,softmax_inverse_temperature,4.7907923266255805,6.274761635270314
Hattori2019,synth154,biasL,-1.0253211135720055,-0.7920642350506162
Hattori2019,synth154,learn_rate_rew,0.512518848667698,0.7292393976174499
Hattori2019,synth154,learn_rate_unrew,0.4208751848317226,0.4468046496496473
Hattori2019,synth154,softmax_inverse_temperature,5.920603259625785,12.301962704760925
Hattori2019,synth157,biasL,0.2353186110958567,0.1796162339219284
Hattori2019,synth157,learn_rate_rew,0.1238682551394616,0.5837799145646307
Hattori2019,synth157,learn_rate_unrew,0.227665235666323,0.0994068677109628
Hattori2019,synth157,softmax_inverse_temperature,9.712970481829698,7.281349257729735
Hattori2019,synth160,biasL,-0.9808402090231766,-0.5443929483333554
Hattori2019,synth160,learn_rate_rew,0.5369214047250341,0.8387925207523592
Hattori2019,synth160,learn_rate_unrew,0.4735719571567844,0.4374354120185065
Hattori2019,synth160,softmax_inverse_temperature,9.791772007589552,12.110386525549597
Hattori2019,synth163,biasL,-1.151492468708767,-0.4902366280667227
Hattori2019,synth163,learn_rate_rew,0.6947039844974493,0.6818425312360828
Hattori2019,synth163,learn_rate_unrew,0.182556008218182,0.1159088793063578
Hattori2019,synth163,softmax_inverse_temperature,5.649172332734089,5.178557530282205
Hattori2019,synth166,biasL,1.2475769735395512,0.6610678717213785
Hattori2019,synth166,learn_rate_rew,0.5981151369387654,0.9133490934831489
Hattori2019,synth166,learn_rate_unrew,0.5057769622004193,0.5242902293499239
Hattori2019,synth166,softmax_inverse_temperature,15.360194545616569,15.420318964272644
Hattori2019,synth169,biasL,1.303862851796212,1.0321230166806692
Hattori2019,synth169,learn_rate_rew,0.6152620484498945,0.7795445339283997
Hattori2019,synth169,learn_rate_unrew,0.541724118171317,0.5320057478648558
Hattori2019,synth169,softmax_inverse_temperature,6.991864409040432,4.691877033117807
Hattori2019,synth172,biasL,-1.2458483375155829,-0.7629374050552871
Hattori2019,synth172,learn_rate_rew,0.5217833726590172,0.7902279878752123
Hattori2019,synth172,learn_rate_unrew,0.3618745031720238,0.3354583482659891
Hattori2019,synth172,softmax_inverse_temperature,5.469489759887937,5.731025297049127
Hattori2019,synth175,biasL,1.2495875517030923,0.6386569559879616
Hattori2019,synth175,learn_rate_rew,0.3957054084415636,0.7103122439771872
Hattori2019,synth175,learn_rate_unrew,0.2936002166092627,0.328587524579497
Hattori2019,synth175,softmax_inverse_temperature,6.194856319315164,6.310801966445558
Hattori2019,synth178,biasL,1.5126221987726152,0.8169569016707869
Hattori2019,synth178,learn_rate_rew,0.5700674113416572,0.8998992809512607
Hattori2019,synth178,learn_rate_unrew,0.3307773979917314,0.3125199571459717
Hattori2019,synth178,softmax_inverse_temperature,3.220594482873166,5.571197639072208
Hattori2019,synth181,biasL,0.0289461898920066,0.143524684649495
Hattori2019,synth181,learn_rate_rew,0.2346904481590174,0.6967049191402216
Hattori2019,synth181,learn_rate_unrew,0.2236235889087237,0.1317839990343908
Hattori2019,synth181,softmax_inverse_temperature,4.025019803285716,5.178495688499604
Hattori2019,synth184,biasL,-1.2030544689627232,-0.8135980469432889
Hattori2019,synth184,learn_rate_rew,0.5686796571119935,0.7915963246201004
Hattori2019,synth184,learn_rate_unrew,0.6039111458150271,0.6400699357306394
Hattori2019,synth184,softmax_inverse_temperature,10.092897787729491,11.906732456800777
Hattori2019,synth187,biasL,0.7227244338017536,0.3682053415216814
Hattori2019,synth187,learn_rate_rew,0.5030535377977502,0.6593656399655814
Hattori2019,synth187,learn_rate_unrew,0.1259773642528091,0.0728836073729329
Hattori2019,synth187,softmax_inverse_temperature,5.872520315673441,4.7994403052869465
Hattori2019,synth190,biasL,1.2156257236035108,0.7290976346855984
Hattori2019,synth190,learn_rate_rew,0.6576142065149888,0.9181614992024012
Hattori2019,synth190,learn_rate_unrew,0.2534178274773927,0.295331852740966
Hattori2019,synth190,softmax_inverse_temperature,5.136565511758512,6.443280683958264
Hattori2019,synth193,biasL,0.2496421272887504,0.3364600455065203
Hattori2019,synth193,learn_rate_rew,0.4174301934620902,0.6939447815022519
Hattori2019,synth193,learn_rate_unrew,0.1691922157313125,0.1885762075196349
Hattori2019,synth193,softmax_inverse_temperature,8.78852688327602,7.727272635558414
Hattori2019,synth196,biasL,-1.1842957378154444,-0.6565251795399674
Hattori2019,synth196,learn_rate_rew,0.1283008747269325,0.7257427205549183
Hattori2019,synth196,learn_rate_unrew,0.4058891638413241,0.4071198252746553
Hattori2019,synth196,softmax_inverse_temperature,5.783374114766575,6.710454273409079
Hattori2019,synth199,biasL,-0.1748790383132847,0.072404930632282
Hattori2019,synth199,learn_rate_rew,0.7220354983461635,0.6120497601688646
Hattori2019,synth199,learn_rate_unrew,0.3519012008494259,0.4439325951067385
Hattori2019,synth199,softmax_inverse_temperature,4.743302537880771,4.779397258280449
RescorlaWagner,synth002,biasL,-1.085214802922133,-0.4711458496511421
RescorlaWagner,synth002,learn_rate,0.3369600058590548,0.7240922748042041
RescorlaWagner,synth002,epsilon,0.3181476404752878,0.2125471409579556
RescorlaWagner,synth005,biasL,0.6581405397928001,0.388676764821358
RescorlaWagner,synth005,learn_rate,0.4398632692422188,0.926735854593195
RescorlaWagner,synth005,epsilon,0.2952844040148081,0.1946842003983507
RescorlaWagner,synth008,biasL,-0.3567504967573627,-0.429206289527637
RescorlaWagner,synth008,learn_rate,0.0569018559243531,0.4641926374148528
RescorlaWagner,synth008,epsilon,0.2083490371616731,0.156658941132303
RescorlaWagner,synth011,biasL,0.6761694529311562,0.4915660206214058
RescorlaWagner,synth011,learn_rate,0.4951418342060074,0.6719625389067878
RescorlaWagner,synth011,epsilon,0.0318481983595154,0.0405084343349572
RescorlaWagner,synth014,biasL,1.3397766751713491,0.6268807825329009
RescorlaWagner,synth014,learn_rate,0.3164129209089199,0.8195073407580118
RescorlaWagner,synth014,epsilon,0.1985105178587957,0.1368930003139875
RescorlaWagner,synth017,biasL,0.7175746298477024,0.4304970228209817
RescorlaWagner,synth017,learn_rate,0.5790759205228454,0.8360101921871952
RescorlaWagner,synth017,epsilon,0.1927804741057507,0.1580308706819383
RescorlaWagner,synth020,biasL,0.6588953464165006,0.547831861110562
RescorlaWagner,synth020,learn_rate,0.4229381562236999,0.7104208013222866
RescorlaWagner,synth020,epsilon,0.0958442930033614,0.0653518467129157
RescorlaWagner,synth023,biasL,1.1225517650758503,0.7884039119676354
RescorlaWagner,synth023,learn_rate,0.5569165365953855,0.7954104694449166
RescorlaWagner,synth023,epsilon,0.0316589438116414,0.0029003243521351
RescorlaWagner,synth026,biasL,-1.1185366710792597,-0.576979693816058
RescorlaWagner,synth026,learn_rate,0.027690052279596,0.6081181258557031
RescorlaWagner,synth026,epsilon,0.1905555653951791,0.123017118503173
RescorlaWagner,synth029,biasL,-0.0033640022155758,0.1090908420029809
RescorlaWagner,synth029,learn_rate,0.8151155312001698,0.9298303203229096
RescorlaWagner,synth029,epsilon,0.2164760816497291,0.1677633730335566
RescorlaWagner,synth032,biasL,-0.2252823979229103,-0.4531531860497602
RescorlaWagner,synth032,learn_rate,0.635218454994828,0.6837530294619537
RescorlaWagner,synth032,epsilon,0.1687998709929155,0.1635669856477995
RescorlaWagner,synth035,biasL,0.9503453172899357,0.3776671660777001
RescorlaWagner,synth035,learn_rate,0.3820975266463122,0.8716562158679815
RescorlaWagner,synth035,epsilon,0.3254520017702553,0.2033411150517029
RescorlaWagner,synth038,biasL,-1.0396088379682698,-0.7479247564577148
RescorlaWagner,synth038,learn_rate,0.3080840130504395,0.7462985373078442
RescorlaWagner,synth038,epsilon,0.086451809619747,0.0485068194759912
RescorlaWagner,synth041,biasL,0.9619134070012032,0.3868239552784193
RescorlaWagner,synth041,learn_rate,0.66848976127976,0.9141386128477568
RescorlaWagner,synth041,epsilon,0.2869436776062195,0.2036770757613698
RescorlaWagner,synth044,biasL,-0.8423337606389943,-0.5335774142294236
RescorlaWagner,synth044,learn_rate,0.0585911266934834,0.5676697051329678
RescorlaWagner,synth044,epsilon,0.1762545409938295,0.1181073997700781
RescorlaWagner,synth047,biasL,1.3055560106181927,0.8366456802426903
RescorlaWagner,synth047,learn_rate,0.8896132884446196,0.8671142432395968
RescorlaWagner,synth047,epsilon,0.0900517074752556,0.0673405815724082
RescorlaWagner,synth050,biasL,-0.2281949055961058,0.1724437459524573
RescorlaWagner,synth050,learn_rate,0.8193086162166701,0.7771623896132998
RescorlaWagner,synth050,epsilon,0.041507860332351,0.0573643229097529
RescorlaWagner,synth053,biasL,-0.8284542102540625,-0.4300753118890416
RescorlaWagner,synth053,learn_rate,0.4030784379082102,0.7107380803308433
RescorlaWagner,synth053,epsilon,0.2356151179568817,0.1871215897570492
RescorlaWagner,synth056,biasL,1.2538214911403245,0.8382498506562311
RescorlaWagner,synth056,learn_rate,0.8927590577364863,0.984289016597825
RescorlaWagner,synth056,epsilon,0.0793705835132772,0.0517222865473497
RescorlaWagner,synth059,biasL,-0.8922185879697415,-0.6321009248248617
RescorlaWagner,synth059,learn_rate,0.2153499162042224,0.6555496783209344
RescorlaWagner,synth059,epsilon,0.1372680816113349,0.0994012494688786
RescorlaWagner,synth062,biasL,1.2349316185295507,0.5656531759609159
RescorlaWagner,synth062,learn_rate,0.8031416207833372,0.9312063446660565
RescorlaWagner,synth062,epsilon,0.2827506739328687,0.1768063308081021
RescorlaWagner,synth065,biasL,0.9183771238431702,0.4368765865859766
RescorlaWagner,synth065,learn_rate,0.6010680811968991,0.9034859837550276
RescorlaWagner,synth065,epsilon,0.2540910495007721,0.1706987599303582
RescorlaWagner,synth068,biasL,0.3436954288259597,0.0705559959019988
RescorlaWagner,synth068,learn_rate,0.8597164249379079,1.031140320679533
RescorlaWagner,synth068,epsilon,0.2597564691117209,0.1962834263415935
RescorlaWagner,synth071,biasL,-1.3096562939018466,-0.8140616526397418
RescorlaWagner,synth071,learn_rate,0.86146313951057,1.1338519117130192
RescorlaWagner,synth071,epsilon,0.1112612540932739,0.032457418371925
RescorlaWagner,synth074,biasL,-0.9955891921028848,-0.4944058649902259
RescorlaWagner,synth074,learn_rate,0.7548080758731496,0.8226232680881791
RescorlaWagner,synth074,epsilon,0.1331339099940534,0.1226379247862614
RescorlaWagner,synth077,biasL,0.106842523902624,-0.0027845858002032
RescorlaWagner,synth077,learn_rate,0.6508655610579315,0.7887565043404781
RescorlaWagner,synth077,epsilon,0.2801457690231238,0.2081595450889065
RescorlaWagner,synth080,biasL,-0.7738018327909574,-0.660163655381228
RescorlaWagner,synth080,learn_rate,0.2363830664876743,0.6448550340206751
RescorlaWagner,synth080,epsilon,0.1067938340699857,0.0950478112364048
RescorlaWagner,synth083,biasL,-0.6958761398452915,-0.5604380137304487
RescorlaWagner,synth083,learn_rate,0.6929214851434393,0.8225123387302439
RescorlaWagner,synth083,epsilon,0.091794557314487,0.0783605542856114
RescorlaWagner,synth086,biasL,0.1901403621801037,0.0552978910462793
RescorlaWagner,synth086,learn_rate,0.6049012664971887,0.8507754614008455
RescorlaWagner,synth086,epsilon,0.2677355469682997,0.1906553244272844
RescorlaWagner,synth089,biasL,-0.8573089458851468,-0.2577070583605099
RescorlaWagner,synth089,learn_rate,0.7245208653297737,0.7900574402482263
RescorlaWagner,synth089,epsilon,0.391348327194635,0.2729056684865021
RescorlaWagner,synth092,biasL,-0.8192549456651911,-0.49734318992272
RescorlaWagner,synth092,learn_rate,0.2050094583159754,0.4116800892322717
RescorlaWagner,synth092,epsilon,0.1819596449520424,0.1079681784607259
RescorlaWagner,synth095,biasL,0.5966421800991442,0.1807258001372663
RescorlaWagner,synth095,learn_rate,0.6775203492434594,0.886443565803253
RescorlaWagner,synth095,epsilon,0.1490569998419055,0.1352601676919613
RescorlaWagner,synth098,biasL,1.3964200745522803,0.7454891338902344
RescorlaWagner,synth098,learn_rate,0.835522822115309,0.8907244118854931
RescorlaWagner,synth098,epsilon,0.0954722729684039,0.0877959213142447
RescorlaWagner,synth101,biasL,-0.998837634122398,-0.374103471356234
RescorlaWagner,synth101,learn_rate,0.1577900896377171,0.5618956151142914
RescorlaWagner,synth101,epsilon,0.3331823798759255,0.2266419184024094
RescorlaWagner,synth104,biasL,0.9952089894725744,0.4286806364219606
RescorlaWagner,synth104,learn_rate,0.1942211030896884,0.7330847161052844
RescorlaWagner,synth104,epsilon,0.2606166716019762,0.1437518877023175
RescorlaWagner,synth107,biasL,1.046387283785963,0.5895565776404345
RescorlaWagner,synth107,learn_rate,0.0926673156366098,0.6674296176718194
RescorlaWagner,synth107,epsilon,0.0437529843977252,0.0322444935077364
RescorlaWagner,synth110,biasL,-0.0232580553898751,-0.0280310405603145
RescorlaWagner,synth110,learn_rate,0.3098916680638686,0.7798143395626798
RescorlaWagner,synth110,epsilon,0.3456738095920704,0.2047348163913801
RescorlaWagner,synth113,biasL,-1.0832420806374123,-0.399529622468301
RescorlaWagner,synth113,learn_rate,0.3539478917520613,0.7276814119151311
RescorlaWagner,synth113,epsilon,0.3664107121689414,0.2339995779106801
RescorlaWagner,synth116,biasL,1.1240313300614164,0.6534929284462476
RescorlaWagner,synth116,learn_rate,0.4870031009355648,0.7830036679442713
RescorlaWagner,synth116,epsilon,0.1004264638634076,0.0963615012217392
RescorlaWagner,synth119,biasL,0.9563124574107256,0.7228892353884214
RescorlaWagner,synth119,learn_rate,0.4794822178471049,0.8527458656560793
RescorlaWagner,synth119,epsilon,0.0661765079454332,0.052654012563112
RescorlaWagner,synth122,biasL,-0.6055787588140309,-0.5569745373062284
RescorlaWagner,synth122,learn_rate,0.6972802933411711,0.8276707331046284
RescorlaWagner,synth122,epsilon,0.1584623815678343,0.1087489452114802
RescorlaWagner,synth125,biasL,0.2975659148085237,0.2052148770101421
RescorlaWagner,synth125,learn_rate,0.9168831600262538,1.017981022482661
RescorlaWagner,synth125,epsilon,0.2597262793635355,0.1972301627641451
RescorlaWagner,synth128,biasL,-0.3292125536521614,-0.6265891849812363
RescorlaWagner,synth128,learn_rate,0.437728244462577,0.6399465589119931
RescorlaWagner,synth128,epsilon,0.0740553922156283,0.0462288296115439
RescorlaWagner,synth131,biasL,-0.4337067501566244,-0.6551364085803953
RescorlaWagner,synth131,learn_rate,0.8447088859030409,1.059541318366347
RescorlaWagner,synth131,epsilon,0.1195061269699698,0.1195795665538055
RescorlaWagner,synth134,biasL,-0.6331122366069194,-0.333889522346615
RescorlaWagner,synth134,learn_rate,0.5810806813930012,0.7196453278987103
RescorlaWagner,synth134,epsilon,0.2966528668233862,0.2529711372279185
RescorlaWagner,synth137,biasL,1.4316037820298049,0.6661752822653293
RescorlaWagner,synth137,learn_rate,0.379388062325697,0.8033115716651198
RescorlaWagner,synth137,epsilon,0.181869534273334,0.1052585263889533
RescorlaWagner,synth140,biasL,-0.2149399771413101,0.1202392161339526
RescorlaWagner,synth140,learn_rate,0.3435208396075472,0.466111460069029
RescorlaWagner,synth140,epsilon,0.0508692159961582,0.0608132457692425
RescorlaWagner,synth143,biasL,-1.0265848826528572,-0.4477227407519394
RescorlaWagner,synth143,learn_rate,0.6660612361958883,0.8030536031886217
RescorlaWagner,synth143,epsilon,0.1667747257026459,0.1840476396342551
RescorlaWagner,synth146,biasL,1.23983798751483,0.7518945816412311
RescorlaWagner,synth146,learn_rate,0.5943087347412682,0.8848558359229424
RescorlaWagner,synth146,epsilon,0.1575683146362696,0.095162227467709
RescorlaWagner,synth149,biasL,1.0051111150026442,0.7667741525901217
RescorlaWagner,synth149,learn_rate,0.669615639321947,0.8480854843360842
RescorlaWagner,synth149,epsilon,0.0510336794763926,0.0184437845161205
RescorlaWagner,synth152,biasL,-0.010180478164188,0.0916080180338527
RescorlaWagner,synth152,learn_rate,0.8959106114793536,0.8106309725061959
RescorlaWagner,synth152,epsilon,0.098803482600427,0.1259992132694785
RescorlaWagner,synth155,biasL,-0.2477007984745508,-0.5522512357935581
RescorlaWagner,synth155,learn_rate,0.2229537038707361,0.5037648342691932
RescorlaWagner,synth155,epsilon,0.089491145109544,0.0729540993218968
RescorlaWagner,synth158,biasL,1.1950994647887017,0.7687550339140438
RescorlaWagner,synth158,learn_rate,0.6270876720773794,0.8127429523747789
RescorlaWagner,synth158,epsilon,0.0418395931062179,0.0436495888624128
RescorlaWagner,synth161,biasL,-1.3327037652979363,-0.8259065207013824
RescorlaWagner,synth161,learn_rate,0.5067974171886035,0.9184582262639428
RescorlaWagner,synth161,epsilon,0.0491242784966055,0.0025023323482861
RescorlaWagner,synth164,biasL,-1.1268883269814056,-0.3296847304037875
RescorlaWagner,synth164,learn_rate,0.883143923623736,0.9362883906306538
RescorlaWagner,synth164,epsilon,0.313228171874141,0.2287395525037235
RescorlaWagner,synth167,biasL,1.2721865160108825,0.5069833397928225
RescorlaWagner,synth167,learn_rate,0.5619205651055,0.8478453527086299
RescorlaWagner,synth167,epsilon,0.2199279644708277,0.1444916424157165
RescorlaWagner,synth170,biasL,-0.178670176524922,0.002691518090227
RescorlaWagner,synth170,learn_rate,0.4675773548183122,0.7261448841795821
RescorlaWagner,synth170,epsilon,0.234248576221622,0.1648747141636924
RescorlaWagner,synth173,biasL,0.4708919728729994,0.2188592246264032
RescorlaWagner,synth173,learn_rate,0.3086062310752158,0.6379120863180087
RescorlaWagner,synth173,epsilon,0.1209846708112118,0.1162318678743256
RescorlaWagner,synth176,biasL,-0.1268727218284736,0.1296323030746357
RescorlaWagner,synth176,learn_rate,0.6189736279631538,0.8252009374232282
RescorlaWagner,synth176,epsilon,0.0678290353576161,0.0433115038640844
RescorlaWagner,synth179,biasL,-0.7888812134988342,-0.4569465038350058
RescorlaWagner,synth179,learn_rate,0.1644853813773943,0.5679178547477356
RescorlaWagner,synth179,epsilon,0.2225792605601342,0.150628230269432
RescorlaWagner,synth182,biasL,0.0567765619857761,0.0969561456915364
RescorlaWagner,synth182,learn_rate,0.1070400943939163,0.3694509156386354
RescorlaWagner,synth182,epsilon,0.1176940409390679,0.0904480751160526
RescorlaWagner,synth185,biasL,-0.2562185051059537,0.1066165387220174
RescorlaWagner,synth185,learn_rate,0.5986310374761092,0.7202559158680177
RescorlaWagner,synth185,epsilon,0.0827378101663548,0.0926341196970457
RescorlaWagner,synth188,biasL,-0.9720023004859176,-0.5153609098524389
RescorlaWagner,synth188,learn_rate,0.7269178075069191,0.888790606339662
RescorlaWagner,synth188,epsilon,0.220882831594919,0.1673999079331438
RescorlaWagner,synth191,biasL,0.3242621140356707,0.1626880856776342
RescorlaWagner,synth191,learn_rate,0.1494028395153591,0.5001140493699958
RescorlaWagner,synth191,epsilon,0.1733875048763594,0.1082374086881948
RescorlaWagner,synth194,biasL,-0.2010114876240904,-0.2932921084236385
RescorlaWagner,synth194,learn_rate,0.3749350784753418,0.5333253350879891
RescorlaWagner,synth194,epsilon,0.2855185993048111,0.2228818496350607
RescorlaWagner,synth197,biasL,-0.4309754052816402,-0.3479015555473543
RescorlaWagner,synth197,learn_rate,0.6564933413394389,0.7123446532968406
RescorlaWagner,synth197,epsilon,0.3345895741867888,0.2819722149145491
