true_family,subject_id,param,true_initial,gru_pred_static
QLearning,synth000,biasL,0.8585025716686541,0.5639933477561168
QLearning,synth000,choice_kernel_relative_weight,0.2194392198760261,0.2163808306573759
QLearning,synth000,forget_rate_unchosen,0.343439167964553,0.1638707043239646
QLearning,synth000,learn_rate,0.6918033392514339,0.8864848239435168
QLearning,synth000,softmax_inverse_temperature,2.346011450511339,6.024791009902524
QLearning,synth003,biasL,1.0435878148124234,0.4227796197325721
QLearning,synth003,choice_kernel_relative_weight,0.331258808530291,0.3357985834860237
QLearning,synth003,forget_rate_unchosen,0.2450117460181208,0.1987083166285344
QLearning,synth003,learn_rate,0.818737188992684,0.9035202415379991
QLearning,synth003,softmax_inverse_temperature,11.768174000492449,9.918975690280172
QLearning,synth006,biasL,0.3096307458745087,0.3187957222432218
QLearning,synth006,choice_kernel_relative_weight,0.1397001150140358,0.1151801642138822
QLearning,synth006,forget_rate_unchosen,0.0132840986484768,0.192443314488851
QLearning,synth006,learn_rate,0.7808731918079431,0.9825245892997072
QLearning,synth006,softmax_inverse_temperature,3.984018524938871,4.714950207794612
QLearning,synth009,biasL,-0.9343552279518184,-0.603952304596151
QLearning,synth009,choice_kernel_relative_weight,0.4802147255248253,0.5571087258122764
QLearning,synth009,forget_rate_unchosen,0.3733493558791571,0.2263453077045703
QLearning,synth009,learn_rate,0.2980898798294975,0.911001308801576
QLearning,synth009,softmax_inverse_temperature,19.85412779919184,19.57069883658395
QLearning,synth012,biasL,0.9221729847488848,0.1655434684570815
QLearning,synth012,choice_kernel_relative_weight,0.0465455241553317,0.1162375709268286
QLearning,synth012,forget_rate_unchosen,0.001179273878016,0.1704140010800619
QLearning,synth012,learn_rate,0.243250999860812,0.6774999768648012
QLearning,synth012,softmax_inverse_temperature,6.419693535296198,2.709930240819733
QLearning,synth015,biasL,0.5353993951460454,0.3166562437097671
QLearning,synth015,choice_kernel_relative_weight,0.1670115144443208,0.2363400995623827
QLearning,synth015,forget_rate_unchosen,0.2741936318797949,0.1602954956756764
QLearning,synth015,learn_rate,0.2443613175559003,0.5539036799844317
QLearning,synth015,softmax_inverse_temperature,11.814699501276728,9.29452319018279
QLearning,synth018,biasL,-0.6534413492573217,-0.6746921993599257
QLearning,synth018,choice_kernel_relative_weight,0.4516025443109911,0.3569083240820359
QLearning,synth018,forget_rate_unchosen,0.0735818437173169,0.2036681555868021
QLearning,synth018,learn_rate,0.2408607552086757,0.6445200119270847
QLearning,synth018,softmax_inverse_temperature,3.0542530804851236,3.236164378345035
QLearning,synth021,biasL,-0.1820918024609668,-0.024335510540002
QLearning,synth021,choice_kernel_relative_weight,0.4382479014709382,0.3927137505558418
QLearning,synth021,forget_rate_unchosen,0.1435838705082373,0.2110963716008014
QLearning,synth021,learn_rate,0.6894116481553358,0.8523395945950941
QLearning,synth021,softmax_inverse_temperature,7.828251787493581,10.007024136231225
QLearning,synth024,biasL,-1.1118865905055857,-0.2470874498325765
QLearning,synth024,choice_kernel_relative_weight,0.444871381362047,0.4382516702334735
QLearning,synth024,forget_rate_unchosen,0.3167963809359608,0.153161923273006
QLearning,synth024,learn_rate,0.1655661090319769,0.4939681237110736
QLearning,synth024,softmax_inverse_temperature,12.970746891839298,8.082179611054011
QLearning,synth027,biasL,1.466494854072249,0.7634113280340169
QLearning,synth027,choice_kernel_relative_weight,0.2164348911436341,0.1927784934769967
QLearning,synth027,forget_rate_unchosen,0.2494843301433072,0.203230907533249
QLearning,synth027,learn_rate,0.4371091129624747,0.7963267676738162
QLearning,synth027,softmax_inverse_temperature,4.181110132999285,6.6125153534639765
QLearning,synth030,biasL,-0.9258317747344728,-0.2296947791415058
QLearning,synth030,choice_kernel_relative_weight,0.4782502533797175,0.4489634211000337
QLearning,synth030,forget_rate_unchosen,0.2816360768882431,0.1891745493467279
QLearning,synth030,learn_rate,0.6184760785435808,0.8301800219824811
QLearning,synth030,softmax_inverse_temperature,9.555359938196036,9.801878075221268
QLearning,synth033,biasL,-0.1344904343625715,0.051791963388553
QLearning,synth033,choice_kernel_relative_weight,0.2486242818588563,0.2552221041472242
QLearning,synth033,forget_rate_unchosen,0.0103350910904402,0.1855004811909456
QLearning,synth033,learn_rate,0.5062918134158966,0.7545832709711051
QLearning,synth033,softmax_inverse_temperature,9.000156477761973,10.902559037682815
QLearning,synth036,biasL,-0.5922276335933778,-0.3507585415033181
QLearning,synth036,choice_kernel_relative_weight,0.1108762719538636,0.0761909516844276
QLearning,synth036,forget_rate_unchosen,0.3815359494256194,0.1630070330446884
QLearning,synth036,learn_rate,0.8644317358704716,1.003163654881729
QLearning,synth036,softmax_inverse_temperature,5.744364177051137,6.64552554414821
QLearning,synth039,biasL,-0.5331501096940879,-0.5472794461721899
QLearning,synth039,choice_kernel_relative_weight,0.0194676657905363,0.0873593800663972
QLearning,synth039,forget_rate_unchosen,0.0193673017871415,0.1327355578054866
QLearning,synth039,learn_rate,0.3361035773189102,0.6202533829041642
QLearning,synth039,softmax_inverse_temperature,5.874982317641381,0.9335473327888284
QLearning,synth042,biasL,1.3440726517261,0.8309439335067674
QLearning,synth042,choice_kernel_relative_weight,0.2004692607037952,0.152090418736209
QLearning,synth042,forget_rate_unchosen,0.0759146599977846,0.2127633982535453
QLearning,synth042,learn_rate,0.8028419413151384,0.9885851442577536
QLearning,synth042,softmax_inverse_temperature,1.4250146869686908,5.269296232504358
QLearning,synth045,biasL,0.2037152949490273,0.1523777866722175
QLearning,synth045,choice_kernel_relative_weight,0.139198566457799,0.1329019389705547
QLearning,synth045,forget_rate_unchosen,0.2084107490807092,0.1523752391412051
QLearning,synth045,learn_rate,0.7834456349698607,0.9238958837539676
QLearning,synth045,softmax_inverse_temperature,3.308573936435341,5.844594243777118
QLearning,synth048,biasL,1.4539124590626498,0.4821510811642393
QLearning,synth048,choice_kernel_relative_weight,0.4229355616463854,0.389622166418932
QLearning,synth048,forget_rate_unchosen,0.2557220223101825,0.209801146246104
QLearning,synth048,learn_rate,0.8239947301949898,0.9583748108961452
QLearning,synth048,softmax_inverse_temperature,9.309397224309986,10.932026674765726
QLearning,synth051,biasL,0.6341166544540447,0.3761014842388048
QLearning,synth051,choice_kernel_relative_weight,0.1139653622275359,0.1231248117896638
QLearning,synth051,forget_rate_unchosen,0.3048462948137536,0.1821178368037335
QLearning,synth051,learn_rate,0.5251057585094683,0.8257132909109566
QLearning,synth051,softmax_inverse_temperature,13.114295587897152,12.444669321048114
QLearning,synth054,biasL,-0.9586054956334236,-0.8117426799823471
QLearning,synth054,choice_kernel_relative_weight,0.1703241806695772,0.1366595504691248
QLearning,synth054,forget_rate_unchosen,0.2762818193117088,0.1697324862347175
QLearning,synth054,learn_rate,0.7968179092165233,0.964580849953574
QLearning,synth054,softmax_inverse_temperature,5.1212522499790385,5.128898388190014
QLearning,synth057,biasL,-1.2621624929625108,-0.4458165718486655
QLearning,synth057,choice_kernel_relative_weight,0.3361543176690711,0.3327325420313343
QLearning,synth057,forget_rate_unchosen,0.0494947571217426,0.179233865079934
QLearning,synth057,learn_rate,0.4294045568163105,0.6842198127619579
QLearning,synth057,softmax_inverse_temperature,8.072650756810564,7.775504965995185
QLearning,synth060,biasL,-0.90458270013613,-0.0873239861898036
QLearning,synth060,choice_kernel_relative_weight,0.4635424723788065,0.4615955355151622
QLearning,synth060,forget_rate_unchosen,0.0857403484707051,0.197373467792165
QLearning,synth060,learn_rate,0.8543466493494178,0.8442276500911735
QLearning,synth060,softmax_inverse_temperature,10.773431166713602,11.239538628628784
QLearning,synth063,biasL,-1.3797348323774792,-0.5182947928986832
QLearning,synth063,choice_kernel_relative_weight,0.3680548872572159,0.3792268529666526
QLearning,synth063,forget_rate_unchosen,0.0197380570168674,0.202356582279063
QLearning,synth063,learn_rate,0.0555505575880828,0.5082746136644303
QLearning,synth063,softmax_inverse_temperature,8.857030102396314,6.59022291752249
QLearning,synth066,biasL,0.9932004603581254,0.6821296678189741
QLearning,synth066,choice_kernel_relative_weight,0.4557202209081316,0.3518821426485573
QLearning,synth066,forget_rate_unchosen,0.0543870699510313,0.241208333556436
QLearning,synth066,learn_rate,0.8379034301969419,0.9574559230787912
QLearning,synth066,softmax_inverse_temperature,2.9273684733855023,6.300453265113487
QLearning,synth069,biasL,0.3195059398887032,0.155034107428698
QLearning,synth069,choice_kernel_relative_weight,0.0023402802538413,-0.0675022629132486
QLearning,synth069,forget_rate_unchosen,0.1566988110876451,0.2234888576478144
QLearning,synth069,learn_rate,0.5853644673382412,0.8327105811423204
QLearning,synth069,softmax_inverse_temperature,15.143206128921662,12.842304500251888
QLearning,synth072,biasL,-0.7435282649434498,-0.428368881192037
QLearning,synth072,choice_kernel_relative_weight,0.362076256686086,0.3296206380800035
QLearning,synth072,forget_rate_unchosen,0.1544227306139793,0.1668618526964531
QLearning,synth072,learn_rate,0.2438175251182992,0.4939581682370068
QLearning,synth072,softmax_inverse_temperature,5.074806506320956,6.7596175115105
QLearning,synth075,biasL,0.5383656383350999,0.455516951771783
QLearning,synth075,choice_kernel_relative_weight,0.3622024242187185,0.3018369160777503
QLearning,synth075,forget_rate_unchosen,0.2411450370643455,0.165296568018797
QLearning,synth075,learn_rate,0.4323570641147565,0.6328117888429005
QLearning,synth075,softmax_inverse_temperature,6.117158807424017,7.457877582217301
QLearning,synth078,biasL,-0.3205930139367763,0.0849292554273541
QLearning,synth078,choice_kernel_relative_weight,0.4359103920463862,0.3857680227422212
QLearning,synth078,forget_rate_unchosen,0.0554473639689431,0.2043433387246346
QLearning,synth078,learn_rate,0.4385941330450347,0.7073089347082536
QLearning,synth078,softmax_inverse_temperature,8.402886353857786,9.520406436004404
QLearning,synth081,biasL,-1.0785383709466043,-0.3992798497718492
QLearning,synth081,choice_kernel_relative_weight,0.0498685463983837,0.0584186799848879
QLearning,synth081,forget_rate_unchosen,0.054046558669851,0.1279919105908513
QLearning,synth081,learn_rate,0.4446388999626058,0.6841058149274255
QLearning,synth081,softmax_inverse_temperature,8.493887889532527,7.463403653548061
QLearning,synth084,biasL,-0.7874827236475369,-0.3942230352180313
QLearning,synth084,choice_kernel_relative_weight,0.2425376728282416,0.2611183928202039
QLearning,synth084,forget_rate_unchosen,0.0493184434600567,0.1943046658229898
QLearning,synth084,learn_rate,0.6847633356376754,0.9325155093201878
QLearning,synth084,softmax_inverse_temperature,8.777722497749249,9.818183635074062
QLearning,synth087,biasL,1.5659726260126707,0.3963195743141074
QLearning,synth087,choice_kernel_relative_weight,0.4510386638609552,0.3463633463879787
QLearning,synth087,forget_rate_unchosen,0.0123751230214863,0.2041765185545269
QLearning,synth087,learn_rate,0.2784618166785139,0.6915298634519973
QLearning,synth087,softmax_inverse_temperature,10.999041638901256,10.195422513113368
QLearning,synth090,biasL,-0.6882090514611887,-0.1666703578904536
QLearning,synth090,choice_kernel_relative_weight,0.2200165511644582,0.3113025467734187
QLearning,synth090,forget_rate_unchosen,0.3305554262755175,0.1771958117575387
QLearning,synth090,learn_rate,0.8045346029939556,0.969327410574321
QLearning,synth090,softmax_inverse_temperature,12.003389322549024,8.351495329136426
QLearning,synth093,biasL,-1.3030891312241026,-0.5098897960595021
QLearning,synth093,choice_kernel_relative_weight,0.3084652175764329,0.3429251249222598
QLearning,synth093,forget_rate_unchosen,0.1206644748032783,0.2139764185359255
QLearning,synth093,learn_rate,0.6780747218551139,0.9306595191195964
QLearning,synth093,softmax_inverse_temperature,10.680648659093492,8.946049085644134
QLearning,synth096,biasL,1.1314371567186248,0.7214136951046894
QLearning,synth096,choice_kernel_relative_weight,0.0823741551588333,0.1128613073537812
QLearning,synth096,forget_rate_unchosen,0.0759438629082256,0.213441142203427
QLearning,synth096,learn_rate,0.8707666293497951,1.0375335207369891
QLearning,synth096,softmax_inverse_temperature,15.631976257908562,9.048614158536807
QLearning,synth099,biasL,1.018361803135216,0.5709462973918917
QLearning,synth099,choice_kernel_relative_weight,0.2831612508917237,0.2999177594574014
QLearning,synth099,forget_rate_unchosen,0.1913654408081369,0.2046374850236375
QLearning,synth099,learn_rate,0.8005484681244932,1.0263745804017312
QLearning,synth099,softmax_inverse_temperature,7.042122888792256,7.021863404330766
QLearning,synth102,biasL,-1.0271085610749056,-0.7771023200439799
QLearning,synth102,choice_kernel_relative_weight,0.4140251929868249,0.3205892792094264
QLearning,synth102,forget_rate_unchosen,0.3231179150842937,0.1541040006906115
QLearning,synth102,learn_rate,0.3120578673381992,0.4598149325665173
QLearning,synth102,softmax_inverse_temperature,4.765968441721233,5.522586298488054
QLearning,synth105,biasL,0.37718752044283,0.2575216994787834
QLearning,synth105,choice_kernel_relative_weight,0.07749713402959,0.0810466573529803
QLearning,synth105,forget_rate_unchosen,0.1602426955001838,0.1420747198067279
QLearning,synth105,learn_rate,0.677143834669782,0.903584038248812
QLearning,synth105,softmax_inverse_temperature,1.7601712336351123,4.260526505847819
QLearning,synth108,biasL,0.4892779985712377,0.2365239510758874
QLearning,synth108,choice_kernel_relative_weight,0.0061153454092057,-0.0399700950302784
QLearning,synth108,forget_rate_unchosen,0.1994514613098198,0.1365384899540119
QLearning,synth108,learn_rate,0.5396994403051181,0.817156264202108
QLearning,synth108,softmax_inverse_temperature,12.137143571309656,12.875620534383431
QLearning,synth111,biasL,-0.9687393092161676,-0.5324621318362741
QLearning,synth111,choice_kernel_relative_weight,0.4862226962187743,0.4015459733626882
QLearning,synth111,forget_rate_unchosen,0.1756380640816798,0.1798543272206095
QLearning,synth111,learn_rate,0.6658562008460156,0.7191400105637176
QLearning,synth111,softmax_inverse_temperature,4.539247860464456,7.252874114740186
QLearning,synth114,biasL,0.1198634124123454,-0.1278657087406456
QLearning,synth114,choice_kernel_relative_weight,0.2767788093052228,0.2603783159268973
QLearning,synth114,forget_rate_unchosen,0.0530161225915202,0.1564036226351449
QLearning,synth114,learn_rate,0.4396041437208848,0.6639898093777841
QLearning,synth114,softmax_inverse_temperature,3.744357429441513,4.688528012252999
QLearning,synth117,biasL,-1.3763043790351086,-0.9057975042116057
QLearning,synth117,choice_kernel_relative_weight,0.1192588102387708,0.1378479629769035
QLearning,synth117,forget_rate_unchosen,0.0176103267224503,0.1433774128062642
QLearning,synth117,learn_rate,0.468252314965461,0.6620011270563405
QLearning,synth117,softmax_inverse_temperature,4.115250544375741,4.174178403878256
QLearning,synth120,biasL,1.628182473866667,0.7473925594262281
QLearning,synth120,choice_kernel_relative_weight,0.2044348259064508,0.2697689795750454
QLearning,synth120,forget_rate_unchosen,0.1043369014386591,0.1667545520304347
QLearning,synth120,learn_rate,0.2550977791504497,0.5535133775942276
QLearning,synth120,softmax_inverse_temperature,12.441325387430943,8.928159945481008
QLearning,synth123,biasL,0.1893700903535289,0.0084208102455689
QLearning,synth123,choice_kernel_relative_weight,0.3126463078939629,0.4428849742173293
QLearning,synth123,forget_rate_unchosen,0.333854412221808,0.2280252436312752
QLearning,synth123,learn_rate,0.8302467340369646,0.9857699689108438
QLearning,synth123,softmax_inverse_temperature,15.139716733008257,12.546567163901386
QLearning,synth126,biasL,-0.3320135560647544,-0.2935732089092897
QLearning,synth126,choice_kernel_relative_weight,0.2488717094392781,0.2153943870719303
QLearning,synth126,forget_rate_unchosen,0.1478125692889111,0.1725771176327073
QLearning,synth126,learn_rate,0.634159474028258,0.8511765347863982
QLearning,synth126,softmax_inverse_temperature,7.595934883905992,7.606154986919985
QLearning,synth129,biasL,0.593801617537074,-0.269340562880938
QLearning,synth129,choice_kernel_relative_weight,0.4976386516865015,0.4283475967180778
QLearning,synth129,forget_rate_unchosen,0.0364722316648863,0.2196317841300174
QLearning,synth129,learn_rate,0.5470960064714107,0.9021844586298824
QLearning,synth129,softmax_inverse_temperature,12.638162098646443,16.10032319687409
QLearning,synth132,biasL,-0.3959204753001739,-0.1730714097931143
QLearning,synth132,choice_kernel_relative_weight,0.1680596761407782,0.1941917562618283
QLearning,synth132,forget_rate_unchosen,0.269858261877945,0.178181031612326
QLearning,synth132,learn_rate,0.5322641325653915,0.783218443757846
QLearning,synth132,softmax_inverse_temperature,12.296899613428474,10.602360474718708
QLearning,synth135,biasL,0.4840390194299545,0.2048636357481696
QLearning,synth135,choice_kernel_relative_weight,0.4967282360784767,0.4281792783936001
QLearning,synth135,forget_rate_unchosen,0.3182996537583362,0.1999925744774226
QLearning,synth135,learn_rate,0.8586958254905304,0.9038468598882792
QLearning,synth135,softmax_inverse_temperature,13.13794341769252,11.353995119552174
QLearning,synth138,biasL,0.8510374789745794,0.4979545315150746
QLearning,synth138,choice_kernel_relative_weight,0.4221631189505708,0.3046848860299537
QLearning,synth138,forget_rate_unchosen,0.208064946968898,0.1875416335488678
QLearning,synth138,learn_rate,0.422362496983339,0.7824843726956268
QLearning,synth138,softmax_inverse_temperature,9.45714066060828,9.722773044903894
QLearning,synth141,biasL,-0.1458131013033197,0.0764168268320366
QLearning,synth141,choice_kernel_relative_weight,0.1141513906536807,0.1042984414870162
QLearning,synth141,forget_rate_unchosen,0.2000998109674124,0.1872363842636699
QLearning,synth141,learn_rate,0.9015921356289436,1.0362738028702596
QLearning,synth141,softmax_inverse_temperature,9.830748529537235,8.657983720748037
QLearning,synth144,biasL,-0.3743868440348047,-0.1030815147738306
QLearning,synth144,choice_kernel_relative_weight,0.2773755891454608,0.3268176658596909
QLearning,synth144,forget_rate_unchosen,0.3325433878037997,0.1463043283997351
QLearning,synth144,learn_rate,0.2774626457483126,0.4791684781733366
QLearning,synth144,softmax_inverse_temperature,3.864703874015573,5.547211854738043
QLearning,synth147,biasL,1.5024908773366508,0.8594669413374607
QLearning,synth147,choice_kernel_relative_weight,0.1000659842575661,0.1103092477975463
QLearning,synth147,forget_rate_unchosen,0.2231614954356288,0.1992419711456019
QLearning,synth147,learn_rate,0.4859251975636888,0.8362081480855378
QLearning,synth147,softmax_inverse_temperature,6.92193580124477,6.294403262449148
QLearning,synth150,biasL,0.2687043527330893,0.1539186896058009
QLearning,synth150,choice_kernel_relative_weight,0.3214661202635481,0.3318661638896205
QLearning,synth150,forget_rate_unchosen,0.2733360325827779,0.1854165571527147
QLearning,synth150,learn_rate,0.5712195706144407,0.7927514640959439
QLearning,synth150,softmax_inverse_temperature,11.108730479948893,11.409105225495932
QLearning,synth153,biasL,0.2666145998726285,0.2746267225460252
QLearning,synth153,choice_kernel_relative_weight,0.1046729211363758,0.1360164867285387
QLearning,synth153,forget_rate_unchosen,0.3044498606921384,0.1545075099309196
QLearning,synth153,learn_rate,0.390758853195182,0.639248859729036
QLearning,synth153,softmax_inverse_temperature,4.270786336499585,6.659033059437686
QLearning,synth156,biasL,-0.21342098595181,-0.0335522582399492
QLearning,synth156,choice_kernel_relative_weight,0.2269542157336679,0.244228123703718
QLearning,synth156,forget_rate_unchosen,0.0651717848342252,0.1640706272194126
QLearning,synth156,learn_rate,0.2606658017348039,0.6012541039254992
QLearning,synth156,softmax_inverse_temperature,15.145903078642576,13.455382757013306
QLearning,synth159,biasL,-0.048180360522555,0.2084956793195966
QLearning,synth159,choice_kernel_relative_weight,0.4041320131115717,0.4381011992213168
QLearning,synth159,forget_rate_unchosen,0.2722435528572386,0.1958220801445098
QLearning,synth159,learn_rate,0.8572088617340181,0.9125298746047932
QLearning,synth159,softmax_inverse_temperature,7.449446112733803,9.183080982561275
QLearning,synth162,biasL,0.1934123501400602,-0.3204607118939195
QLearning,synth162,choice_kernel_relative_weight,0.3611190995565745,0.3447136358814031
QLearning,synth162,forget_rate_unchosen,0.2136689728368104,0.2003635486153156
QLearning,synth162,learn_rate,0.4591471855978651,0.9241722382933348
QLearning,synth162,softmax_inverse_temperature,10.389589308258556,12.97833037828233
QLearning,synth165,biasL,0.1355480241191554,0.1964820984663879
QLearning,synth165,choice_kernel_relative_weight,0.3600042603992787,0.3125445261277954
QLearning,synth165,forget_rate_unchosen,0.3525402390466112,0.1798236862449775
QLearning,synth165,learn_rate,0.6361302868870922,0.8020731164863628
QLearning,synth165,softmax_inverse_temperature,8.308083891003644,10.082068697359343
QLearning,synth168,biasL,-0.4276307520423381,-0.4479265855684917
QLearning,synth168,choice_kernel_relative_weight,0.3479311938250925,0.3569974326368452
QLearning,synth168,forget_rate_unchosen,0.0947622100409703,0.1987610405728245
QLearning,synth168,learn_rate,0.1571522825332536,0.5718424736033859
QLearning,synth168,softmax_inverse_temperature,5.316689160607792,4.89528516123478
QLearning,synth171,biasL,-1.0686301155438378,-0.8480808925834062
QLearning,synth171,choice_kernel_relative_weight,0.2498664880797794,0.2215972763234411
QLearning,synth171,forget_rate_unchosen,0.2133493919722509,0.149300081474179
QLearning,synth171,learn_rate,0.473378985208056,0.8236824100455538
QLearning,synth171,softmax_inverse_temperature,0.1287298404310286,5.119419403338299
QLearning,synth174,biasL,-0.0225284426535968,-0.0920439722027191
QLearning,synth174,choice_kernel_relative_weight,0.0503074821248463,0.0366218102066461
QLearning,synth174,forget_rate_unchosen,0.1742828663268366,0.2110259413661783
QLearning,synth174,learn_rate,0.5240612765069543,0.8186344441070242
QLearning,synth174,softmax_inverse_temperature,14.710143408921615,12.155248963974383
QLearning,synth177,biasL,1.2415968897226206,0.5934378834202358
QLearning,synth177,choice_kernel_relative_weight,0.2704459353714559,0.445414235540406
QLearning,synth177,forget_rate_unchosen,0.3140758797966871,0.2439172336729174
QLearning,synth177,learn_rate,0.7585392020121136,1.0590416588939782
QLearning,synth177,softmax_inverse_temperature,15.488722515414905,8.859871648032776
QLearning,synth180,biasL,-0.1712754732043661,-0.295771962589463
QLearning,synth180,choice_kernel_relative_weight,0.1344032821713363,0.2452810905265195
QLearning,synth180,forget_rate_unchosen,0.1783133692530299,0.1323162774687666
QLearning,synth180,learn_rate,0.1246100571594351,0.4636001067391143
QLearning,synth180,softmax_inverse_temperature,6.9046922439615,3.787784775606416
QLearning,synth183,biasL,1.4964582719542443,0.9243024794530528
QLearning,synth183,choice_kernel_relative_weight,0.0877665706685456,0.1059817275687423
QLearning,synth183,forget_rate_unchosen,0.278156461826026,0.140203876737177
QLearning,synth183,learn_rate,0.2417680632139598,0.640924134851585
QLearning,synth183,softmax_inverse_temperature,6.045330726860877,7.053864389729762
QLearning,synth186,biasL,-0.0421978868792544,0.0119281752307012
QLearning,synth186,choice_kernel_relative_weight,0.2171317209123136,0.2748460162535719
QLearning,synth186,forget_rate_unchosen,0.3148996971330062,0.16222146666982
QLearning,synth186,learn_rate,0.1706393359116817,0.5258139725092922
QLearning,synth186,softmax_inverse_temperature,8.257214794634034,6.180765610529983
QLearning,synth189,biasL,0.9944517129350854,0.4044493711483974
QLearning,synth189,choice_kernel_relative_weight,0.1276107945190502,0.1411410002303145
QLearning,synth189,forget_rate_unchosen,0.0013975811783077,0.2200792751609991
QLearning,synth189,learn_rate,0.3207360455724077,0.6683402327676087
QLearning,synth189,softmax_inverse_temperature,14.039888822254618,14.849443822238952
QLearning,synth192,biasL,1.484194678784808,0.3918586411718459
QLearning,synth192,choice_kernel_relative_weight,0.3291719411652234,0.4349036378781519
QLearning,synth192,forget_rate_unchosen,0.0769801215291066,0.2297528321380084
QLearning,synth192,learn_rate,0.8617539780087461,0.9373513323085174
QLearning,synth192,softmax_inverse_temperature,13.816149645758555,10.360234729089209
QLearning,synth195,biasL,-0.2387943498339319,-0.1030529327557778
QLearning,synth195,choice_kernel_relative_weight,0.0314397184500077,0.0773192909076634
QLearning,synth195,forget_rate_unchosen,0.2548735086923552,0.1328575939905652
QLearning,synth195,learn_rate,0.4146136664588114,0.6668411351110084
QLearning,synth195,softmax_inverse_temperature,5.2869423596121,5.704530843117416
QLearning,synth198,biasL,1.3444432595774924,0.6475746598638827
QLearning,synth198,choice_kernel_relative_weight,0.3398650420022239,0.2966648545177202
QLearning,synth198,forget_rate_unchosen,0.2475426119429028,0.177915514354886
QLearning,synth198,learn_rate,0.2365660516131126,0.6450882478100171
QLearning,synth198,softmax_inverse_temperature,9.421490406472063,8.623141311637704
CompareToThreshold,synth001,biasL,-0.1081577274109394,-0.1113198853804293
CompareToThreshold,synth001,learn_rate,0.4576959775029977,0.6190912168433141
CompareToThreshold,synth001,softmax_inverse_temperature,11.121938422569684,12.302017608942617
CompareToThreshold,synth001,threshold,0.313025895886942,0.3017770088990621
CompareToThreshold,synth004,biasL,0.3734191796474645,0.1237860249321363
CompareToThreshold,synth004,learn_rate,0.9635397166999228,0.6059509252553548
CompareToThreshold,synth004,softmax_inverse_temperature,12.811431095202067,12.698449540838457
CompareToThreshold,synth004,threshold,0.6159716196727758,0.7574482819935047
CompareToThreshold,synth007,biasL,-0.0944002559823641,0.0637604150216111
CompareToThreshold,synth007,learn_rate,0.6197176863299723,0.8064323732332129
CompareToThreshold,synth007,softmax_inverse_temperature,5.380208122742095,4.010887927302573
CompareToThreshold,synth007,threshold,0.5443845713246642,0.5266441663269994
CompareToThreshold,synth010,biasL,-0.3269334019549894,-0.0258966489066851
CompareToThreshold,synth010,learn_rate,0.3732768063488569,0.6610964819384493
CompareToThreshold,synth010,softmax_inverse_temperature,10.707070144103334,10.042822461367718
CompareToThreshold,synth010,threshold,0.2761881163104661,0.3055261222559915
CompareToThreshold,synth013,biasL,-1.4358586115420515,-0.0177475978949974
CompareToThreshold,synth013,learn_rate,0.2489356601320947,2.8016695299215333
CompareToThreshold,synth013,softmax_inverse_temperature,0.6359384553081187,29.750356080043
CompareToThreshold,synth013,threshold,0.3679623588399321,0.2266878382817114
CompareToThreshold,synth016,biasL,0.4983617763989102,0.4118195038353223
CompareToThreshold,synth016,learn_rate,0.3554250128709394,0.7242028503575061
CompareToThreshold,synth016,softmax_inverse_temperature,8.209650281856703,7.4644171926567555
CompareToThreshold,synth016,threshold,0.5238559426214349,0.5027424090571728
CompareToThreshold,synth019,biasL,-0.7564824872338823,-0.2557582450572502
CompareToThreshold,synth019,learn_rate,0.403383951031404,0.6566172393119893
CompareToThreshold,synth019,softmax_inverse_temperature,14.478540763443077,12.245684392192365
CompareToThreshold,synth019,threshold,0.2430530901519995,0.1950658642787389
CompareToThreshold,synth022,biasL,-0.7673678194497472,-0.6622822274319144
CompareToThreshold,synth022,learn_rate,0.4788536393844629,0.8093986444449647
CompareToThreshold,synth022,softmax_inverse_temperature,3.774590528722171,4.832329855767776
CompareToThreshold,synth022,threshold,0.2812931308516915,0.3157466176155509
CompareToThreshold,synth025,biasL,1.4778532001657112,0.5572379303270285
CompareToThreshold,synth025,learn_rate,0.6891449525238663,0.6921881532814798
CompareToThreshold,synth025,softmax_inverse_temperature,17.215714746807592,9.473674383653934
CompareToThreshold,synth025,threshold,0.2455054612386646,0.2560303746487181
CompareToThreshold,synth028,biasL,0.602078655067789,0.3819689086132154
CompareToThreshold,synth028,learn_rate,0.3810501824249949,0.7318199836194298
CompareToThreshold,synth028,softmax_inverse_temperature,12.139362871973336,11.81360989841972
CompareToThreshold,synth028,threshold,0.3054995102502436,0.2605647316831355
CompareToThreshold,synth031,biasL,0.3317684325812898,0.1122702887511497
CompareToThreshold,synth031,learn_rate,0.2004195637304709,0.6884290748169599
CompareToThreshold,synth031,softmax_inverse_temperature,2.569620712807804,7.131911880518929
CompareToThreshold,synth031,threshold,0.3151555225488796,0.3564156166073782
CompareToThreshold,synth034,biasL,0.6467588860592622,0.1365347315862859
CompareToThreshold,synth034,learn_rate,0.7224187962759021,0.7194239520252262
CompareToThreshold,synth034,softmax_inverse_temperature,12.204948393388634,8.179306034396612
CompareToThreshold,synth034,threshold,0.5198434745017816,0.5710394629198978
CompareToThreshold,synth037,biasL,1.3350442482624305,0.2795417254145151
CompareToThreshold,synth037,learn_rate,0.6891299089347239,0.7354830176977547
CompareToThreshold,synth037,softmax_inverse_temperature,12.87993453324288,8.244220699910793
CompareToThreshold,synth037,threshold,0.3346077774329335,0.3125394004469012
CompareToThreshold,synth040,biasL,1.0564352288041374,0.6416184960293507
CompareToThreshold,synth040,learn_rate,0.4187732181594577,0.6996669714789814
CompareToThreshold,synth040,softmax_inverse_temperature,8.984728809595445,7.530406587462377
CompareToThreshold,synth040,threshold,0.4886827194255586,0.4701515821915805
CompareToThreshold,synth043,biasL,-0.2484645513199285,-0.2339636080289677
CompareToThreshold,synth043,learn_rate,0.1827359877695181,0.5494397248313757
CompareToThreshold,synth043,softmax_inverse_temperature,2.876105026886047,4.144561253097205
CompareToThreshold,synth043,threshold,0.4754904305108213,0.4897542445814872
CompareToThreshold,synth046,biasL,1.0151281584023564,0.7537638747599607
CompareToThreshold,synth046,learn_rate,0.5457283615409949,0.7199996900520302
CompareToThreshold,synth046,softmax_inverse_temperature,6.345358879684712,7.100619243504502
CompareToThreshold,synth046,threshold,0.4011657665567756,0.4031611099922159
CompareToThreshold,synth049,biasL,0.8787358801698071,0.0430170922259787
CompareToThreshold,synth049,learn_rate,0.7759118046700467,0.6382245882703201
CompareToThreshold,synth049,softmax_inverse_temperature,15.36718507506732,11.795251508645595
CompareToThreshold,synth049,threshold,0.4779164894838191,0.6347028890267572
CompareToThreshold,synth052,biasL,0.9647517477752492,0.8153368936170642
CompareToThreshold,synth052,learn_rate,0.1194220076007889,0.6533377979126735
CompareToThreshold,synth052,softmax_inverse_temperature,5.165892858417717,7.408695210497099
CompareToThreshold,synth052,threshold,0.4343934409767199,0.4282578062461663
CompareToThreshold,synth055,biasL,-0.3316676120410278,-0.1059760495116197
CompareToThreshold,synth055,learn_rate,0.6607835465400947,0.7472182313964811
CompareToThreshold,synth055,softmax_inverse_temperature,8.538885135683213,8.208494429669576
CompareToThreshold,synth055,threshold,0.5443222003984641,0.6199498100456637
CompareToThreshold,synth058,biasL,0.6519604744387996,0.4227607584197148
CompareToThreshold,synth058,learn_rate,0.2023510621344656,0.5625035839817953
CompareToThreshold,synth058,softmax_inverse_temperature,5.452796053796251,5.153643379631726
CompareToThreshold,synth058,threshold,0.5300777708181496,0.5013302753992072
CompareToThreshold,synth061,biasL,-0.0927816263793545,0.0190802184318705
CompareToThreshold,synth061,learn_rate,0.5194888017233177,0.7500750869862095
CompareToThreshold,synth061,softmax_inverse_temperature,3.761952564154124,6.58336902227097
CompareToThreshold,synth061,threshold,0.3184667891997644,0.3633795462016604
CompareToThreshold,synth064,biasL,1.1125705631839224,0.9715935486845292
CompareToThreshold,synth064,learn_rate,0.0722567217434777,0.6663348085237972
CompareToThreshold,synth064,softmax_inverse_temperature,6.429758583206485,7.589708851016951
CompareToThreshold,synth064,threshold,0.4993590124523211,0.4703683895396776
CompareToThreshold,synth067,biasL,0.3002216363862791,0.0659185725724498
CompareToThreshold,synth067,learn_rate,0.9548357829774622,0.72789731051524
CompareToThreshold,synth067,softmax_inverse_temperature,11.35470095943937,10.69173711257256
CompareToThreshold,synth067,threshold,0.4393126843167286,0.4517175398065891
CompareToThreshold,synth070,biasL,-0.554711734762167,-0.2390431687016629
CompareToThreshold,synth070,learn_rate,0.4392808073947042,0.7182675017170536
CompareToThreshold,synth070,softmax_inverse_temperature,8.291938795435138,8.906585904239536
CompareToThreshold,synth070,threshold,0.5101925048071696,0.4848370957449854
CompareToThreshold,synth073,biasL,-0.719389330550072,-0.3974745557958687
CompareToThreshold,synth073,learn_rate,0.2358695454310975,0.5382722405277085
CompareToThreshold,synth073,softmax_inverse_temperature,15.920582832284762,13.437553239753807
CompareToThreshold,synth073,threshold,0.453285392235132,0.3885461188903037
CompareToThreshold,synth076,biasL,0.1886668380026391,0.260134409648332
CompareToThreshold,synth076,learn_rate,0.3173946791886111,0.5803859527912332
CompareToThreshold,synth076,softmax_inverse_temperature,14.394021950434755,12.629205303185309
CompareToThreshold,synth076,threshold,0.2124753781066822,0.2492271291432624
CompareToThreshold,synth079,biasL,-0.6970580911971369,-0.2388516035942469
CompareToThreshold,synth079,learn_rate,0.7047249384111037,0.8408209643770493
CompareToThreshold,synth079,softmax_inverse_temperature,8.00243236522804,4.459201253553282
CompareToThreshold,synth079,threshold,0.436150601617575,0.4731888062160748
CompareToThreshold,synth082,biasL,0.5411140746647166,0.3580604166187831
CompareToThreshold,synth082,learn_rate,0.6002678399746567,0.7772717433343898
CompareToThreshold,synth082,softmax_inverse_temperature,7.901249587688136,5.020240865192477
CompareToThreshold,synth082,threshold,0.4113269885467526,0.402255036910811
CompareToThreshold,synth085,biasL,-1.3226432997743691,-0.9284062086282584
CompareToThreshold,synth085,learn_rate,0.6840660535069764,0.8383300645934733
CompareToThreshold,synth085,softmax_inverse_temperature,3.0569393751766025,4.130008725798994
CompareToThreshold,synth085,threshold,0.2678436534049772,0.3246024867343391
CompareToThreshold,synth088,biasL,-1.134709975134324,-0.5372051401979769
CompareToThreshold,synth088,learn_rate,0.9055091689746056,1.0117681357054629
CompareToThreshold,synth088,softmax_inverse_temperature,4.430501406234674,2.0099128186916655
CompareToThreshold,synth088,threshold,0.4780223345711284,0.4685159520859491
CompareToThreshold,synth091,biasL,-0.2168593306619546,-0.0236188796188647
CompareToThreshold,synth091,learn_rate,0.1583860845728197,0.7106528244070653
CompareToThreshold,synth091,softmax_inverse_temperature,3.5375106934284615,6.9235913487270295
CompareToThreshold,synth091,threshold,0.3686265007775333,0.3879957483218834
CompareToThreshold,synth094,biasL,0.1713912489402284,-0.0806620507646362
CompareToThreshold,synth094,learn_rate,0.0640870742640016,0.7339398953626729
CompareToThreshold,synth094,softmax_inverse_temperature,4.833805841668795,6.763156841456976
CompareToThreshold,synth094,threshold,0.4203264382902382,0.3934360551798309
CompareToThreshold,synth097,biasL,-0.4025745105617749,-0.112810509073812
CompareToThreshold,synth097,learn_rate,0.1681237383276854,0.6263364723675364
CompareToThreshold,synth097,softmax_inverse_temperature,8.349960165270698,11.369928886655956
CompareToThreshold,synth097,threshold,0.2413300441102886,0.2627414907224176
CompareToThreshold,synth100,biasL,-0.9218370274061696,-0.594117117928116
CompareToThreshold,synth100,learn_rate,0.633048730687719,0.8805997425658316
CompareToThreshold,synth100,softmax_inverse_temperature,1.769246063756159,2.005315798732676
CompareToThreshold,synth100,threshold,0.4520573728227078,0.4614863689098758
CompareToThreshold,synth103,biasL,0.5041758429213329,0.5227867966023481
CompareToThreshold,synth103,learn_rate,0.797397417067278,0.9927167595281852
CompareToThreshold,synth103,softmax_inverse_temperature,7.051699948947942,5.469589174109043
CompareToThreshold,synth103,threshold,0.2425068965295219,0.2986383040808937
CompareToThreshold,synth106,biasL,-1.0871505289089622,-0.5915201195936888
CompareToThreshold,synth106,learn_rate,0.5699889851187363,0.6698923177282987
CompareToThreshold,synth106,softmax_inverse_temperature,12.62723687189275,10.42239039308769
CompareToThreshold,synth106,threshold,0.1854011736528256,0.190932175199247
CompareToThreshold,synth109,biasL,-0.348269612403346,-0.3726709970741328
CompareToThreshold,synth109,learn_rate,0.6294028773349589,0.6711154110582052
CompareToThreshold,synth109,softmax_inverse_temperature,14.98201851557875,12.011356543367018
CompareToThreshold,synth109,threshold,0.3954033713408848,0.3831909230652955
CompareToThreshold,synth112,biasL,-0.6888686105206763,-0.6214759615884464
CompareToThreshold,synth112,learn_rate,0.4043009238635522,0.7857952557374879
CompareToThreshold,synth112,softmax_inverse_temperature,4.585878894176592,6.175560953158737
CompareToThreshold,synth112,threshold,0.4156299957157311,0.4180788328558719
CompareToThreshold,synth115,biasL,-0.6958925104770007,-0.4209265617753139
CompareToThreshold,synth115,learn_rate,0.4811342205316787,0.6647625834056974
CompareToThreshold,synth115,softmax_inverse_temperature,13.43368513980111,12.29895819045519
CompareToThreshold,synth115,threshold,0.5062684815523303,0.50027975662396
CompareToThreshold,synth118,biasL,-1.295260236428135,-0.6680642240263497
CompareToThreshold,synth118,learn_rate,0.648258822223822,0.840689583635312
CompareToThreshold,synth118,softmax_inverse_temperature,6.357273653386746,6.0782217198481945
CompareToThreshold,synth118,threshold,0.331751706583162,0.356245064030421
CompareToThreshold,synth121,biasL,1.185950695033677,0.990953388014692
CompareToThreshold,synth121,learn_rate,0.161187415903182,0.6927028728279111
CompareToThreshold,synth121,softmax_inverse_temperature,5.536384420953211,7.186613988243982
CompareToThreshold,synth121,threshold,0.517874881803379,0.492250872292161
CompareToThreshold,synth124,biasL,-0.9706868919446288,-0.5592762011780898
CompareToThreshold,synth124,learn_rate,0.1945816504696836,0.6466825451774397
CompareToThreshold,synth124,softmax_inverse_temperature,9.149471416868996,10.543759453171912
CompareToThreshold,synth124,threshold,0.5239479001733821,0.5252164605291779
CompareToThreshold,synth127,biasL,-0.0295553591563888,0.0917898060170543
CompareToThreshold,synth127,learn_rate,0.1716384185479487,0.6265222970173963
CompareToThreshold,synth127,softmax_inverse_temperature,10.478823318838996,10.857871060284838
CompareToThreshold,synth127,threshold,0.3112306322202181,0.3392928851681078
CompareToThreshold,synth130,biasL,0.4198764860837988,0.070681169839144
CompareToThreshold,synth130,learn_rate,0.4671142508911036,0.6854835730062458
CompareToThreshold,synth130,softmax_inverse_temperature,13.098837524920972,9.786495667017006
CompareToThreshold,synth130,threshold,0.5222450072272989,0.5694189416460848
CompareToThreshold,synth133,biasL,-0.1526826225094508,-0.0388756763584723
CompareToThreshold,synth133,learn_rate,0.826500236009099,0.999610453976466
CompareToThreshold,synth133,softmax_inverse_temperature,7.402006541580779,5.13545266616938
CompareToThreshold,synth133,threshold,0.377264243841319,0.3431826213601504
CompareToThreshold,synth136,biasL,1.353348196405482,0.6611447946516762
CompareToThreshold,synth136,learn_rate,0.4049048782091531,0.6917236839269696
CompareToThreshold,synth136,softmax_inverse_temperature,2.8690561277018336,6.782363458256512
CompareToThreshold,synth136,threshold,0.271120952050687,0.3124851013681909
CompareToThreshold,synth139,biasL,1.5542648154483958,0.9152595213789958
CompareToThreshold,synth139,learn_rate,0.234168186374428,0.6916687746889987
CompareToThreshold,synth139,softmax_inverse_temperature,3.4225725296909615,6.775894329563247
CompareToThreshold,synth139,threshold,0.55081733987673,0.490930475877734
CompareToThreshold,synth142,biasL,-0.027714405912525,-0.1541709953764112
CompareToThreshold,synth142,learn_rate,0.7949255075975865,0.7381487087232046
CompareToThreshold,synth142,softmax_inverse_temperature,11.642986512826864,8.807869495724665
CompareToThreshold,synth142,threshold,0.252524517633314,0.2653987711459077
CompareToThreshold,synth145,biasL,1.134617353751228,0.8222533822016906
CompareToThreshold,synth145,learn_rate,0.123240420959774,0.6224031715337628
CompareToThreshold,synth145,softmax_inverse_temperature,5.853204756239335,7.943856046916178
CompareToThreshold,synth145,threshold,0.4218021855416313,0.4474812399549364
CompareToThreshold,synth148,biasL,-1.2633777061952016,-0.8310894987602016
CompareToThreshold,synth148,learn_rate,0.2594388690638193,0.5798174291069942
CompareToThreshold,synth148,softmax_inverse_temperature,10.734161473302784,8.988673832765192
CompareToThreshold,synth148,threshold,0.4397540590474461,0.3826388105499192
CompareToThreshold,synth151,biasL,-0.5629405776254257,-0.4299580808301115
CompareToThreshold,synth151,learn_rate,0.8258222340945106,0.7190874626868585
CompareToThreshold,synth151,softmax_inverse_temperature,14.590650296746462,10.01409261046402
CompareToThreshold,synth151,threshold,0.2433345941160556,0.2870708991473772
CompareToThreshold,synth154,biasL,-1.0253211135720055,-0.6249489307507199
CompareToThreshold,synth154,learn_rate,0.3412291482960569,0.6780688895134759
CompareToThreshold,synth154,softmax_inverse_temperature,8.97896820299829,10.088213229704104
CompareToThreshold,synth154,threshold,0.3856171141166767,0.483204139407815
CompareToThreshold,synth157,biasL,0.2353186110958567,0.0788158463247663
CompareToThreshold,synth157,learn_rate,0.5688473510287675,0.7470639165476638
CompareToThreshold,synth157,softmax_inverse_temperature,5.26003954234098,5.7414747853322705
CompareToThreshold,synth157,threshold,0.2707479694366504,0.2894474492865777
CompareToThreshold,synth160,biasL,-0.9808402090231766,-0.3981229384370941
CompareToThreshold,synth160,learn_rate,0.7253075213355831,0.7835852649237071
CompareToThreshold,synth160,softmax_inverse_temperature,11.28421956260885,7.085081487631529
CompareToThreshold,synth160,threshold,0.402975340355343,0.4511808218670372
CompareToThreshold,synth163,biasL,-1.151492468708767,-0.4279146863208192
CompareToThreshold,synth163,learn_rate,0.1417377152981484,0.4795250478176791
CompareToThreshold,synth163,softmax_inverse_temperature,14.480642220148042,11.720538942341014
CompareToThreshold,synth163,threshold,0.2337070691158665,0.2455280892039174
CompareToThreshold,synth166,biasL,1.2475769735395512,0.768667007047882
CompareToThreshold,synth166,learn_rate,0.8077223281298513,0.7860170154116821
CompareToThreshold,synth166,softmax_inverse_temperature,9.94434546328397,6.6788665358113395
CompareToThreshold,synth166,threshold,0.5215351964217216,0.5366514809425718
CompareToThreshold,synth169,biasL,1.303862851796212,0.5705669650739713
CompareToThreshold,synth169,learn_rate,0.2480867428996621,0.6124032460784053
CompareToThreshold,synth169,softmax_inverse_temperature,10.42792782773521,10.424435503151091
CompareToThreshold,synth169,threshold,0.5868363949373256,0.5321619596150474
CompareToThreshold,synth172,biasL,-1.2458483375155829,-0.8479139086278007
CompareToThreshold,synth172,learn_rate,0.5500206067597257,0.7462130608445894
CompareToThreshold,synth172,softmax_inverse_temperature,10.24663262050361,10.008696241357743
CompareToThreshold,synth172,threshold,0.3584738199751837,0.3553616232027346
CompareToThreshold,synth175,biasL,1.2495875517030923,0.7307995314353408
CompareToThreshold,synth175,learn_rate,0.3943357195760488,0.6738398903304065
CompareToThreshold,synth175,softmax_inverse_temperature,5.732252403301745,7.70448849934478
CompareToThreshold,synth175,threshold,0.3561572835213399,0.3914025599388356
CompareToThreshold,synth178,biasL,1.5126221987726152,0.7923239417158117
CompareToThreshold,synth178,learn_rate,0.4176096561321633,0.6984754225344473
CompareToThreshold,synth178,softmax_inverse_temperature,9.992760316666471,10.258817482524572
CompareToThreshold,synth178,threshold,0.3669638159728674,0.3994227854968061
CompareToThreshold,synth181,biasL,0.0289461898920066,0.0853793202554893
CompareToThreshold,synth181,learn_rate,0.931547969905222,0.8701910509378781
CompareToThreshold,synth181,softmax_inverse_temperature,5.714234234215213,1.6504598795344032
CompareToThreshold,synth181,threshold,0.2636201629016673,0.3164577440587046
CompareToThreshold,synth184,biasL,-1.2030544689627232,-0.8495205920159297
CompareToThreshold,synth184,learn_rate,0.3764802124201826,0.6724079786570639
CompareToThreshold,synth184,softmax_inverse_temperature,10.772031991466172,10.187434484702631
CompareToThreshold,synth184,threshold,0.5593638642784294,0.6334683037921155
CompareToThreshold,synth187,biasL,0.7227244338017536,0.4035625570206624
CompareToThreshold,synth187,learn_rate,0.3509511220505032,0.6453106857002072
CompareToThreshold,synth187,softmax_inverse_temperature,9.679390919432512,9.90922823873846
CompareToThreshold,synth187,threshold,0.2598993437542876,0.275449058421889
CompareToThreshold,synth190,biasL,1.2156257236035108,0.5400464014404522
CompareToThreshold,synth190,learn_rate,0.7028153332053927,0.7169563780220423
CompareToThreshold,synth190,softmax_inverse_temperature,9.627782488325042,8.170031761768225
CompareToThreshold,synth190,threshold,0.3364628224539217,0.3432131415357391
CompareToThreshold,synth193,biasL,0.2496421272887504,0.3127635074966424
CompareToThreshold,synth193,learn_rate,0.2987076882917143,0.5756884496931683
CompareToThreshold,synth193,softmax_inverse_temperature,6.720134474223321,7.667020717616854
CompareToThreshold,synth193,threshold,0.2880527634040379,0.3205246973438113
CompareToThreshold,synth196,biasL,-1.1842957378154444,-0.6623643159093824
CompareToThreshold,synth196,learn_rate,0.6234448947668134,0.914846409161751
CompareToThreshold,synth196,softmax_inverse_temperature,0.4429083934736755,2.1703882705623627
CompareToThreshold,synth196,threshold,0.4673893692581614,0.5003689866173454
CompareToThreshold,synth199,biasL,-0.1748790383132847,0.0928379025899293
CompareToThreshold,synth199,learn_rate,0.1945577416818813,0.5960811537481554
CompareToThreshold,synth199,softmax_inverse_temperature,10.48762543151409,11.792385504077238
CompareToThreshold,synth199,threshold,0.4377605148834449,0.4378888414177628
LossCounting,synth002,biasL,-0.4444246635630815,-0.2519852551610764
LossCounting,synth002,loss_count_threshold_mean,5.511984590266327,5.727290358407485
LossCounting,synth002,loss_count_threshold_std,0.7950293042993264,0.9588990256350468
LossCounting,synth005,biasL,0.2400740553514476,0.2790558435962739
LossCounting,synth005,loss_count_threshold_mean,5.175528306950569,6.071245195295973
LossCounting,synth005,loss_count_threshold_std,1.09083497107718,1.2600179859446188
LossCounting,synth008,biasL,-0.1137319715467218,-0.1723195024609892
LossCounting,synth008,loss_count_threshold_mean,3.8545657188674753,5.0242579880051395
LossCounting,synth008,loss_count_threshold_std,0.2865083517730231,0.3922381003337755
LossCounting,synth011,biasL,0.2990917691154099,0.1374809630538547
LossCounting,synth011,loss_count_threshold_mean,1.1796439980164193,1.6761583925232186
LossCounting,synth011,loss_count_threshold_std,1.1825050428484152,1.4156675391794944
LossCounting,synth014,biasL,0.5444060965199011,0.3108336882663631
LossCounting,synth014,loss_count_threshold_mean,3.700626211754238,4.321859005204591
LossCounting,synth014,loss_count_threshold_std,0.6960675384967426,1.0247028741587876
LossCounting,synth017,biasL,0.2735636421779893,0.1732540392740737
LossCounting,synth017,loss_count_threshold_mean,3.617562773732842,4.66904370715123
LossCounting,synth017,loss_count_threshold_std,1.1290147113536924,1.0585406376223698
LossCounting,synth020,biasL,0.245488258777331,0.189220451108494
LossCounting,synth020,loss_count_threshold_mean,2.1468032701473474,2.552310862875341
LossCounting,synth020,loss_count_threshold_std,0.7744869881941681,0.8331344046158671
LossCounting,synth023,biasL,0.4230193745634764,0.3017043283002082
LossCounting,synth023,loss_count_threshold_mean,1.1777050364955268,1.9433596035203653
LossCounting,synth023,loss_count_threshold_std,1.3311026940072097,1.1212942260815222
LossCounting,synth026,biasL,-0.4602378503788351,-0.2119815136443841
LossCounting,synth026,loss_count_threshold_mean,3.58429893720491,4.182151717900663
LossCounting,synth026,loss_count_threshold_std,0.2441861759328817,0.2607792993831819
LossCounting,synth029,biasL,-0.0215021383704389,0.0058343897741288
LossCounting,synth029,loss_count_threshold_mean,3.9732127688427306,4.204473853050431
LossCounting,synth029,loss_count_threshold_std,1.7829126439226757,1.6890476145866689
LossCounting,synth032,biasL,-0.0596053893538498,-0.1358301831523884
LossCounting,synth032,loss_count_threshold_mean,3.255373549011789,4.264274452437378
LossCounting,synth032,loss_count_threshold_std,1.2538528980056522,1.361803793118994
LossCounting,synth035,biasL,0.3756180912755178,0.3016601000289929
LossCounting,synth035,loss_count_threshold_mean,5.6298400441576355,6.21490697982556
LossCounting,synth035,loss_count_threshold_std,0.8700803591511272,1.197631436651027
LossCounting,synth038,biasL,-0.3587680887846142,-0.2652718833640208
LossCounting,synth038,loss_count_threshold_mean,2.0094306556953003,2.9042673515256356
LossCounting,synth038,loss_count_threshold_std,0.6992867136208704,0.6520326564020976
LossCounting,synth041,biasL,0.3831584186770441,0.2888298816768725
LossCounting,synth041,loss_count_threshold_mean,5.046885334501744,5.87808119301554
LossCounting,synth041,loss_count_threshold_std,1.3632771131740236,1.4618712367745552
LossCounting,synth044,biasL,-0.3327922060515195,-0.179690745071928
LossCounting,synth044,loss_count_threshold_mean,3.368242087461076,4.1663266258432365
LossCounting,synth044,loss_count_threshold_std,0.2877640189271471,0.29393247281619
LossCounting,synth047,biasL,0.5169234958841411,0.3730455749809301
LossCounting,synth047,loss_count_threshold_mean,2.0586089124251443,2.8854311026328183
LossCounting,synth047,loss_count_threshold_std,1.9883884301409036,1.616552672389872
LossCounting,synth050,biasL,-0.1329404550789179,0.0752892586116408
LossCounting,synth050,loss_count_threshold_mean,1.32744287041928,2.071869995848516
LossCounting,synth050,loss_count_threshold_std,1.6363084191545612,1.9832649233747532
LossCounting,synth053,biasL,-0.34446193977297,-0.223962460039699
LossCounting,synth053,loss_count_threshold_mean,4.262944467166662,4.939240877539945
LossCounting,synth053,loss_count_threshold_std,1.0883405548617615,1.0563295119488096
LossCounting,synth056,biasL,0.5001048011253052,0.3165088984985263
LossCounting,synth056,loss_count_threshold_mean,1.898562267770458,2.9322742563408677
LossCounting,synth056,loss_count_threshold_std,1.9599009708282191,1.84031479392496
LossCounting,synth059,biasL,-0.3376125750228045,-0.213524208460778
LossCounting,synth059,loss_count_threshold_mean,2.7762314947795037,3.3920211323713554
LossCounting,synth059,loss_count_threshold_std,0.5708807659745654,0.6278594827823043
LossCounting,synth062,biasL,0.4779958285582779,0.368915899390576
LossCounting,synth062,loss_count_threshold_mean,4.979115031437291,5.526952338165701
LossCounting,synth062,loss_count_threshold_std,1.870851617310965,1.510021128496681
LossCounting,synth065,biasL,0.3600002615285319,0.24034656417508
LossCounting,synth065,loss_count_threshold_mean,4.546431039155294,5.019693182939499
LossCounting,synth065,loss_count_threshold_std,1.1952110911976752,1.089310440377535
LossCounting,synth068,biasL,0.1436772483418411,0.023506503679557
LossCounting,synth068,loss_count_threshold_mean,4.6331429156745845,5.021320870847412
LossCounting,synth068,loss_count_threshold_std,1.9585115531965047,1.7112929066009546
LossCounting,synth071,biasL,-0.5312695026348774,-0.2874509917328492
LossCounting,synth071,loss_count_threshold_mean,2.377860922889811,2.984403885514231
LossCounting,synth071,loss_count_threshold_std,1.9618057901271229,1.6931418433046648
LossCounting,synth074,biasL,-0.4029939270579076,-0.2255848919003418
LossCounting,synth074,loss_count_threshold_mean,2.717390296740578,4.084043269420402
LossCounting,synth074,loss_count_threshold_std,1.6620682886641585,1.4683529051151152
LossCounting,synth077,biasL,0.0784859625341318,-0.0596269493281762
LossCounting,synth077,loss_count_threshold_mean,4.93949223794145,5.631836025860206
LossCounting,synth077,loss_count_threshold_std,1.2765640068517177,1.3299177252309735
LossCounting,synth080,biasL,-0.2819544748081162,-0.2004578458333845
LossCounting,synth080,loss_count_threshold_mean,2.317545892664401,3.342170128411968
LossCounting,synth080,loss_count_threshold_std,0.3990429407297948,0.4093198407853521
LossCounting,synth083,biasL,-0.2735496749524305,-0.1610741563803491
LossCounting,synth083,loss_count_threshold_mean,2.0900473746476864,3.293209889880732
LossCounting,synth083,loss_count_threshold_std,1.512383173411575,1.631789356265839
LossCounting,synth086,biasL,0.0926185208354364,0.0165202775654718
LossCounting,synth086,loss_count_threshold_mean,4.757894510174017,5.75386305483492
LossCounting,synth086,loss_count_threshold_std,1.3551220462686109,1.5558926910233466
LossCounting,synth089,biasL,-0.3220842930670137,-0.2656844375120999
LossCounting,synth089,loss_count_threshold_mean,6.618945802330714,6.587373945070157
LossCounting,synth089,loss_count_threshold_std,1.5336128825439317,1.1384524229224953
LossCounting,synth092,biasL,-0.361447983178529,-0.1597504083923961
LossCounting,synth092,loss_count_threshold_mean,3.450602732446015,3.9482235667386743
LossCounting,synth092,loss_count_threshold_std,0.2257486073289389,-0.0480455683878084
LossCounting,synth095,biasL,0.2750933831971711,0.0485319931179092
LossCounting,synth095,loss_count_threshold_mean,2.9541290356586387,3.70800976609072
LossCounting,synth095,loss_count_threshold_std,1.6812173025460315,1.7722576351104342
LossCounting,synth098,biasL,0.585419648749953,0.3099323327717086
LossCounting,synth098,loss_count_threshold_mean,2.143186578133249,3.197657111249128
LossCounting,synth098,loss_count_threshold_std,1.826639696418665,1.5708322900739533
LossCounting,synth101,biasL,-0.3978084249473593,-0.2186392359397626
LossCounting,synth101,loss_count_threshold_mean,5.7440949153505585,6.356665294190201
LossCounting,synth101,loss_count_threshold_std,0.393275236301183,0.7061955708726051
LossCounting,synth104,biasL,0.420546885585225,0.2350676621652921
LossCounting,synth104,loss_count_threshold_mean,4.647760807331073,5.49923772524175
LossCounting,synth104,loss_count_threshold_std,0.4107495031859942,0.8098765963124255
LossCounting,synth107,biasL,0.4354517171873583,0.1391952988816632
LossCounting,synth107,loss_count_threshold_mean,1.361617620725193,1.8073080305765592
LossCounting,synth107,loss_count_threshold_std,0.3193097132901472,0.1840818181976307
LossCounting,synth110,biasL,-0.0129304924146689,-0.0340527373289633
LossCounting,synth110,loss_count_threshold_mean,5.932885333271252,6.350029181600236
LossCounting,synth110,loss_count_threshold_std,0.9401609213892927,1.1846278119574818
LossCounting,synth113,biasL,-0.4003319449324516,-0.2867403971578946
LossCounting,synth113,loss_count_threshold_mean,6.245381273233267,6.388314932385148
LossCounting,synth113,loss_count_threshold_std,0.7751310418453818,0.9300471438979474
LossCounting,synth116,biasL,0.4635632373443219,0.2298227304345297
LossCounting,synth116,loss_count_threshold_mean,2.2173598469105205,2.9635151171257332
LossCounting,synth116,loss_count_threshold_std,1.101987402540778,0.9210946276334722
LossCounting,synth119,biasL,0.3744468714864913,0.2062791003505755
LossCounting,synth119,loss_count_threshold_mean,1.7012434603291344,2.6432545733623773
LossCounting,synth119,loss_count_threshold_std,1.2290986831301052,1.3217483541053596
LossCounting,synth122,biasL,-0.2108897559842901,-0.2717519136641301
LossCounting,synth122,loss_count_threshold_mean,3.0954066715608057,3.894364228384445
LossCounting,synth122,loss_count_threshold_std,1.4980593295883295,1.353442515804183
LossCounting,synth125,biasL,0.1040896896758553,0.0594249102855171
LossCounting,synth125,loss_count_threshold_mean,4.633679579280292,5.082870271757451
LossCounting,synth125,loss_count_threshold_std,1.9758687931222303,1.7199524945169993
LossCounting,synth128,biasL,-0.1146883465157115,-0.1276545729622534
LossCounting,synth128,loss_count_threshold_mean,1.8187781804801888,2.595296858297913
LossCounting,synth128,loss_count_threshold_std,0.8222677097303097,1.0027845614718125
LossCounting,synth131,biasL,-0.183903322410828,-0.0739984414914908
LossCounting,synth131,loss_count_threshold_mean,2.5065866112160187,2.9972624641146584
LossCounting,synth131,loss_count_threshold_std,1.8424523163421829,1.868300596574908
LossCounting,synth134,biasL,-0.267374959138683,-0.1834608704097602
LossCounting,synth134,loss_count_threshold_mean,5.191505714491952,5.803708653010171
LossCounting,synth134,loss_count_threshold_std,1.3465911915659927,1.3153789025517295
LossCounting,synth137,biasL,0.5767500576994219,0.3267768482905727
LossCounting,synth137,loss_count_threshold_mean,3.4480184156939258,4.045520769003462
LossCounting,synth137,loss_count_threshold_std,0.6918458915294932,0.7128977106011105
LossCounting,synth140,biasL,-0.1065737969876712,-0.0103572065754845
LossCounting,synth140,loss_count_threshold_mean,1.468206438248868,1.970060438423059
LossCounting,synth140,loss_count_threshold_std,0.7270785603944194,0.9120261929723402
LossCounting,synth143,biasL,-0.4481562727229272,-0.204181120067775
LossCounting,synth143,loss_count_threshold_mean,3.2313682112423403,4.876491264711285
LossCounting,synth143,loss_count_threshold_std,1.3700087574485489,1.3321337438284804
LossCounting,synth146,biasL,0.4920030663152201,0.2849491591968255
LossCounting,synth146,loss_count_threshold_mean,3.078393525195631,3.34569072830623
LossCounting,synth146,loss_count_threshold_std,1.3473671159536602,0.9250404655462552
LossCounting,synth149,biasL,0.4127460428502333,0.1712749981678911
LossCounting,synth149,loss_count_threshold_mean,1.4684532852708592,1.8208876712536683
LossCounting,synth149,loss_count_threshold_std,1.46746268069259,1.620838558355532
LossCounting,synth152,biasL,-0.005654030963342,0.0295748072259871
LossCounting,synth152,loss_count_threshold_mean,2.1950640810288986,3.000681298758252
LossCounting,synth152,loss_count_threshold_std,1.8874778672922048,2.0321841186093748
LossCounting,synth155,biasL,-0.0541755168079433,-0.1627483715369577
LossCounting,synth155,loss_count_threshold_mean,2.0547641349719132,2.956553098501079
LossCounting,synth155,loss_count_threshold_std,0.5653382628482265,0.6063851201128094
LossCounting,synth158,biasL,0.4915829621950675,0.2839220681300702
LossCounting,synth158,loss_count_threshold_mean,1.330061557374735,2.1067024385870554
LossCounting,synth158,loss_count_threshold_std,1.4041704544102185,1.4164138397146475
LossCounting,synth161,biasL,-0.5341802790468225,-0.2553233615672946
LossCounting,synth161,loss_count_threshold_mean,1.442705954287949,2.399708205522473
LossCounting,synth161,loss_count_threshold_std,1.059553294835777,1.0381214855184138
LossCounting,synth164,biasL,-0.4275954270046996,-0.2475360230778664
LossCounting,synth164,loss_count_threshold_mean,5.442859175486577,5.885847724887867
LossCounting,synth164,loss_count_threshold_std,1.9600481431749204,1.2036673935421534
LossCounting,synth167,biasL,0.53783411651925,0.2740170782572023
LossCounting,synth167,loss_count_threshold_mean,4.024436150144962,4.315136309522067
LossCounting,synth167,loss_count_threshold_std,1.3084753969770309,1.0735664442553596
LossCounting,synth170,biasL,-0.1027621681689779,-0.0340712490510953
LossCounting,synth170,loss_count_threshold_mean,4.245516459466202,5.1597306823429
LossCounting,synth170,loss_count_threshold_std,1.0408665329358768,1.2571715934106122
LossCounting,synth173,biasL,0.2061865104386585,0.0747157349238475
LossCounting,synth173,loss_count_threshold_mean,2.5327940760898793,3.98623736172911
LossCounting,synth173,loss_count_threshold_std,0.8022712173075079,0.8526590212136615
LossCounting,synth176,biasL,-0.0632158017928979,0.0393013480147189
LossCounting,synth176,loss_count_threshold_mean,1.7200783931854748,1.5924934672230866
LossCounting,synth176,loss_count_threshold_std,1.628868531280344,1.8655001838416885
LossCounting,synth179,biasL,-0.3167708030771633,-0.1687468946917692
LossCounting,synth179,loss_count_threshold_mean,4.067223980153488,4.718811754164186
LossCounting,synth179,loss_count_threshold_std,0.4271149618731635,0.6322798396388819
LossCounting,synth182,biasL,0.0246237503835441,-0.0173687819649531
LossCounting,synth182,loss_count_threshold_mean,2.474960018044718,2.416042769380771
LossCounting,synth182,loss_count_threshold_std,0.3237959014071944,-0.1259418507441274
LossCounting,synth185,biasL,-0.1631060459605685,-0.0034095815826113
LossCounting,synth185,loss_count_threshold_mean,1.949216453228768,2.5581388220661956
LossCounting,synth185,loss_count_threshold_std,1.4023217046217475,1.6858317422021003
LossCounting,synth188,biasL,-0.3693470681056819,-0.1970349093827849
LossCounting,synth188,loss_count_threshold_mean,4.038627668826698,4.670834393005443
LossCounting,synth188,loss_count_threshold_std,1.7893238850091018,1.4181850149116235
LossCounting,synth191,biasL,0.1320120663218668,0.036051455217125
LossCounting,synth191,loss_count_threshold_mean,3.317253588431104,3.846626758388069
LossCounting,synth191,loss_count_threshold_std,0.4317761450724731,0.3433106444885607
LossCounting,synth194,biasL,-0.0563498682817277,-0.0943289132729439
LossCounting,synth194,loss_count_threshold_mean,5.0222828513375415,5.688234968448604
LossCounting,synth194,loss_count_threshold_std,0.940936509717252,1.227245213680971
LossCounting,synth197,biasL,-0.1464335487019019,-0.1848002016530472
LossCounting,synth197,loss_count_threshold_mean,5.764864515930821,6.304612928013329
LossCounting,synth197,loss_count_threshold_std,1.3585393554576697,1.3745180661808272
