true_family,subject_id,param,true_initial,baseline_fitted_static
QLearning,synth000,biasL,0.8585025716686541,0.3652539340797476
QLearning,synth000,choice_kernel_relative_weight,0.2194392198760261,0.1026795778686885
QLearning,synth000,forget_rate_unchosen,0.343439167964553,1.0
QLearning,synth000,learn_rate,0.6918033392514339,0.1120940283040943
QLearning,synth000,softmax_inverse_temperature,2.346011450511339,4.07273922352198
QLearning,synth003,biasL,1.0435878148124234,0.6905870008121491
QLearning,synth003,choice_kernel_relative_weight,0.331258808530291,0.3208817505910048
QLearning,synth003,forget_rate_unchosen,0.2450117460181208,0.0094070532949099
QLearning,synth003,learn_rate,0.818737188992684,0.9590696823281452
QLearning,synth003,softmax_inverse_temperature,11.768174000492449,9.615326674380892
QLearning,synth006,biasL,0.3096307458745087,0.2224305127311895
QLearning,synth006,choice_kernel_relative_weight,0.1397001150140358,0.3740106479344338
QLearning,synth006,forget_rate_unchosen,0.0132840986484768,0.0329826627452109
QLearning,synth006,learn_rate,0.7808731918079431,0.8188889416666835
QLearning,synth006,softmax_inverse_temperature,3.984018524938871,1.7128027002880712
QLearning,synth009,biasL,-0.9343552279518184,-0.7070898246100957
QLearning,synth009,choice_kernel_relative_weight,0.4802147255248253,0.0630823789866434
QLearning,synth009,forget_rate_unchosen,0.3733493558791571,0.0
QLearning,synth009,learn_rate,0.2980898798294975,0.9085560434629502
QLearning,synth009,softmax_inverse_temperature,19.85412779919184,100.0
QLearning,synth012,biasL,0.9221729847488848,0.5740057704388837
QLearning,synth012,choice_kernel_relative_weight,0.0465455241553317,0.1169925248658496
QLearning,synth012,forget_rate_unchosen,0.001179273878016,0.0139721258852729
QLearning,synth012,learn_rate,0.243250999860812,0.4741589364337653
QLearning,synth012,softmax_inverse_temperature,6.419693535296198,3.819803154724658
QLearning,synth015,biasL,0.5353993951460454,0.2559133519682744
QLearning,synth015,choice_kernel_relative_weight,0.1670115144443208,0.4351205407651108
QLearning,synth015,forget_rate_unchosen,0.2741936318797949,0.0219736507578828
QLearning,synth015,learn_rate,0.2443613175559003,0.4859812878943946
QLearning,synth015,softmax_inverse_temperature,11.814699501276728,4.457912889070763
QLearning,synth018,biasL,-0.6534413492573217,-0.3053711677957819
QLearning,synth018,choice_kernel_relative_weight,0.4516025443109911,0.042308635556195
QLearning,synth018,forget_rate_unchosen,0.0735818437173169,0.8756948246080828
QLearning,synth018,learn_rate,0.2408607552086757,0.0436761774715652
QLearning,synth018,softmax_inverse_temperature,3.0542530804851236,7.654964962026633
QLearning,synth021,biasL,-0.1820918024609668,-0.0590979422104413
QLearning,synth021,choice_kernel_relative_weight,0.4382479014709382,0.7622406893769756
QLearning,synth021,forget_rate_unchosen,0.1435838705082373,0.0070969765030157
QLearning,synth021,learn_rate,0.6894116481553358,0.8356023617292022
QLearning,synth021,softmax_inverse_temperature,7.828251787493581,4.212488798918695
QLearning,synth024,biasL,-1.1118865905055857,-0.4731051891218416
QLearning,synth024,choice_kernel_relative_weight,0.444871381362047,0.7089138646754467
QLearning,synth024,forget_rate_unchosen,0.3167963809359608,0.0048472736450828
QLearning,synth024,learn_rate,0.1655661090319769,0.2839856334814087
QLearning,synth024,softmax_inverse_temperature,12.970746891839298,5.609022238009743
QLearning,synth027,biasL,1.466494854072249,0.6757077477884627
QLearning,synth027,choice_kernel_relative_weight,0.2164348911436341,0.1531084184138641
QLearning,synth027,forget_rate_unchosen,0.2494843301433072,0.9093653953667749
QLearning,synth027,learn_rate,0.4371091129624747,0.1778366027498971
QLearning,synth027,softmax_inverse_temperature,4.181110132999285,4.248376247339601
QLearning,synth030,biasL,-0.9258317747344728,-0.4631052641308814
QLearning,synth030,choice_kernel_relative_weight,0.4782502533797175,0.8369894660366662
QLearning,synth030,forget_rate_unchosen,0.2816360768882431,0.0005811848369443
QLearning,synth030,learn_rate,0.6184760785435808,0.8811952427912676
QLearning,synth030,softmax_inverse_temperature,9.555359938196036,4.380685235463767
QLearning,synth033,biasL,-0.1344904343625715,0.0249101832811304
QLearning,synth033,choice_kernel_relative_weight,0.2486242818588563,0.4246030676538324
QLearning,synth033,forget_rate_unchosen,0.0103350910904402,0.0
QLearning,synth033,learn_rate,0.5062918134158966,0.7592534760072194
QLearning,synth033,softmax_inverse_temperature,9.000156477761973,6.264548672064664
QLearning,synth036,biasL,-0.5922276335933778,-0.5009357838711609
QLearning,synth036,choice_kernel_relative_weight,0.1108762719538636,0.2142253491477306
QLearning,synth036,forget_rate_unchosen,0.3815359494256194,0.2405383572230758
QLearning,synth036,learn_rate,0.8644317358704716,0.9457686718483588
QLearning,synth036,softmax_inverse_temperature,5.744364177051137,3.6324320487471455
QLearning,synth039,biasL,-0.5331501096940879,-0.1383625790398396
QLearning,synth039,choice_kernel_relative_weight,0.0194676657905363,0.0
QLearning,synth039,forget_rate_unchosen,0.0193673017871415,0.6554221218237796
QLearning,synth039,learn_rate,0.3361035773189102,0.175883211343887
QLearning,synth039,softmax_inverse_temperature,5.874982317641381,3.783187409044293
QLearning,synth042,biasL,1.3440726517261,0.4921932373313712
QLearning,synth042,choice_kernel_relative_weight,0.2004692607037952,0.0919269849683008
QLearning,synth042,forget_rate_unchosen,0.0759146599977846,0.989827441357799
QLearning,synth042,learn_rate,0.8028419413151384,0.1305421930063237
QLearning,synth042,softmax_inverse_temperature,1.4250146869686908,3.453576790310629
QLearning,synth045,biasL,0.2037152949490273,0.0377902055078937
QLearning,synth045,choice_kernel_relative_weight,0.139198566457799,0.3506334626518779
QLearning,synth045,forget_rate_unchosen,0.2084107490807092,0.085997834074865
QLearning,synth045,learn_rate,0.7834456349698607,0.6945929602457307
QLearning,synth045,softmax_inverse_temperature,3.308573936435341,1.999042521255056
QLearning,synth048,biasL,1.4539124590626498,0.7578522905734063
QLearning,synth048,choice_kernel_relative_weight,0.4229355616463854,0.4176664470140457
QLearning,synth048,forget_rate_unchosen,0.2557220223101825,0.0047688334772115
QLearning,synth048,learn_rate,0.8239947301949898,0.9588879399492474
QLearning,synth048,softmax_inverse_temperature,9.309397224309986,9.146381965851129
QLearning,synth051,biasL,0.6341166544540447,0.4241251065082008
QLearning,synth051,choice_kernel_relative_weight,0.1139653622275359,0.2194794934648776
QLearning,synth051,forget_rate_unchosen,0.3048462948137536,0.0164395504909738
QLearning,synth051,learn_rate,0.5251057585094683,0.8022794749511186
QLearning,synth051,softmax_inverse_temperature,13.114295587897152,7.363999803395839
QLearning,synth054,biasL,-0.9586054956334236,-0.5523815024119886
QLearning,synth054,choice_kernel_relative_weight,0.1703241806695772,0.0703967613384907
QLearning,synth054,forget_rate_unchosen,0.2762818193117088,1.0
QLearning,synth054,learn_rate,0.7968179092165233,0.1226194397517298
QLearning,synth054,softmax_inverse_temperature,5.1212522499790385,3.897191501973143
QLearning,synth057,biasL,-1.2621624929625108,-0.636606351159813
QLearning,synth057,choice_kernel_relative_weight,0.3361543176690711,0.5817354204966565
QLearning,synth057,forget_rate_unchosen,0.0494947571217426,0.0047987721243801
QLearning,synth057,learn_rate,0.4294045568163105,0.6308111477434972
QLearning,synth057,softmax_inverse_temperature,8.072650756810564,4.785083971090315
QLearning,synth060,biasL,-0.90458270013613,-0.1821808208559147
QLearning,synth060,choice_kernel_relative_weight,0.4635424723788065,0.5376744007561567
QLearning,synth060,forget_rate_unchosen,0.0857403484707051,0.0001163604796497
QLearning,synth060,learn_rate,0.8543466493494178,0.8942868284702173
QLearning,synth060,softmax_inverse_temperature,10.773431166713602,8.333406353153727
QLearning,synth063,biasL,-1.3797348323774792,-0.6713458089804475
QLearning,synth063,choice_kernel_relative_weight,0.3680548872572159,0.5172827240861287
QLearning,synth063,forget_rate_unchosen,0.0197380570168674,0.0059881803223349
QLearning,synth063,learn_rate,0.0555505575880828,0.3004792285101242
QLearning,synth063,softmax_inverse_temperature,8.857030102396314,5.258707432541248
QLearning,synth066,biasL,0.9932004603581254,0.3334942785095723
QLearning,synth066,choice_kernel_relative_weight,0.4557202209081316,0.1036795382203122
QLearning,synth066,forget_rate_unchosen,0.0543870699510313,1.0
QLearning,synth066,learn_rate,0.8379034301969419,0.0284921586081412
QLearning,synth066,softmax_inverse_temperature,2.9273684733855023,7.788574301467873
QLearning,synth069,biasL,0.3195059398887032,0.2045315214930709
QLearning,synth069,choice_kernel_relative_weight,0.0023402802538413,0.0342587658394552
QLearning,synth069,forget_rate_unchosen,0.1566988110876451,0.0421725455640663
QLearning,synth069,learn_rate,0.5853644673382412,0.8282921489449576
QLearning,synth069,softmax_inverse_temperature,15.143206128921662,8.68248295811475
QLearning,synth072,biasL,-0.7435282649434498,-0.5149997129659674
QLearning,synth072,choice_kernel_relative_weight,0.362076256686086,0.5779957956029436
QLearning,synth072,forget_rate_unchosen,0.1544227306139793,0.0117851945002947
QLearning,synth072,learn_rate,0.2438175251182992,0.3475207543317113
QLearning,synth072,softmax_inverse_temperature,5.074806506320956,4.041873875595188
QLearning,synth075,biasL,0.5383656383350999,0.5150598218643963
QLearning,synth075,choice_kernel_relative_weight,0.3622024242187185,0.6325577615944294
QLearning,synth075,forget_rate_unchosen,0.2411450370643455,0.0163945784951272
QLearning,synth075,learn_rate,0.4323570641147565,0.4768824822005514
QLearning,synth075,softmax_inverse_temperature,6.117158807424017,3.3856297666121495
QLearning,synth078,biasL,-0.3205930139367763,-0.0411951880655219
QLearning,synth078,choice_kernel_relative_weight,0.4359103920463862,0.6543904154291663
QLearning,synth078,forget_rate_unchosen,0.0554473639689431,0.0
QLearning,synth078,learn_rate,0.4385941330450347,0.386289504280881
QLearning,synth078,softmax_inverse_temperature,8.402886353857786,5.0078875551141895
QLearning,synth081,biasL,-1.0785383709466043,-0.5373502847051215
QLearning,synth081,choice_kernel_relative_weight,0.0498685463983837,0.1367378781054828
QLearning,synth081,forget_rate_unchosen,0.054046558669851,0.0242712613302296
QLearning,synth081,learn_rate,0.4446388999626058,0.642842470398415
QLearning,synth081,softmax_inverse_temperature,8.493887889532527,4.7677803790260604
QLearning,synth084,biasL,-0.7874827236475369,-0.4158191069189224
QLearning,synth084,choice_kernel_relative_weight,0.2425376728282416,0.4596083902407581
QLearning,synth084,forget_rate_unchosen,0.0493184434600567,0.0066777612779202
QLearning,synth084,learn_rate,0.6847633356376754,0.8906526373923167
QLearning,synth084,softmax_inverse_temperature,8.777722497749249,5.372639050981713
QLearning,synth087,biasL,1.5659726260126707,0.749218475821867
QLearning,synth087,choice_kernel_relative_weight,0.4510386638609552,0.5385723394691919
QLearning,synth087,forget_rate_unchosen,0.0123751230214863,0.0011362752381713
QLearning,synth087,learn_rate,0.2784618166785139,0.634512103873181
QLearning,synth087,softmax_inverse_temperature,10.999041638901256,6.130597275597479
QLearning,synth090,biasL,-0.6882090514611887,-0.3743234329427769
QLearning,synth090,choice_kernel_relative_weight,0.2200165511644582,0.3043799855986087
QLearning,synth090,forget_rate_unchosen,0.3305554262755175,0.0245835823914152
QLearning,synth090,learn_rate,0.8045346029939556,0.969930723657218
QLearning,synth090,softmax_inverse_temperature,12.003389322549024,8.38401304905069
QLearning,synth093,biasL,-1.3030891312241026,-0.8409440185713373
QLearning,synth093,choice_kernel_relative_weight,0.3084652175764329,0.5051106124459663
QLearning,synth093,forget_rate_unchosen,0.1206644748032783,0.0110435778567269
QLearning,synth093,learn_rate,0.6780747218551139,0.9276786286944688
QLearning,synth093,softmax_inverse_temperature,10.680648659093492,5.5867198427481615
QLearning,synth096,biasL,1.1314371567186248,0.6955204095418263
QLearning,synth096,choice_kernel_relative_weight,0.0823741551588333,0.0965951033135879
QLearning,synth096,forget_rate_unchosen,0.0759438629082256,0.1194989020645595
QLearning,synth096,learn_rate,0.8707666293497951,0.98613761197826
QLearning,synth096,softmax_inverse_temperature,15.631976257908562,12.90364655654519
QLearning,synth099,biasL,1.018361803135216,0.4723363280640723
QLearning,synth099,choice_kernel_relative_weight,0.2831612508917237,0.7409627234939749
QLearning,synth099,forget_rate_unchosen,0.1913654408081369,0.0229393726200083
QLearning,synth099,learn_rate,0.8005484681244932,0.8826840156877735
QLearning,synth099,softmax_inverse_temperature,7.042122888792256,2.3316419633458576
QLearning,synth102,biasL,-1.0271085610749056,-0.482386225617996
QLearning,synth102,choice_kernel_relative_weight,0.4140251929868249,0.0835232730861633
QLearning,synth102,forget_rate_unchosen,0.3231179150842937,0.9135455786144916
QLearning,synth102,learn_rate,0.3120578673381992,0.0486646022237588
QLearning,synth102,softmax_inverse_temperature,4.765968441721233,6.444902550031785
QLearning,synth105,biasL,0.37718752044283,0.2117246140356018
QLearning,synth105,choice_kernel_relative_weight,0.07749713402959,0.1856574170321372
QLearning,synth105,forget_rate_unchosen,0.1602426955001838,0.1512416667760745
QLearning,synth105,learn_rate,0.677143834669782,0.6637511228164572
QLearning,synth105,softmax_inverse_temperature,1.7601712336351123,1.8708243315427355
QLearning,synth108,biasL,0.4892779985712377,0.1474866310314867
QLearning,synth108,choice_kernel_relative_weight,0.0061153454092057,0.0382841025414302
QLearning,synth108,forget_rate_unchosen,0.1994514613098198,0.0695742193434736
QLearning,synth108,learn_rate,0.5396994403051181,0.8430188699656731
QLearning,synth108,softmax_inverse_temperature,12.137143571309656,8.127442569143403
QLearning,synth111,biasL,-0.9687393092161676,-0.3459261082848401
QLearning,synth111,choice_kernel_relative_weight,0.4862226962187743,0.1166839072301994
QLearning,synth111,forget_rate_unchosen,0.1756380640816798,0.934561268569257
QLearning,synth111,learn_rate,0.6658562008460156,0.0212218623985135
QLearning,synth111,softmax_inverse_temperature,4.539247860464456,9.410332095383312
QLearning,synth114,biasL,0.1198634124123454,0.0212529698844099
QLearning,synth114,choice_kernel_relative_weight,0.2767788093052228,0.0927009273950272
QLearning,synth114,forget_rate_unchosen,0.0530161225915202,0.9165521743180792
QLearning,synth114,learn_rate,0.4396041437208848,0.0798070246060521
QLearning,synth114,softmax_inverse_temperature,3.744357429441513,5.507366435353196
QLearning,synth117,biasL,-1.3763043790351086,-0.6454072061300108
QLearning,synth117,choice_kernel_relative_weight,0.1192588102387708,0.2654812067714394
QLearning,synth117,forget_rate_unchosen,0.0176103267224503,0.0546786568958991
QLearning,synth117,learn_rate,0.468252314965461,0.4473766338944123
QLearning,synth117,softmax_inverse_temperature,4.115250544375741,2.529768650909561
QLearning,synth120,biasL,1.628182473866667,0.9606429695842584
QLearning,synth120,choice_kernel_relative_weight,0.2044348259064508,0.343498313732429
QLearning,synth120,forget_rate_unchosen,0.1043369014386591,0.0127732262686461
QLearning,synth120,learn_rate,0.2550977791504497,0.4569059296201412
QLearning,synth120,softmax_inverse_temperature,12.441325387430943,6.1991982817845095
QLearning,synth123,biasL,0.1893700903535289,0.1398010954650035
QLearning,synth123,choice_kernel_relative_weight,0.3126463078939629,0.5762458045866959
QLearning,synth123,forget_rate_unchosen,0.333854412221808,0.0027308248974266
QLearning,synth123,learn_rate,0.8302467340369646,0.9569331799636448
QLearning,synth123,softmax_inverse_temperature,15.139716733008257,8.025801370078383
QLearning,synth126,biasL,-0.3320135560647544,-0.2784183420483838
QLearning,synth126,choice_kernel_relative_weight,0.2488717094392781,0.1728699989925248
QLearning,synth126,forget_rate_unchosen,0.1478125692889111,1.0
QLearning,synth126,learn_rate,0.634159474028258,0.0865806910946634
QLearning,synth126,softmax_inverse_temperature,7.595934883905992,4.793724997817406
QLearning,synth129,biasL,0.593801617537074,-0.1188440433035997
QLearning,synth129,choice_kernel_relative_weight,0.4976386516865015,0.4380067444302379
QLearning,synth129,forget_rate_unchosen,0.0364722316648863,0.8571172112486798
QLearning,synth129,learn_rate,0.5470960064714107,1.0
QLearning,synth129,softmax_inverse_temperature,12.638162098646443,12.97112115768068
QLearning,synth132,biasL,-0.3959204753001739,-0.2884404530871984
QLearning,synth132,choice_kernel_relative_weight,0.1680596761407782,0.3256576233996825
QLearning,synth132,forget_rate_unchosen,0.269858261877945,0.0129075115029257
QLearning,synth132,learn_rate,0.5322641325653915,0.8341011276583341
QLearning,synth132,softmax_inverse_temperature,12.296899613428474,6.675057841189159
QLearning,synth135,biasL,0.4840390194299545,0.0602367931573747
QLearning,synth135,choice_kernel_relative_weight,0.4967282360784767,0.9618234842165588
QLearning,synth135,forget_rate_unchosen,0.3182996537583362,0.0051535545669566
QLearning,synth135,learn_rate,0.8586958254905304,0.9211267765083508
QLearning,synth135,softmax_inverse_temperature,13.13794341769252,4.090369432173081
QLearning,synth138,biasL,0.8510374789745794,0.6247448187343478
QLearning,synth138,choice_kernel_relative_weight,0.4221631189505708,0.6958883931514902
QLearning,synth138,forget_rate_unchosen,0.208064946968898,0.0055338096528629
QLearning,synth138,learn_rate,0.422362496983339,0.6356240531590448
QLearning,synth138,softmax_inverse_temperature,9.45714066060828,3.578818970506491
QLearning,synth141,biasL,-0.1458131013033197,-0.0188480862351183
QLearning,synth141,choice_kernel_relative_weight,0.1141513906536807,0.1632428314842737
QLearning,synth141,forget_rate_unchosen,0.2000998109674124,0.3056981836615673
QLearning,synth141,learn_rate,0.9015921356289436,0.9697483205307348
QLearning,synth141,softmax_inverse_temperature,9.830748529537235,7.167844248211321
QLearning,synth144,biasL,-0.3743868440348047,-0.1327513794423534
QLearning,synth144,choice_kernel_relative_weight,0.2773755891454608,0.2334086555171118
QLearning,synth144,forget_rate_unchosen,0.3325433878037997,0.7956553921710584
QLearning,synth144,learn_rate,0.2774626457483126,0.0728175773959373
QLearning,synth144,softmax_inverse_temperature,3.864703874015573,5.219394164443507
QLearning,synth147,biasL,1.5024908773366508,0.5856600593460721
QLearning,synth147,choice_kernel_relative_weight,0.1000659842575661,0.0641869779666825
QLearning,synth147,forget_rate_unchosen,0.2231614954356288,0.980243388795744
QLearning,synth147,learn_rate,0.4859251975636888,0.1766880585421613
QLearning,synth147,softmax_inverse_temperature,6.92193580124477,4.14912825464717
QLearning,synth150,biasL,0.2687043527330893,0.3724503626434484
QLearning,synth150,choice_kernel_relative_weight,0.3214661202635481,0.5325938580980705
QLearning,synth150,forget_rate_unchosen,0.2733360325827779,8.327230728148336e-05
QLearning,synth150,learn_rate,0.5712195706144407,0.81571636614125
QLearning,synth150,softmax_inverse_temperature,11.108730479948893,6.808202943045981
QLearning,synth153,biasL,0.2666145998726285,0.2457601157662836
QLearning,synth153,choice_kernel_relative_weight,0.1046729211363758,0.2581735441901122
QLearning,synth153,forget_rate_unchosen,0.3044498606921384,0.0753936361616109
QLearning,synth153,learn_rate,0.390758853195182,0.5598550048679553
QLearning,synth153,softmax_inverse_temperature,4.270786336499585,3.6045521935717337
QLearning,synth156,biasL,-0.21342098595181,-0.154296352072258
QLearning,synth156,choice_kernel_relative_weight,0.2269542157336679,0.2523683534783367
QLearning,synth156,forget_rate_unchosen,0.0651717848342252,0.008602093234068
QLearning,synth156,learn_rate,0.2606658017348039,0.489639159939274
QLearning,synth156,softmax_inverse_temperature,15.145903078642576,12.10312973656544
QLearning,synth159,biasL,-0.048180360522555,0.1793054853323911
QLearning,synth159,choice_kernel_relative_weight,0.4041320131115717,0.6121845100101776
QLearning,synth159,forget_rate_unchosen,0.2722435528572386,0.0135197393656604
QLearning,synth159,learn_rate,0.8572088617340181,0.9163206908242318
QLearning,synth159,softmax_inverse_temperature,7.449446112733803,5.523805940292234
QLearning,synth162,biasL,0.1934123501400602,-0.2861395701582753
QLearning,synth162,choice_kernel_relative_weight,0.3611190995565745,0.2288933910686953
QLearning,synth162,forget_rate_unchosen,0.2136689728368104,0.0025066083145771
QLearning,synth162,learn_rate,0.4591471855978651,0.942952640092771
QLearning,synth162,softmax_inverse_temperature,10.389589308258556,19.64909113053533
QLearning,synth165,biasL,0.1355480241191554,0.1986863645904848
QLearning,synth165,choice_kernel_relative_weight,0.3600042603992787,0.6696459831106274
QLearning,synth165,forget_rate_unchosen,0.3525402390466112,0.0261836904553483
QLearning,synth165,learn_rate,0.6361302868870922,0.7684286859050586
QLearning,synth165,softmax_inverse_temperature,8.308083891003644,4.091940749738959
QLearning,synth168,biasL,-0.4276307520423381,-0.2434136746530285
QLearning,synth168,choice_kernel_relative_weight,0.3479311938250925,0.1373421883022824
QLearning,synth168,forget_rate_unchosen,0.0947622100409703,0.8932444523584221
QLearning,synth168,learn_rate,0.1571522825332536,0.041658676750436
QLearning,synth168,softmax_inverse_temperature,5.316689160607792,7.660167722530032
QLearning,synth171,biasL,-1.0686301155438378,-0.5067462916409304
QLearning,synth171,choice_kernel_relative_weight,0.2498664880797794,0.0752755647698842
QLearning,synth171,forget_rate_unchosen,0.2133493919722509,0.9651736525671976
QLearning,synth171,learn_rate,0.473378985208056,0.089087496500816
QLearning,synth171,softmax_inverse_temperature,0.1287298404310286,4.3298630619174725
QLearning,synth174,biasL,-0.0225284426535968,-0.0400246636768646
QLearning,synth174,choice_kernel_relative_weight,0.0503074821248463,0.1292544511787678
QLearning,synth174,forget_rate_unchosen,0.1742828663268366,0.0416459035051899
QLearning,synth174,learn_rate,0.5240612765069543,0.834437337444795
QLearning,synth174,softmax_inverse_temperature,14.710143408921615,7.734348154179744
QLearning,synth177,biasL,1.2415968897226206,0.7407711195895834
QLearning,synth177,choice_kernel_relative_weight,0.2704459353714559,0.1353305256445557
QLearning,synth177,forget_rate_unchosen,0.3140758797966871,0.5656749110249499
QLearning,synth177,learn_rate,0.7585392020121136,1.0
QLearning,synth177,softmax_inverse_temperature,15.488722515414905,27.706199895490418
QLearning,synth180,biasL,-0.1712754732043661,-0.123669378452224
QLearning,synth180,choice_kernel_relative_weight,0.1344032821713363,0.0664398721695966
QLearning,synth180,forget_rate_unchosen,0.1783133692530299,0.7479200273010735
QLearning,synth180,learn_rate,0.1246100571594351,0.0832468642805591
QLearning,synth180,softmax_inverse_temperature,6.9046922439615,5.822012232399034
QLearning,synth183,biasL,1.4964582719542443,0.77919175501986
QLearning,synth183,choice_kernel_relative_weight,0.0877665706685456,0.2709701744098097
QLearning,synth183,forget_rate_unchosen,0.278156461826026,0.0774405374694811
QLearning,synth183,learn_rate,0.2417680632139598,0.4358261881839481
QLearning,synth183,softmax_inverse_temperature,6.045330726860877,3.2438529868994492
QLearning,synth186,biasL,-0.0421978868792544,0.0191896741625515
QLearning,synth186,choice_kernel_relative_weight,0.2171317209123136,0.1715884045511484
QLearning,synth186,forget_rate_unchosen,0.3148996971330062,0.8267329393082455
QLearning,synth186,learn_rate,0.1706393359116817,0.0872413999956708
QLearning,synth186,softmax_inverse_temperature,8.257214794634034,5.316259944774886
QLearning,synth189,biasL,0.9944517129350854,0.5019552672071903
QLearning,synth189,choice_kernel_relative_weight,0.1276107945190502,0.2145566614351635
QLearning,synth189,forget_rate_unchosen,0.0013975811783077,0.0
QLearning,synth189,learn_rate,0.3207360455724077,0.5900373779495518
QLearning,synth189,softmax_inverse_temperature,14.039888822254618,8.990331140207248
QLearning,synth192,biasL,1.484194678784808,0.9188251600713716
QLearning,synth192,choice_kernel_relative_weight,0.3291719411652234,0.6980537997379448
QLearning,synth192,forget_rate_unchosen,0.0769801215291066,0.0
QLearning,synth192,learn_rate,0.8617539780087461,0.8677790891127931
QLearning,synth192,softmax_inverse_temperature,13.816149645758555,5.797342031586495
QLearning,synth195,biasL,-0.2387943498339319,-0.1280549873719677
QLearning,synth195,choice_kernel_relative_weight,0.0314397184500077,0.0066812264435038
QLearning,synth195,forget_rate_unchosen,0.2548735086923552,0.7351860072419293
QLearning,synth195,learn_rate,0.4146136664588114,0.3307236924232212
QLearning,synth195,softmax_inverse_temperature,5.2869423596121,3.680482302325747
QLearning,synth198,biasL,1.3444432595774924,0.7622807725892843
QLearning,synth198,choice_kernel_relative_weight,0.3398650420022239,0.5960608416775426
QLearning,synth198,forget_rate_unchosen,0.2475426119429028,0.0147443562951569
QLearning,synth198,learn_rate,0.2365660516131126,0.4665568804957076
QLearning,synth198,softmax_inverse_temperature,9.421490406472063,3.482443243149296
CompareToThreshold,synth001,biasL,-0.1081577274109394,-0.2257698065386857
CompareToThreshold,synth001,learn_rate,0.4576959775029977,0.6322737541037441
CompareToThreshold,synth001,softmax_inverse_temperature,11.121938422569684,12.77739803539761
CompareToThreshold,synth001,threshold,0.313025895886942,0.3191369902216435
CompareToThreshold,synth004,biasL,0.3734191796474645,0.2533031184820712
CompareToThreshold,synth004,learn_rate,0.9635397166999228,0.9715931339909272
CompareToThreshold,synth004,softmax_inverse_temperature,12.811431095202067,11.671097865017604
CompareToThreshold,synth004,threshold,0.6159716196727758,0.5835615933223613
CompareToThreshold,synth007,biasL,-0.0944002559823641,-0.018403134732715
CompareToThreshold,synth007,learn_rate,0.6197176863299723,0.883053829877034
CompareToThreshold,synth007,softmax_inverse_temperature,5.380208122742095,2.9337837765783705
CompareToThreshold,synth007,threshold,0.5443845713246642,0.4982757611985577
CompareToThreshold,synth010,biasL,-0.3269334019549894,-0.1774633404679383
CompareToThreshold,synth010,learn_rate,0.3732768063488569,0.5706936653637724
CompareToThreshold,synth010,softmax_inverse_temperature,10.707070144103334,8.47452249476017
CompareToThreshold,synth010,threshold,0.2761881163104661,0.2927384933855077
CompareToThreshold,synth013,biasL,-1.4358586115420515,-0.849798667010749
CompareToThreshold,synth013,learn_rate,0.2489356601320947,0.1594265999163427
CompareToThreshold,synth013,softmax_inverse_temperature,0.6359384553081187,4.528313736240825
CompareToThreshold,synth013,threshold,0.3679623588399321,0.3962924973629883
CompareToThreshold,synth016,biasL,0.4983617763989102,0.2725045689185958
CompareToThreshold,synth016,learn_rate,0.3554250128709394,0.5800231855414522
CompareToThreshold,synth016,softmax_inverse_temperature,8.209650281856703,4.929030986384732
CompareToThreshold,synth016,threshold,0.5238559426214349,0.5066473331237337
CompareToThreshold,synth019,biasL,-0.7564824872338823,-0.4532822564835514
CompareToThreshold,synth019,learn_rate,0.403383951031404,0.6551375178737462
CompareToThreshold,synth019,softmax_inverse_temperature,14.478540763443077,11.265370845251638
CompareToThreshold,synth019,threshold,0.2430530901519995,0.1977401022767609
CompareToThreshold,synth022,biasL,-0.7673678194497472,-0.5057019473128255
CompareToThreshold,synth022,learn_rate,0.4788536393844629,0.4962490741172228
CompareToThreshold,synth022,softmax_inverse_temperature,3.774590528722171,3.8397304628440905
CompareToThreshold,synth022,threshold,0.2812931308516915,0.3364214200343191
CompareToThreshold,synth025,biasL,1.4778532001657112,0.8412811508699934
CompareToThreshold,synth025,learn_rate,0.6891449525238663,0.830988142774685
CompareToThreshold,synth025,softmax_inverse_temperature,17.215714746807592,11.761714894855988
CompareToThreshold,synth025,threshold,0.2455054612386646,0.2718141466107037
CompareToThreshold,synth028,biasL,0.602078655067789,0.2546312206506742
CompareToThreshold,synth028,learn_rate,0.3810501824249949,0.6770992410109815
CompareToThreshold,synth028,softmax_inverse_temperature,12.139362871973336,11.20059384794702
CompareToThreshold,synth028,threshold,0.3054995102502436,0.2708060231356948
CompareToThreshold,synth031,biasL,0.3317684325812898,0.0976174051605156
CompareToThreshold,synth031,learn_rate,0.2004195637304709,0.1527710294726146
CompareToThreshold,synth031,softmax_inverse_temperature,2.569620712807804,4.94141927776147
CompareToThreshold,synth031,threshold,0.3151555225488796,0.3131541155117135
CompareToThreshold,synth034,biasL,0.6467588860592622,0.416258707424199
CompareToThreshold,synth034,learn_rate,0.7224187962759021,0.8275988988692559
CompareToThreshold,synth034,softmax_inverse_temperature,12.204948393388634,9.722871668661412
CompareToThreshold,synth034,threshold,0.5198434745017816,0.5572832149140536
CompareToThreshold,synth037,biasL,1.3350442482624305,0.5691311093036291
CompareToThreshold,synth037,learn_rate,0.6891299089347239,0.8460536101239073
CompareToThreshold,synth037,softmax_inverse_temperature,12.87993453324288,9.859924044917262
CompareToThreshold,synth037,threshold,0.3346077774329335,0.3703613976643511
CompareToThreshold,synth040,biasL,1.0564352288041374,0.6007254072166103
CompareToThreshold,synth040,learn_rate,0.4187732181594577,0.7282093820142713
CompareToThreshold,synth040,softmax_inverse_temperature,8.984728809595445,6.905236206694738
CompareToThreshold,synth040,threshold,0.4886827194255586,0.4821921044422707
CompareToThreshold,synth043,biasL,-0.2484645513199285,-0.1496821924072341
CompareToThreshold,synth043,learn_rate,0.1827359877695181,0.3810462125925299
CompareToThreshold,synth043,softmax_inverse_temperature,2.876105026886047,4.159785413781457
CompareToThreshold,synth043,threshold,0.4754904305108213,0.5010477032968857
CompareToThreshold,synth046,biasL,1.0151281584023564,0.6667594989946207
CompareToThreshold,synth046,learn_rate,0.5457283615409949,0.7435079266552497
CompareToThreshold,synth046,softmax_inverse_temperature,6.345358879684712,4.543508884643654
CompareToThreshold,synth046,threshold,0.4011657665567756,0.4138100152548835
CompareToThreshold,synth049,biasL,0.8787358801698071,0.296706309342559
CompareToThreshold,synth049,learn_rate,0.7759118046700467,0.9396559344966604
CompareToThreshold,synth049,softmax_inverse_temperature,15.36718507506732,12.231169322253052
CompareToThreshold,synth049,threshold,0.4779164894838191,0.5334837167168688
CompareToThreshold,synth052,biasL,0.9647517477752492,0.6235473128323008
CompareToThreshold,synth052,learn_rate,0.1194220076007889,0.2584102799772487
CompareToThreshold,synth052,softmax_inverse_temperature,5.165892858417717,4.762399908857525
CompareToThreshold,synth052,threshold,0.4343934409767199,0.3875034258657995
CompareToThreshold,synth055,biasL,-0.3316676120410278,-0.200666329850426
CompareToThreshold,synth055,learn_rate,0.6607835465400947,0.8633812776230123
CompareToThreshold,synth055,softmax_inverse_temperature,8.538885135683213,7.9967261952829025
CompareToThreshold,synth055,threshold,0.5443222003984641,0.5847255701474453
CompareToThreshold,synth058,biasL,0.6519604744387996,0.3039887420061614
CompareToThreshold,synth058,learn_rate,0.2023510621344656,0.4013549240736631
CompareToThreshold,synth058,softmax_inverse_temperature,5.452796053796251,5.378853197301768
CompareToThreshold,synth058,threshold,0.5300777708181496,0.5103319979499631
CompareToThreshold,synth061,biasL,-0.0927816263793545,0.0059829500234765
CompareToThreshold,synth061,learn_rate,0.5194888017233177,0.7243571612807925
CompareToThreshold,synth061,softmax_inverse_temperature,3.761952564154124,4.313467632987378
CompareToThreshold,synth061,threshold,0.3184667891997644,0.3642604668535142
CompareToThreshold,synth064,biasL,1.1125705631839224,0.8271234266719383
CompareToThreshold,synth064,learn_rate,0.0722567217434777,0.3716388824663841
CompareToThreshold,synth064,softmax_inverse_temperature,6.429758583206485,5.500104362357056
CompareToThreshold,synth064,threshold,0.4993590124523211,0.4288977631485269
CompareToThreshold,synth067,biasL,0.3002216363862791,0.1109035498252929
CompareToThreshold,synth067,learn_rate,0.9548357829774622,0.9685646557024492
CompareToThreshold,synth067,softmax_inverse_temperature,11.35470095943937,10.718841736669107
CompareToThreshold,synth067,threshold,0.4393126843167286,0.436904240873793
CompareToThreshold,synth070,biasL,-0.554711734762167,-0.1939793247906456
CompareToThreshold,synth070,learn_rate,0.4392808073947042,0.7162027090767968
CompareToThreshold,synth070,softmax_inverse_temperature,8.291938795435138,8.561207010956883
CompareToThreshold,synth070,threshold,0.5101925048071696,0.5174176849305768
CompareToThreshold,synth073,biasL,-0.719389330550072,-0.5708251555776072
CompareToThreshold,synth073,learn_rate,0.2358695454310975,0.483594368713883
CompareToThreshold,synth073,softmax_inverse_temperature,15.920582832284762,12.09928836694374
CompareToThreshold,synth073,threshold,0.453285392235132,0.4068535745709477
CompareToThreshold,synth076,biasL,0.1886668380026391,0.0709256741049877
CompareToThreshold,synth076,learn_rate,0.3173946791886111,0.6543982085016482
CompareToThreshold,synth076,softmax_inverse_temperature,14.394021950434755,11.807501914889164
CompareToThreshold,synth076,threshold,0.2124753781066822,0.2367535678838566
CompareToThreshold,synth079,biasL,-0.6970580911971369,-0.374172179041721
CompareToThreshold,synth079,learn_rate,0.7047249384111037,0.9163554580749416
CompareToThreshold,synth079,softmax_inverse_temperature,8.00243236522804,5.593645753867091
CompareToThreshold,synth079,threshold,0.436150601617575,0.4702067161853226
CompareToThreshold,synth082,biasL,0.5411140746647166,0.2432032276013515
CompareToThreshold,synth082,learn_rate,0.6002678399746567,0.8904326739607332
CompareToThreshold,synth082,softmax_inverse_temperature,7.901249587688136,4.63097016831721
CompareToThreshold,synth082,threshold,0.4113269885467526,0.4271686943723686
CompareToThreshold,synth085,biasL,-1.3226432997743691,-0.5654593523168817
CompareToThreshold,synth085,learn_rate,0.6840660535069764,0.6054388955564866
CompareToThreshold,synth085,softmax_inverse_temperature,3.0569393751766025,3.485808853019718
CompareToThreshold,synth085,threshold,0.2678436534049772,0.385170994398424
CompareToThreshold,synth088,biasL,-1.134709975134324,-0.5594882831905968
CompareToThreshold,synth088,learn_rate,0.9055091689746056,0.8751746570630606
CompareToThreshold,synth088,softmax_inverse_temperature,4.430501406234674,2.5252578287482543
CompareToThreshold,synth088,threshold,0.4780223345711284,0.4454598401200232
CompareToThreshold,synth091,biasL,-0.2168593306619546,-0.0393385830386656
CompareToThreshold,synth091,learn_rate,0.1583860845728197,0.1918226829148933
CompareToThreshold,synth091,softmax_inverse_temperature,3.5375106934284615,5.11314669915169
CompareToThreshold,synth091,threshold,0.3686265007775333,0.377628262943571
CompareToThreshold,synth094,biasL,0.1713912489402284,0.0012305611172111
CompareToThreshold,synth094,learn_rate,0.0640870742640016,0.1888452691972955
CompareToThreshold,synth094,softmax_inverse_temperature,4.833805841668795,4.8946978981412235
CompareToThreshold,synth094,threshold,0.4203264382902382,0.395693089849673
CompareToThreshold,synth097,biasL,-0.4025745105617749,-0.3353850329442837
CompareToThreshold,synth097,learn_rate,0.1681237383276854,0.3499349309080153
CompareToThreshold,synth097,softmax_inverse_temperature,8.349960165270698,6.702166488006292
CompareToThreshold,synth097,threshold,0.2413300441102886,0.1679552210231151
CompareToThreshold,synth100,biasL,-0.9218370274061696,-0.534189815378304
CompareToThreshold,synth100,learn_rate,0.633048730687719,0.7855226271148764
CompareToThreshold,synth100,softmax_inverse_temperature,1.769246063756159,2.842845087488597
CompareToThreshold,synth100,threshold,0.4520573728227078,0.4498774459397882
CompareToThreshold,synth103,biasL,0.5041758429213329,0.4166555998347359
CompareToThreshold,synth103,learn_rate,0.797397417067278,0.9621051954702188
CompareToThreshold,synth103,softmax_inverse_temperature,7.051699948947942,4.41464603574352
CompareToThreshold,synth103,threshold,0.2425068965295219,0.3415831122513937
CompareToThreshold,synth106,biasL,-1.0871505289089622,-0.6489535970535658
CompareToThreshold,synth106,learn_rate,0.5699889851187363,0.7753503606051917
CompareToThreshold,synth106,softmax_inverse_temperature,12.62723687189275,11.564139110883726
CompareToThreshold,synth106,threshold,0.1854011736528256,0.2115823258961527
CompareToThreshold,synth109,biasL,-0.348269612403346,-0.3559452961082668
CompareToThreshold,synth109,learn_rate,0.6294028773349589,0.7836649647715866
CompareToThreshold,synth109,softmax_inverse_temperature,14.98201851557875,13.333482639395822
CompareToThreshold,synth109,threshold,0.3954033713408848,0.4040253532896184
CompareToThreshold,synth112,biasL,-0.6888686105206763,-0.5467400039152167
CompareToThreshold,synth112,learn_rate,0.4043009238635522,0.5819968272845518
CompareToThreshold,synth112,softmax_inverse_temperature,4.585878894176592,4.320560845994184
CompareToThreshold,synth112,threshold,0.4156299957157311,0.4303041273032663
CompareToThreshold,synth115,biasL,-0.6958925104770007,-0.3754172430749483
CompareToThreshold,synth115,learn_rate,0.4811342205316787,0.6188302959734345
CompareToThreshold,synth115,softmax_inverse_temperature,13.43368513980111,14.648524503509703
CompareToThreshold,synth115,threshold,0.5062684815523303,0.5253491768203095
CompareToThreshold,synth118,biasL,-1.295260236428135,-0.4537284207395359
CompareToThreshold,synth118,learn_rate,0.648258822223822,0.7344711218488439
CompareToThreshold,synth118,softmax_inverse_temperature,6.357273653386746,4.731896155490281
CompareToThreshold,synth118,threshold,0.331751706583162,0.4237614744420263
CompareToThreshold,synth121,biasL,1.185950695033677,0.645128863670475
CompareToThreshold,synth121,learn_rate,0.161187415903182,0.3414172336709576
CompareToThreshold,synth121,softmax_inverse_temperature,5.536384420953211,4.349759461916832
CompareToThreshold,synth121,threshold,0.517874881803379,0.4626748409763966
CompareToThreshold,synth124,biasL,-0.9706868919446288,-0.6535736133210177
CompareToThreshold,synth124,learn_rate,0.1945816504696836,0.4388713974474418
CompareToThreshold,synth124,softmax_inverse_temperature,9.149471416868996,9.155499609906837
CompareToThreshold,synth124,threshold,0.5239479001733821,0.5345927449147635
CompareToThreshold,synth127,biasL,-0.0295553591563888,-0.1186994413037396
CompareToThreshold,synth127,learn_rate,0.1716384185479487,0.3225532602034933
CompareToThreshold,synth127,softmax_inverse_temperature,10.478823318838996,7.226464766062018
CompareToThreshold,synth127,threshold,0.3112306322202181,0.2844118603198367
CompareToThreshold,synth130,biasL,0.4198764860837988,0.1739501495386762
CompareToThreshold,synth130,learn_rate,0.4671142508911036,0.6431358565433019
CompareToThreshold,synth130,softmax_inverse_temperature,13.098837524920972,11.149758275489312
CompareToThreshold,synth130,threshold,0.5222450072272989,0.5766110281797664
CompareToThreshold,synth133,biasL,-0.1526826225094508,0.0138802653710679
CompareToThreshold,synth133,learn_rate,0.826500236009099,0.9574891934141564
CompareToThreshold,synth133,softmax_inverse_temperature,7.402006541580779,4.628885498668396
CompareToThreshold,synth133,threshold,0.377264243841319,0.3959337637696208
CompareToThreshold,synth136,biasL,1.353348196405482,0.5801870987750081
CompareToThreshold,synth136,learn_rate,0.4049048782091531,0.4316642180938018
CompareToThreshold,synth136,softmax_inverse_temperature,2.8690561277018336,3.7373867412301385
CompareToThreshold,synth136,threshold,0.271120952050687,0.2945493334682849
CompareToThreshold,synth139,biasL,1.5542648154483958,0.7286371231852108
CompareToThreshold,synth139,learn_rate,0.234168186374428,0.4593351523442894
CompareToThreshold,synth139,softmax_inverse_temperature,3.4225725296909615,3.390911920064999
CompareToThreshold,synth139,threshold,0.55081733987673,0.4663615435888315
CompareToThreshold,synth142,biasL,-0.027714405912525,-0.019166682909263
CompareToThreshold,synth142,learn_rate,0.7949255075975865,0.8515153211240594
CompareToThreshold,synth142,softmax_inverse_temperature,11.642986512826864,10.913896697108372
CompareToThreshold,synth142,threshold,0.252524517633314,0.2957797575058707
CompareToThreshold,synth145,biasL,1.134617353751228,0.6671875338061667
CompareToThreshold,synth145,learn_rate,0.123240420959774,0.2314472469629458
CompareToThreshold,synth145,softmax_inverse_temperature,5.853204756239335,5.720066118257853
CompareToThreshold,synth145,threshold,0.4218021855416313,0.4399141122425301
CompareToThreshold,synth148,biasL,-1.2633777061952016,-0.8467439862182563
CompareToThreshold,synth148,learn_rate,0.2594388690638193,0.4818590313553209
CompareToThreshold,synth148,softmax_inverse_temperature,10.734161473302784,7.5884111982117615
CompareToThreshold,synth148,threshold,0.4397540590474461,0.4141718302515556
CompareToThreshold,synth151,biasL,-0.5629405776254257,-0.5917128783262069
CompareToThreshold,synth151,learn_rate,0.8258222340945106,0.918082208298435
CompareToThreshold,synth151,softmax_inverse_temperature,14.590650296746462,13.05236036935323
CompareToThreshold,synth151,threshold,0.2433345941160556,0.2844771428406097
CompareToThreshold,synth154,biasL,-1.0253211135720055,-0.6984702963583879
CompareToThreshold,synth154,learn_rate,0.3412291482960569,0.5651656833501374
CompareToThreshold,synth154,softmax_inverse_temperature,8.97896820299829,8.182650033510708
CompareToThreshold,synth154,threshold,0.3856171141166767,0.4881441592843802
CompareToThreshold,synth157,biasL,0.2353186110958567,0.1256343197488507
CompareToThreshold,synth157,learn_rate,0.5688473510287675,0.4877177530884884
CompareToThreshold,synth157,softmax_inverse_temperature,5.26003954234098,2.852460175541569
CompareToThreshold,synth157,threshold,0.2707479694366504,0.3044355758525613
CompareToThreshold,synth160,biasL,-0.9808402090231766,-0.3694193562785779
CompareToThreshold,synth160,learn_rate,0.7253075213355831,0.8927361538505416
CompareToThreshold,synth160,softmax_inverse_temperature,11.28421956260885,7.468667442304901
CompareToThreshold,synth160,threshold,0.402975340355343,0.4636945730554256
CompareToThreshold,synth163,biasL,-1.151492468708767,-0.8276958905557275
CompareToThreshold,synth163,learn_rate,0.1417377152981484,0.4000677023342083
CompareToThreshold,synth163,softmax_inverse_temperature,14.480642220148042,9.526351771167272
CompareToThreshold,synth163,threshold,0.2337070691158665,0.1968087269089554
CompareToThreshold,synth166,biasL,1.2475769735395512,0.7210836660472253
CompareToThreshold,synth166,learn_rate,0.8077223281298513,0.9442698257648262
CompareToThreshold,synth166,softmax_inverse_temperature,9.94434546328397,7.670712750127723
CompareToThreshold,synth166,threshold,0.5215351964217216,0.5253029914374429
CompareToThreshold,synth169,biasL,1.303862851796212,0.6502019658433967
CompareToThreshold,synth169,learn_rate,0.2480867428996621,0.4923275215779681
CompareToThreshold,synth169,softmax_inverse_temperature,10.42792782773521,8.791101061957734
CompareToThreshold,synth169,threshold,0.5868363949373256,0.527193057153658
CompareToThreshold,synth172,biasL,-1.2458483375155829,-0.8652405281917127
CompareToThreshold,synth172,learn_rate,0.5500206067597257,0.7945199346185385
CompareToThreshold,synth172,softmax_inverse_temperature,10.24663262050361,7.863881355544232
CompareToThreshold,synth172,threshold,0.3584738199751837,0.3837822926913088
CompareToThreshold,synth175,biasL,1.2495875517030923,0.562156936733008
CompareToThreshold,synth175,learn_rate,0.3943357195760488,0.5677990188808745
CompareToThreshold,synth175,softmax_inverse_temperature,5.732252403301745,4.787837577695394
CompareToThreshold,synth175,threshold,0.3561572835213399,0.3755522165521491
CompareToThreshold,synth178,biasL,1.5126221987726152,0.7881710941541574
CompareToThreshold,synth178,learn_rate,0.4176096561321633,0.6697240811888964
CompareToThreshold,synth178,softmax_inverse_temperature,9.992760316666471,8.46057722315909
CompareToThreshold,synth178,threshold,0.3669638159728674,0.3936748135665947
CompareToThreshold,synth181,biasL,0.0289461898920066,0.0666570356803184
CompareToThreshold,synth181,learn_rate,0.931547969905222,0.8101896681506422
CompareToThreshold,synth181,softmax_inverse_temperature,5.714234234215213,2.9440067979600895
CompareToThreshold,synth181,threshold,0.2636201629016673,0.3642099273924826
CompareToThreshold,synth184,biasL,-1.2030544689627232,-0.807826405849915
CompareToThreshold,synth184,learn_rate,0.3764802124201826,0.6024277153962719
CompareToThreshold,synth184,softmax_inverse_temperature,10.772031991466172,9.38465071457515
CompareToThreshold,synth184,threshold,0.5593638642784294,0.5879745815844163
CompareToThreshold,synth187,biasL,0.7227244338017536,0.3021080497750078
CompareToThreshold,synth187,learn_rate,0.3509511220505032,0.5476008398326351
CompareToThreshold,synth187,softmax_inverse_temperature,9.679390919432512,7.094433696813106
CompareToThreshold,synth187,threshold,0.2598993437542876,0.2239694139143653
CompareToThreshold,synth190,biasL,1.2156257236035108,0.8191440108121657
CompareToThreshold,synth190,learn_rate,0.7028153332053927,0.8436500543138721
CompareToThreshold,synth190,softmax_inverse_temperature,9.627782488325042,9.040469083124457
CompareToThreshold,synth190,threshold,0.3364628224539217,0.3960532467990496
CompareToThreshold,synth193,biasL,0.2496421272887504,0.2883794687296648
CompareToThreshold,synth193,learn_rate,0.2987076882917143,0.4141755232108546
CompareToThreshold,synth193,softmax_inverse_temperature,6.720134474223321,6.302108575538843
CompareToThreshold,synth193,threshold,0.2880527634040379,0.2967770489917874
CompareToThreshold,synth196,biasL,-1.1842957378154444,-0.5816048540053386
CompareToThreshold,synth196,learn_rate,0.6234448947668134,0.7087299590065724
CompareToThreshold,synth196,softmax_inverse_temperature,0.4429083934736755,2.727288844504874
CompareToThreshold,synth196,threshold,0.4673893692581614,0.4798281548902501
CompareToThreshold,synth199,biasL,-0.1748790383132847,-0.0855391509833195
CompareToThreshold,synth199,learn_rate,0.1945577416818813,0.3864392920276268
CompareToThreshold,synth199,softmax_inverse_temperature,10.48762543151409,9.692467302960017
CompareToThreshold,synth199,threshold,0.4377605148834449,0.4291900263584129
LossCounting,synth002,biasL,-0.4444246635630815,-0.2336084971516223
LossCounting,synth002,loss_count_threshold_mean,5.511984590266327,5.685404662748927
LossCounting,synth002,loss_count_threshold_std,0.7950293042993264,1.1973805338492425
LossCounting,synth005,biasL,0.2400740553514476,0.1915002788644631
LossCounting,synth005,loss_count_threshold_mean,5.175528306950569,6.374993647920454
LossCounting,synth005,loss_count_threshold_std,1.09083497107718,1.6548354637310994
LossCounting,synth008,biasL,-0.1137319715467218,-0.0865497755039814
LossCounting,synth008,loss_count_threshold_mean,3.8545657188674753,4.695972990343559
LossCounting,synth008,loss_count_threshold_std,0.2865083517730231,0.7571072403033176
LossCounting,synth011,biasL,0.2990917691154099,0.1040006998927688
LossCounting,synth011,loss_count_threshold_mean,1.1796439980164193,2.1139999408911945
LossCounting,synth011,loss_count_threshold_std,1.1825050428484152,1.7059063859588657
LossCounting,synth014,biasL,0.5444060965199011,0.2415402373866877
LossCounting,synth014,loss_count_threshold_mean,3.700626211754238,4.1702756139132635
LossCounting,synth014,loss_count_threshold_std,0.6960675384967426,1.872991838743317
LossCounting,synth017,biasL,0.2735636421779893,0.1547247063062149
LossCounting,synth017,loss_count_threshold_mean,3.617562773732842,4.480056458091197
LossCounting,synth017,loss_count_threshold_std,1.1290147113536924,1.5798053789926163
LossCounting,synth020,biasL,0.245488258777331,0.195665023453351
LossCounting,synth020,loss_count_threshold_mean,2.1468032701473474,2.6157608102088425
LossCounting,synth020,loss_count_threshold_std,0.7744869881941681,1.0393802912518464
LossCounting,synth023,biasL,0.4230193745634764,0.2908475966965306
LossCounting,synth023,loss_count_threshold_mean,1.1777050364955268,2.077763491531179
LossCounting,synth023,loss_count_threshold_std,1.3311026940072097,2.0384475606815284
LossCounting,synth026,biasL,-0.4602378503788351,-0.2038361750359938
LossCounting,synth026,loss_count_threshold_mean,3.58429893720491,4.158098377538415
LossCounting,synth026,loss_count_threshold_std,0.2441861759328817,1.1053443914295071
LossCounting,synth029,biasL,-0.0215021383704389,0.0086217776202276
LossCounting,synth029,loss_count_threshold_mean,3.9732127688427306,4.719580633106227
LossCounting,synth029,loss_count_threshold_std,1.7829126439226757,2.242266442291153
LossCounting,synth032,biasL,-0.0596053893538498,-0.0337053861714059
LossCounting,synth032,loss_count_threshold_mean,3.255373549011789,5.130637852297814
LossCounting,synth032,loss_count_threshold_std,1.2538528980056522,2.8300962219613925
LossCounting,synth035,biasL,0.3756180912755178,0.1900794903483771
LossCounting,synth035,loss_count_threshold_mean,5.6298400441576355,6.812448106743437
LossCounting,synth035,loss_count_threshold_std,0.8700803591511272,1.4102445645195514
LossCounting,synth038,biasL,-0.3587680887846142,-0.2768664233110899
LossCounting,synth038,loss_count_threshold_mean,2.0094306556953003,3.0234030925241857
LossCounting,synth038,loss_count_threshold_std,0.6992867136208704,1.8273065183593629
LossCounting,synth041,biasL,0.3831584186770441,0.1863829865701894
LossCounting,synth041,loss_count_threshold_mean,5.046885334501744,6.22990410615945
LossCounting,synth041,loss_count_threshold_std,1.3632771131740236,2.031083619692004
LossCounting,synth044,biasL,-0.3327922060515195,-0.1768700668672271
LossCounting,synth044,loss_count_threshold_mean,3.368242087461076,4.03765592737471
LossCounting,synth044,loss_count_threshold_std,0.2877640189271471,1.0644273019810095
LossCounting,synth047,biasL,0.5169234958841411,0.2736047622850914
LossCounting,synth047,loss_count_threshold_mean,2.0586089124251443,2.9915231062533274
LossCounting,synth047,loss_count_threshold_std,1.9883884301409036,3.34731475556096
LossCounting,synth050,biasL,-0.1329404550789179,0.0215124366882266
LossCounting,synth050,loss_count_threshold_mean,1.32744287041928,2.2994450716532637
LossCounting,synth050,loss_count_threshold_std,1.6363084191545612,1.8476926580652209
LossCounting,synth053,biasL,-0.34446193977297,-0.1357196486646108
LossCounting,synth053,loss_count_threshold_mean,4.262944467166662,4.7269728163728395
LossCounting,synth053,loss_count_threshold_std,1.0883405548617615,1.6177737279023952
LossCounting,synth056,biasL,0.5001048011253052,0.2618382270430294
LossCounting,synth056,loss_count_threshold_mean,1.898562267770458,2.8202048916757376
LossCounting,synth056,loss_count_threshold_std,1.9599009708282191,2.9400056261105356
LossCounting,synth059,biasL,-0.3376125750228045,-0.2295175968259342
LossCounting,synth059,loss_count_threshold_mean,2.7762314947795037,3.475427902329135
LossCounting,synth059,loss_count_threshold_std,0.5708807659745654,0.9972920260411794
LossCounting,synth062,biasL,0.4779958285582779,0.2702000601252932
LossCounting,synth062,loss_count_threshold_mean,4.979115031437291,5.985469540927745
LossCounting,synth062,loss_count_threshold_std,1.870851617310965,3.336121548603072
LossCounting,synth065,biasL,0.3600002615285319,0.1890219834431818
LossCounting,synth065,loss_count_threshold_mean,4.546431039155294,5.293943035237287
LossCounting,synth065,loss_count_threshold_std,1.1952110911976752,1.670164035542714
LossCounting,synth068,biasL,0.1436772483418411,0.0112713484703117
LossCounting,synth068,loss_count_threshold_mean,4.6331429156745845,6.304116339087623
LossCounting,synth068,loss_count_threshold_std,1.9585115531965047,2.915090699305524
LossCounting,synth071,biasL,-0.5312695026348774,-0.269180741402199
LossCounting,synth071,loss_count_threshold_mean,2.377860922889811,3.0670962060675557
LossCounting,synth071,loss_count_threshold_std,1.9618057901271229,3.4388742815457394
LossCounting,synth074,biasL,-0.4029939270579076,-0.1778846203326334
LossCounting,synth074,loss_count_threshold_mean,2.717390296740578,4.0783665179393775
LossCounting,synth074,loss_count_threshold_std,1.6620682886641585,2.4005936138004422
LossCounting,synth077,biasL,0.0784859625341318,-0.007935198463648
LossCounting,synth077,loss_count_threshold_mean,4.93949223794145,6.692219182045388
LossCounting,synth077,loss_count_threshold_std,1.2765640068517177,2.9131457815118633
LossCounting,synth080,biasL,-0.2819544748081162,-0.2285079978745194
LossCounting,synth080,loss_count_threshold_mean,2.317545892664401,3.3212731833727647
LossCounting,synth080,loss_count_threshold_std,0.3990429407297948,1.019453681343563
LossCounting,synth083,biasL,-0.2735496749524305,-0.0824779998289317
LossCounting,synth083,loss_count_threshold_mean,2.0900473746476864,4.090812549146383
LossCounting,synth083,loss_count_threshold_std,1.512383173411575,2.965511695045636
LossCounting,synth086,biasL,0.0926185208354364,0.0028792303744414
LossCounting,synth086,loss_count_threshold_mean,4.757894510174017,7.124016729135277
LossCounting,synth086,loss_count_threshold_std,1.3551220462686109,2.8697134668248117
LossCounting,synth089,biasL,-0.3220842930670137,-0.1888786246453203
LossCounting,synth089,loss_count_threshold_mean,6.618945802330714,6.986621375950917
LossCounting,synth089,loss_count_threshold_std,1.5336128825439317,2.2932932005240643
LossCounting,synth092,biasL,-0.361447983178529,-0.0965426578937283
LossCounting,synth092,loss_count_threshold_mean,3.450602732446015,3.8520471166129826
LossCounting,synth092,loss_count_threshold_std,0.2257486073289389,0.8897772193867421
LossCounting,synth095,biasL,0.2750933831971711,0.0414907865860631
LossCounting,synth095,loss_count_threshold_mean,2.9541290356586387,4.2336718144712
LossCounting,synth095,loss_count_threshold_std,1.6812173025460315,2.476700813058933
LossCounting,synth098,biasL,0.585419648749953,0.2351052164088281
LossCounting,synth098,loss_count_threshold_mean,2.143186578133249,3.441325631186173
LossCounting,synth098,loss_count_threshold_std,1.826639696418665,3.4073510850699167
LossCounting,synth101,biasL,-0.3978084249473593,-0.213281112146724
LossCounting,synth101,loss_count_threshold_mean,5.7440949153505585,6.3863825272154155
LossCounting,synth101,loss_count_threshold_std,0.393275236301183,0.8490004737786341
LossCounting,synth104,biasL,0.420546885585225,0.1765776006639168
LossCounting,synth104,loss_count_threshold_mean,4.647760807331073,5.4998802734634555
LossCounting,synth104,loss_count_threshold_std,0.4107495031859942,0.8438402343153789
LossCounting,synth107,biasL,0.4354517171873583,0.147933913249473
LossCounting,synth107,loss_count_threshold_mean,1.361617620725193,2.2586856748347666
LossCounting,synth107,loss_count_threshold_std,0.3193097132901472,1.24502074889743
LossCounting,synth110,biasL,-0.0129304924146689,5.043224218677883e-05
LossCounting,synth110,loss_count_threshold_mean,5.932885333271252,7.953341235980449
LossCounting,synth110,loss_count_threshold_std,0.9401609213892927,3.1195442014653754
LossCounting,synth113,biasL,-0.4003319449324516,-0.3182869808859024
LossCounting,synth113,loss_count_threshold_mean,6.245381273233267,6.470762056506295
LossCounting,synth113,loss_count_threshold_std,0.7751310418453818,1.4233595414508664
LossCounting,synth116,biasL,0.4635632373443219,0.2256148276094491
LossCounting,synth116,loss_count_threshold_mean,2.2173598469105205,3.013290047610683
LossCounting,synth116,loss_count_threshold_std,1.101987402540778,1.636722887843931
LossCounting,synth119,biasL,0.3744468714864913,0.1861827854033378
LossCounting,synth119,loss_count_threshold_mean,1.7012434603291344,2.774006936328957
LossCounting,synth119,loss_count_threshold_std,1.2290986831301052,2.0432037686255975
LossCounting,synth122,biasL,-0.2108897559842901,-0.1882950474503979
LossCounting,synth122,loss_count_threshold_mean,3.0954066715608057,3.81528049549243
LossCounting,synth122,loss_count_threshold_std,1.4980593295883295,2.148818057214695
LossCounting,synth125,biasL,0.1040896896758553,0.092362843882588
LossCounting,synth125,loss_count_threshold_mean,4.633679579280292,5.840119790934016
LossCounting,synth125,loss_count_threshold_std,1.9758687931222303,2.2899977998578045
LossCounting,synth128,biasL,-0.1146883465157115,-0.0491439118403105
LossCounting,synth128,loss_count_threshold_mean,1.8187781804801888,2.8506274744855182
LossCounting,synth128,loss_count_threshold_std,0.8222677097303097,1.7342920880539
LossCounting,synth131,biasL,-0.183903322410828,-0.06066762849253
LossCounting,synth131,loss_count_threshold_mean,2.5065866112160187,3.4109000009599497
LossCounting,synth131,loss_count_threshold_std,1.8424523163421829,2.2550803893441698
LossCounting,synth134,biasL,-0.267374959138683,-0.097990922529848
LossCounting,synth134,loss_count_threshold_mean,5.191505714491952,6.043626180535766
LossCounting,synth134,loss_count_threshold_std,1.3465911915659927,1.6636763766601392
LossCounting,synth137,biasL,0.5767500576994219,0.3082222052937155
LossCounting,synth137,loss_count_threshold_mean,3.4480184156939258,3.8111649901512674
LossCounting,synth137,loss_count_threshold_std,0.6918458915294932,1.031934981521714
LossCounting,synth140,biasL,-0.1065737969876712,-0.001697972944691
LossCounting,synth140,loss_count_threshold_mean,1.468206438248868,2.1885599496569124
LossCounting,synth140,loss_count_threshold_std,0.7270785603944194,1.0553829385295597
LossCounting,synth143,biasL,-0.4481562727229272,-0.1571563566722675
LossCounting,synth143,loss_count_threshold_mean,3.2313682112423403,4.737400589506417
LossCounting,synth143,loss_count_threshold_std,1.3700087574485489,1.765728133675317
LossCounting,synth146,biasL,0.4920030663152201,0.2554881480346817
LossCounting,synth146,loss_count_threshold_mean,3.078393525195631,3.320465927703734
LossCounting,synth146,loss_count_threshold_std,1.3473671159536602,2.0602480199069766
LossCounting,synth149,biasL,0.4127460428502333,0.1588594352287997
LossCounting,synth149,loss_count_threshold_mean,1.4684532852708592,2.2586442954228563
LossCounting,synth149,loss_count_threshold_std,1.46746268069259,2.349662460478186
LossCounting,synth152,biasL,-0.005654030963342,0.0084903276608704
LossCounting,synth152,loss_count_threshold_mean,2.1950640810288986,3.130701164248026
LossCounting,synth152,loss_count_threshold_std,1.8874778672922048,1.9576115689853824
LossCounting,synth155,biasL,-0.0541755168079433,-0.1188528771922562
LossCounting,synth155,loss_count_threshold_mean,2.0547641349719132,2.918828242779938
LossCounting,synth155,loss_count_threshold_std,0.5653382628482265,1.017415355660255
LossCounting,synth158,biasL,0.4915829621950675,0.2399059305582215
LossCounting,synth158,loss_count_threshold_mean,1.330061557374735,2.4636011831789486
LossCounting,synth158,loss_count_threshold_std,1.4041704544102185,2.192918988866073
LossCounting,synth161,biasL,-0.5341802790468225,-0.3022567273792437
LossCounting,synth161,loss_count_threshold_mean,1.442705954287949,2.437807631874443
LossCounting,synth161,loss_count_threshold_std,1.059553294835777,1.504266576774706
LossCounting,synth164,biasL,-0.4275954270046996,-0.3202929214890861
LossCounting,synth164,loss_count_threshold_mean,5.442859175486577,6.159946884141437
LossCounting,synth164,loss_count_threshold_std,1.9600481431749204,2.810917250637659
LossCounting,synth167,biasL,0.53783411651925,0.2417185218421074
LossCounting,synth167,loss_count_threshold_mean,4.024436150144962,4.313532787331838
LossCounting,synth167,loss_count_threshold_std,1.3084753969770309,2.0183315311694097
LossCounting,synth170,biasL,-0.1027621681689779,0.0014136774984075
LossCounting,synth170,loss_count_threshold_mean,4.245516459466202,5.733979445384831
LossCounting,synth170,loss_count_threshold_std,1.0408665329358768,2.3521534270853715
LossCounting,synth173,biasL,0.2061865104386585,0.0227668342658462
LossCounting,synth173,loss_count_threshold_mean,2.5327940760898793,4.260161540728239
LossCounting,synth173,loss_count_threshold_std,0.8022712173075079,2.160154168589853
LossCounting,synth176,biasL,-0.0632158017928979,-0.023192625528252
LossCounting,synth176,loss_count_threshold_mean,1.7200783931854748,2.0449703531894436
LossCounting,synth176,loss_count_threshold_std,1.628868531280344,1.783860561435361
LossCounting,synth179,biasL,-0.3167708030771633,-0.1511653536397588
LossCounting,synth179,loss_count_threshold_mean,4.067223980153488,4.53500387184412
LossCounting,synth179,loss_count_threshold_std,0.4271149618731635,0.8741333637178237
LossCounting,synth182,biasL,0.0246237503835441,-0.0019789864180048
LossCounting,synth182,loss_count_threshold_mean,2.474960018044718,2.7515126945551844
LossCounting,synth182,loss_count_threshold_std,0.3237959014071944,1.1882726283014755
LossCounting,synth185,biasL,-0.1631060459605685,0.016079225549467
LossCounting,synth185,loss_count_threshold_mean,1.949216453228768,2.645922045329269
LossCounting,synth185,loss_count_threshold_std,1.4023217046217475,1.5871739880827465
LossCounting,synth188,biasL,-0.3693470681056819,-0.1844014081062742
LossCounting,synth188,loss_count_threshold_mean,4.038627668826698,5.225544306960264
LossCounting,synth188,loss_count_threshold_std,1.7893238850091018,3.6176257427947456
LossCounting,synth191,biasL,0.1320120663218668,0.0121880642045836
LossCounting,synth191,loss_count_threshold_mean,3.317253588431104,3.854648916467024
LossCounting,synth191,loss_count_threshold_std,0.4317761450724731,1.7637900276790806
LossCounting,synth194,biasL,-0.0563498682817277,-0.0162752276067235
LossCounting,synth194,loss_count_threshold_mean,5.0222828513375415,7.7614798947024495
LossCounting,synth194,loss_count_threshold_std,0.940936509717252,3.6562845032483295
LossCounting,synth197,biasL,-0.1464335487019019,-0.1027561911359516
LossCounting,synth197,loss_count_threshold_mean,5.764864515930821,6.833948212423182
LossCounting,synth197,loss_count_threshold_std,1.3585393554576697,2.2464166554132396
