embedding_1,embedding_2,embedding_3,embedding_4,embedding_5,embedding_6,embedding_7,embedding_8,subject_id,fam,param_biasL,param_choice_kernel_relative_weight,param_forget_rate_unchosen,param_learn_rate,param_softmax_inverse_temperature,param_threshold,param_loss_count_threshold_mean,param_loss_count_threshold_std
-0.20803433656692505,-0.2170465886592865,-0.17285358905792236,-0.04090869426727295,-0.4816203713417053,0.3568372130393982,0.18979328870773315,0.0737375020980835,synth000,QLearning,0.4793933849952531,0.21943921987602616,0.343439167964553,0.8996321072343031,3.719154577940249,,,
0.33725157380104065,0.12001435458660126,-0.24872848391532898,0.2537814974784851,-0.060017772018909454,-0.13603749871253967,0.21594300866127014,-0.16140928864479065,synth001,CompareToThreshold,-0.20806599094383094,,,0.698353567357494,14.005505248974902,0.3259548872804461,,
0.181996688246727,-0.1256854385137558,0.10661248117685318,0.12094342708587646,0.7798530459403992,-0.13623648881912231,-0.2538577914237976,0.1419287919998169,synth002,LossCounting,-0.2576445956392742,,,,,,5.720496497984711,0.7950293042993264
-0.27673086524009705,-0.33256518840789795,-0.34401237964630127,-0.018108103424310684,-0.10750588774681091,0.1301697939634323,-0.4813780188560486,-0.7996771931648254,synth003,QLearning,0.6368439792222058,0.331258808530291,0.24501174601812084,0.9509077631644203,10.353631505862593,,,
0.057980846613645554,-0.07668148726224899,-0.8344456553459167,0.005695093888789415,-0.29215744137763977,-0.6574656367301941,0.27083492279052734,0.008313562721014023,synth004,CompareToThreshold,0.256478394447011,,,0.9878811758191978,13.282927154674827,0.5693882602142564,,
0.023512614890933037,0.07546143978834152,0.28598323464393616,-0.49320486187934875,0.6345250606536865,-0.24941635131835938,0.24131861329078674,-0.32579153776168823,synth005,LossCounting,0.20690761742430247,,,,,,6.388384134327451,1.09083497107718
-0.2648616433143616,-0.06362602859735489,-0.27936843037605286,-0.014064191840589046,-0.6043868660926819,0.37921321392059326,0.21313050389289856,0.09489867836236954,synth006,QLearning,0.19260852551948365,0.1397001150140358,0.01328409864847684,0.9509584048714812,3.4001323308789475,,,
0.023957887664437294,0.09947992116212845,-0.5053255558013916,0.29524198174476624,-0.002823285525664687,0.13648177683353424,0.4328252375125885,-0.08076867461204529,synth007,CompareToThreshold,-0.06619343227729634,,,0.8526201725737215,3.884703521547805,0.559633379733425,,
0.19228346645832062,-0.2615731656551361,0.13368141651153564,-0.10195337235927582,0.6340654492378235,-0.19097600877285004,-0.0765112116932869,0.2726166546344757,synth008,LossCounting,-0.1193300232635083,,,,,,4.739541804067502,0.28650835177302314
0.14522241055965424,0.05410637706518173,-0.06498340517282486,0.02015858143568039,0.07371040433645248,-0.3306710124015808,-0.7724884748458862,-0.5770921111106873,synth009,QLearning,-0.7391474147803084,0.48021472552482536,0.37334935587915713,0.7001660229835183,14.543053660718996,,,
0.24389900267124176,0.16679662466049194,-0.2270943820476532,0.2087940126657486,-0.07895532250404358,-0.030452212318778038,0.22041454911231995,-0.12803488969802856,synth010,CompareToThreshold,-0.10781304563071356,,,0.6364520735279254,10.151410842969781,0.3009053743864761,,
-0.5735836625099182,-0.23242810368537903,-0.014973338693380356,-0.13221673667430878,0.3350726068019867,-0.2708204686641693,0.29754123091697693,0.02569633722305298,synth011,LossCounting,0.13263883314748326,,,,,,1.9631821540195837,1.1825050428484152
0.044448528438806534,0.4177887737751007,-0.2813873291015625,-0.3766675293445587,-0.22173461318016052,0.40828773379325867,0.030592218041419983,0.09566031396389008,synth012,QLearning,0.6077777477747687,0.0465455241553317,0.001179273878016085,0.5598144707531187,5.8160787099587345,,,
0.0001576013892190531,0.4887978732585907,-0.37771740555763245,0.17155933380126953,-0.13907784223556519,-0.010516582988202572,0.31031090021133423,0.20081834495067596,synth013,CompareToThreshold,-0.8560023311351792,,,0.46654746143674936,2.3918156600406046,0.4150989484475696,,
-0.1214965283870697,-0.07964570075273514,0.1083284541964531,-0.6438220143318176,0.530741810798645,-0.2421528548002243,0.29126644134521484,-0.17068320512771606,synth014,LossCounting,0.303147212859498,,,,,,4.053202193836442,0.6960675384967426
0.1133720725774765,0.11804056912660599,-0.08941425383090973,-0.08216223120689392,-0.12371277064085007,0.33520084619522095,-0.08084501326084137,-0.04822468385100365,synth015,QLearning,0.2894037229971919,0.16701151444432089,0.27419363187979495,0.567863263115097,9.265313117926869,,,
0.21381248533725739,0.223515123128891,-0.3835342526435852,0.1805431991815567,0.06586069613695145,0.1314764767885208,0.4004644453525543,-0.03803294897079468,synth016,CompareToThreshold,0.2840120246663152,,,0.6429258929421107,6.0295143861414635,0.534392217769289,,
-0.1578490287065506,-0.07551632076501846,0.1161506399512291,-0.3766108453273773,0.5614787340164185,-0.17474128305912018,0.19396141171455383,-0.1836726814508438,synth017,LossCounting,0.17076382507051127,,,,,,4.362148152297974,1.1290147113536924
-0.20607653260231018,0.213760107755661,0.04166121035814285,0.011373714543879032,-0.2831319570541382,0.19800853729248047,-0.008376982994377613,0.1906820386648178,synth018,QLearning,-0.37190391608259515,0.4516025443109911,0.07358184371731698,0.5917536469512961,3.0335308705277204,,,
0.3130393326282501,0.09633278101682663,-0.18687878549098969,0.2462155818939209,-0.18242700397968292,-0.09661195427179337,0.13391540944576263,-0.17288808524608612,synth019,CompareToThreshold,-0.43967339187234733,,,0.6974866538748455,13.13957575549093,0.20595522143668257,,
-0.16985659301280975,-0.3031739592552185,0.005688612349331379,-0.3756248652935028,0.45054587721824646,-0.12389859557151794,0.2613290846347809,0.019215064123272896,synth020,LossCounting,0.1997171134960129,,,,,,2.645148481708533,0.7744869881941681
-0.21166469156742096,-0.11253416538238525,-0.11990649253129959,-0.04913207143545151,-0.2631186842918396,0.23666702210903168,-0.2714611291885376,-0.18401163816452026,synth021,QLearning,-0.07935793351001154,0.43824790147093823,0.1435838705082373,0.926729955069065,8.802627785275309,,,
0.05137614533305168,0.12174294143915176,-0.29786601662635803,0.2952479124069214,-0.20798061788082123,0.0053338343277573586,0.333339124917984,0.040874626487493515,synth022,CompareToThreshold,-0.48518292001114316,,,0.796803166941075,3.9012957980086362,0.29740554763158356,,
-0.6310198903083801,-0.14480724930763245,0.03643392026424408,-0.4391708970069885,0.2818857729434967,-0.27470141649246216,0.40151646733283997,0.006096777971833944,synth023,LossCounting,0.3217287869558101,,,,,,2.0500841714689053,1.3311026940072095
0.03352271392941475,-0.006735833827406168,0.11404093354940414,-0.024255888536572456,-0.16332092881202698,-0.029446279630064964,-0.32943564653396606,-0.057426370680332184,synth024,QLearning,-0.6449330815575577,0.444871381362047,0.31679638093596085,0.4394726885637814,10.75517729891823,,,
0.4163496494293213,-0.28549325466156006,-0.20170070230960846,0.3190711736679077,-0.19297826290130615,-0.08348928391933441,0.22203658521175385,-0.3060477375984192,synth025,CompareToThreshold,0.8409170594132984,,,0.9010023475664564,12.446095106071589,0.2591622049258787,,
0.10913452506065369,-0.2572873830795288,0.08542277663946152,0.04534680396318436,0.6705335378646851,-0.17511498928070068,-0.1342373937368393,0.39679622650146484,synth026,LossCounting,-0.24560430698190333,,,,,,4.222847280895002,0.24418617593288178
-0.13480915129184723,-0.08675451576709747,-0.1195594072341919,-0.10333793610334396,-0.36489230394363403,0.3613262474536896,0.2004813402891159,-0.059615734964609146,synth027,QLearning,0.8073714000499981,0.2164348911436341,0.24948433014330723,0.7558886521778361,4.962412348153965,,,
0.33699631690979004,0.008111046627163887,-0.22231607139110565,0.1441444605588913,-0.11157016456127167,-0.03078611195087433,0.20626993477344513,-0.15985837578773499,synth028,CompareToThreshold,0.45529919168762917,,,0.7340431465366661,12.575468058580736,0.2826594432404758,,
-0.2940528094768524,-0.10602802783250809,0.0755133330821991,-0.013288911432027817,0.5500265955924988,-0.1220962181687355,0.08626919239759445,-0.12207762897014618,synth029,LossCounting,0.033744510139201336,,,,,,4.40977316011206,1.7829126439226755
-0.16221073269844055,-0.11275148391723633,0.10150729864835739,0.14513635635375977,-0.14310112595558167,0.09315292537212372,-0.4076772630214691,-0.1451285183429718,synth030,QLearning,-0.45596543157142866,0.47825025337971755,0.28163607688824316,0.8641998777370293,9.086498795990844,,,
0.06710941344499588,0.3233756422996521,-0.2615654468536377,0.15955893695354462,-0.03634798899292946,0.21676717698574066,0.31770241260528564,0.009481096640229225,synth031,CompareToThreshold,0.1971638237397296,,,0.46918557609435646,3.291861745936359,0.3389777343165213,,
-0.10060906410217285,-0.21499954164028168,0.005269868765026331,0.12181157618761063,0.693592369556427,-0.03151611238718033,-0.1152813509106636,-0.016370076686143875,synth032,LossCounting,-0.11080144252940483,,,,,,4.090083914963867,1.2538528980056522
0.0307749155908823,-0.033807553350925446,-0.11704300343990326,0.057008955627679825,-0.13382063806056976,0.11134685575962067,-0.3396265506744385,-0.4084013104438782,synth033,QLearning,0.044007812483775485,0.24862428185885638,0.010335091090440285,0.7686708115007407,10.74564048636071,,,
0.2579912841320038,-0.05725496634840965,-0.4850248694419861,0.15307709574699402,0.004744290374219418,-0.10792281478643417,0.37553203105926514,-0.043857987970113754,synth034,CompareToThreshold,0.23543555740025787,,,0.888801374151688,10.862009499389817,0.5247020911730337,,
-0.01909690722823143,0.07923023402690887,0.32618609070777893,-0.5554138422012329,0.6137732863426208,-0.32258355617523193,0.28069984912872314,-0.2463526427745819,synth035,LossCounting,0.2505308580266943,,,,,,6.5988663088687876,0.8700803591511272
-0.36911168694496155,-0.06432835012674332,-0.23631225526332855,0.19840621948242188,-0.5288776755332947,0.09539787471294403,0.04579081013798714,-0.03186474367976189,synth036,QLearning,-0.4458463474955271,0.11087627195386367,0.3815359494256194,0.9738478527657952,6.269978632371627,,,
0.3586491644382477,-0.2304779440164566,-0.27873116731643677,0.2210494726896286,-0.17387789487838745,-0.15725824236869812,0.3130244314670563,-0.12079203873872757,synth037,CompareToThreshold,0.6324911943850433,,,0.919790980072951,11.679241317895341,0.3343929524835333,,
-0.03256625309586525,-0.25452205538749695,-0.03991946950554848,0.22584162652492523,0.5912524461746216,-0.07499136030673981,-0.2021797001361847,0.40503326058387756,synth038,LossCounting,-0.35005238172572617,,,,,,2.9991040953209622,0.6992867136208704
-0.1249469742178917,0.4970262348651886,-0.2744330167770386,-0.15093271434307098,-0.30573350191116333,0.32556742429733276,0.03872310742735863,0.2593440115451813,synth039,QLearning,-0.2638994233557531,0.01946766579053638,0.01936730178714159,0.5769683583897068,3.732728313745214,,,
0.29968735575675964,-0.04185976833105087,-0.37313759326934814,0.1764499545097351,0.005259960424154997,0.11554048955440521,0.3828379809856415,-0.024312583729624748,synth040,CompareToThreshold,0.6512136252030574,,,0.7405954675374203,8.602181434712115,0.5107523488394171,,
-0.12234532833099365,0.03209267184138298,0.29670584201812744,-0.3815975785255432,0.6115108132362366,-0.22087803483009338,0.2643669545650482,-0.28740066289901733,synth041,LossCounting,0.22304277842063,,,,,,5.877140715220812,1.3632771131740236
-0.25768813490867615,-0.10383021831512451,-0.284015417098999,-0.08931203186511993,-0.5123406648635864,0.46919912099838257,0.24043378233909607,-0.010058818385004997,synth042,QLearning,0.6506499811003109,0.20046926070379528,0.07591465999778464,0.9513151185519366,2.555789920060168,,,
0.1338951140642166,0.3956877887248993,-0.4117784798145294,0.19906124472618103,0.06041243299841881,0.19823363423347473,0.3733568787574768,-0.0061134351417422295,synth043,CompareToThreshold,-0.09795210033843502,,,0.5410732290843417,4.01232594697039,0.5139593225855015,,
0.14388173818588257,-0.30142828822135925,0.03458157554268837,0.06994801014661789,0.7249857783317566,-0.06681283563375473,-0.16153258085250854,0.28280261158943176,synth044,LossCounting,-0.22400458674193646,,,,,,4.168932642364996,0.2877640189271471
-0.27507469058036804,-0.008091728202998638,-0.2231540083885193,0.04435362666845322,-0.5069129467010498,0.2976037859916687,0.15961718559265137,0.04146058112382889,synth045,QLearning,0.06133427020309963,0.13919856645779904,0.20841074908070917,0.9239280665164538,3.8256617530124837,,,
0.2101624459028244,-0.06545287370681763,-0.3073725700378418,0.18832240998744965,-0.09398192167282104,0.15989457070827484,0.3839815557003021,-0.08677937835454941,synth046,CompareToThreshold,0.70720150930211,,,0.8193072157404903,5.722759750390613,0.3991045511868825,,
-0.6483480930328369,-0.05696985870599747,0.19096659123897552,-0.3357499837875366,0.3234390914440155,-0.2974056601524353,0.4038025140762329,-0.10755223780870438,synth047,LossCounting,0.3422538775921745,,,,,,2.516973078173606,1.9883884301409036
-0.10208006203174591,-0.17303404211997986,-0.008896071463823318,-0.007088684476912022,-0.03750348836183548,0.3194604218006134,-0.25608694553375244,-0.48825323581695557,synth048,QLearning,0.7668722846877192,0.4229355616463854,0.25572202231018254,0.9627818993330136,10.085227017775194,,,
0.606610119342804,-0.2712263762950897,-0.49667027592658997,0.23958487808704376,-0.04578959196805954,-0.4872545599937439,0.4768489599227905,0.01359411608427763,synth049,CompareToThreshold,0.5645058719006064,,,0.9295547455189126,14.265114824585131,0.525716105430405,,
-0.7080978751182556,-0.068388931453228,-0.043506473302841187,0.046346794813871384,0.35851818323135376,-0.28001171350479126,0.2235647290945053,0.012565556913614273,synth050,LossCounting,0.03145532751025528,,,,,,2.2448604550885447,1.636308419154561
0.033912040293216705,-0.028915870934724808,-0.17737814784049988,-0.01236655842512846,-0.22844935953617096,0.19027157127857208,-0.13257743418216705,-0.390412300825119,synth051,QLearning,0.34693778657746843,0.11396536222753595,0.3048462948137536,0.8023750673683077,11.800700128359058,,,
0.16557791829109192,0.24009649455547333,-0.30179762840270996,0.1271258145570755,0.05549662932753563,0.24904142320156097,0.3485715687274933,-0.026796042919158936,synth052,CompareToThreshold,0.6897951718682054,,,0.4460963578689235,5.0410456291855965,0.43844493380096267,,
0.10622790455818176,-0.11402967572212219,0.007360191084444523,0.13033142685890198,0.7082685232162476,0.027826368808746338,-0.24923813343048096,0.055820126086473465,synth053,LossCounting,-0.14759150351564046,,,,,,4.621959875878714,1.0883405548617615
-0.43327078223228455,0.013598380610346794,-0.17846570909023285,0.20164857804775238,-0.522291362285614,0.08922938257455826,0.057778991758823395,0.15599244832992554,synth054,QLearning,-0.7241356861429145,0.17032418066957722,0.2762818193117088,0.9221655761496343,3.325557307800531,,,
0.18701261281967163,0.06801001727581024,-0.5823612213134766,0.16177000105381012,-0.044976647943258286,-0.1412702053785324,0.387118935585022,0.07013659179210663,synth055,CompareToThreshold,-0.16858219146666617,,,0.9115183358435862,9.358001633432654,0.5960025290766932,,
-0.6118929386138916,-0.12008082866668701,0.18819789588451385,-0.25850874185562134,0.3253931999206543,-0.22929930686950684,0.4158630073070526,-0.16816990077495575,synth056,LossCounting,0.2871444260635817,,,,,,2.5427306355378962,1.9599009708282193
0.04130978882312775,0.1281598061323166,-0.058208659291267395,0.0845022201538086,-0.15595743060112,0.19857865571975708,-0.30394911766052246,-0.23023897409439087,synth057,QLearning,-0.5404724447721427,0.33615431766907117,0.04949475712174261,0.6995423844512868,9.010980628721104,,,
0.21241149306297302,0.32214099168777466,-0.3706130385398865,0.16521961987018585,0.09191762655973434,0.2175949513912201,0.3773306906223297,-0.06917736679315567,synth058,CompareToThreshold,0.4026214485288094,,,0.5118911078641759,5.829723667629495,0.5425810684122838,,
-0.04510512202978134,-0.2760482132434845,0.005962646100670099,0.13400644063949585,0.6566846370697021,-0.12018690258264542,-0.14005476236343384,0.2754374146461487,synth059,LossCounting,-0.24449508623061914,,,,,,3.5498369672697443,0.5708807659745654
-0.16973939538002014,-0.046722475439310074,0.13388775289058685,0.033123623579740524,-0.058887314051389694,-0.10552390664815903,-0.4274289309978485,-0.328450471162796,synth060,QLearning,-0.519550585064868,0.4635424723788065,0.08574034847070516,0.9656660518556578,11.571546154036255,,,
0.16372963786125183,-0.009709899313747883,-0.3217971920967102,0.2693268954753876,-0.09789733588695526,0.11976929754018784,0.34635764360427856,-0.05050879716873169,synth061,CompareToThreshold,0.10361112563956246,,,0.7847314002405005,5.515763323044736,0.36530817527231696,,
-0.20476825535297394,0.04978484287858009,0.27969977259635925,-0.4111153185367584,0.4996843636035919,-0.2758408784866333,0.3170452415943146,-0.38407424092292786,synth062,LossCounting,0.32593451515633565,,,,,,5.520826188996992,1.870851617310965
0.15826109051704407,0.1662638783454895,0.01809610240161419,-0.04495106637477875,-0.09399942308664322,0.24115973711013794,-0.2854940891265869,-0.004279722459614277,synth063,QLearning,-0.823476063615107,0.36805488725721597,0.01973805701686744,0.3870009483701704,8.839544177329312,,,
0.24648608267307281,0.28238096833229065,-0.3216937482357025,0.09663048386573792,0.11607195436954498,0.2746813893318176,0.3579793870449066,-0.10539150983095169,synth064,CompareToThreshold,0.8311734368264896,,,0.39871722013756933,7.232176784857275,0.4805129716039084,,
-0.13553951680660248,0.022504489868879318,0.21598301827907562,-0.43408724665641785,0.5264849662780762,-0.2716197073459625,0.22591939568519592,-0.22223025560379028,synth065,LossCounting,0.2347487364244587,,,,,,5.212686285384752,1.1952110911976752
-0.3558771312236786,-0.10630138963460922,-0.0984833762049675,-0.06416207551956177,-0.30555862188339233,0.45958396792411804,0.04537249356508255,-0.12109385430812836,synth066,QLearning,0.506857517261674,0.4557202209081316,0.054387069951031375,0.9655630518431864,4.585034866153066,,,
0.3515307605266571,-0.43101224303245544,-0.41331860423088074,0.30871811509132385,-0.3611154854297638,-0.2861555516719818,0.5135567784309387,0.10273412615060806,synth067,CompareToThreshold,0.12818905735431757,,,0.9861124177557663,12.601579603831416,0.4323303164333915,,
-0.2833271324634552,-0.054733335971832275,0.050508175045251846,-0.11446308344602585,0.7040047645568848,-0.13048577308654785,0.0499454028904438,-0.23991775512695312,synth068,LossCounting,0.061019074049066015,,,,,,5.377627943859783,1.9585115531965047
0.12630660831928253,-0.0913892537355423,-0.3108711242675781,0.01696718856692314,-0.35704171657562256,0.027024168521165848,-0.15686295926570892,-0.42551296949386597,synth069,QLearning,0.21852628511407812,0.0023402802538413092,0.1566988110876451,0.8681657731457803,13.640025532996228,,,
0.25910842418670654,0.15519914031028748,-0.3832900822162628,0.28985685110092163,0.0528997927904129,-0.17572329938411713,0.3472755551338196,-0.0931699275970459,synth070,CompareToThreshold,-0.35235767941969715,,,0.7798055537097321,9.742965603487843,0.5076085685230698,,
-0.39105263352394104,0.01234440691769123,-0.11777253448963165,0.3246796429157257,0.6252039670944214,-0.23226837813854218,-0.18789327144622803,0.1994927078485489,synth071,LossCounting,-0.3224216458578474,,,,,,2.637261643453637,1.9618057901271229
0.09545166045427322,0.13037730753421783,0.008498274721205235,0.03665780648589134,-0.14140692353248596,0.29347121715545654,-0.15908195078372955,-0.029922442510724068,synth072,QLearning,-0.5160085219097412,0.362076256686086,0.15442273061397938,0.5393912263434674,7.090495637365487,,,
0.34157758951187134,0.3661239445209503,-0.3056817650794983,0.18097037076950073,0.04946063458919525,-0.1835402548313141,0.21924161911010742,-0.11126544326543808,synth073,CompareToThreshold,-0.491722331864956,,,0.5352230729655933,14.616479672895554,0.41927773345995833,,
-0.12652510404586792,-0.07891171425580978,-0.05089918524026871,0.2426108568906784,0.6812871098518372,-0.045336876064538956,-0.22590547800064087,0.06748269498348236,synth074,LossCounting,-0.21586663481634427,,,,,,3.738918299475317,1.6620682886641585
0.022358952090144157,0.034017741680145264,-0.03533707559108734,-0.10500700026750565,-0.13287821412086487,0.3633946478366852,-0.06789197027683258,-0.057047273963689804,synth075,QLearning,0.39250338853953026,0.3622024242187185,0.24114503706434554,0.6856899836657098,6.2889825441461,,,
0.39605167508125305,0.04420314356684685,-0.2084675133228302,0.1570473462343216,-0.1345769166946411,-0.06006855517625809,0.164512038230896,-0.2024577558040619,synth076,CompareToThreshold,0.2265312299804528,,,0.681550757090223,14.819443169240234,0.25860926421620867,,
-0.05724211409687996,-0.07023711502552032,0.11281605064868927,-0.08012575656175613,0.7419112920761108,-0.078541100025177,-0.023136937990784645,-0.12400613725185394,synth077,LossCounting,-0.045238263183385974,,,,,,5.456368977388848,1.2765640068517177
-0.06550854444503784,-0.0013077035546302795,-0.0009606241364963353,-0.10630059242248535,-0.1088283583521843,0.1776096373796463,-0.27039679884910583,-0.13017135858535767,synth078,QLearning,-0.25033889181744656,0.43591039204638626,0.05544736396894319,0.7596350635634707,10.112469968941799,,,
0.09967603534460068,-0.07945302873849869,-0.4740201532840729,0.31513968110084534,-0.10412709414958954,-0.023276399821043015,0.3865358233451843,0.02015015110373497,synth079,CompareToThreshold,-0.4676860846389007,,,0.9297306228099084,6.6376235256761875,0.45990094033999185,,
0.0002081010607071221,-0.31106314063072205,-0.07022584229707718,0.1819428652524948,0.710253119468689,-0.03580600023269653,-0.2054201364517212,0.32718417048454285,synth080,LossCounting,-0.25062808480297327,,,,,,3.456038568407292,0.39904294072979485
-0.009022990241646767,0.3018542230129242,-0.20088668167591095,0.04893331229686737,-0.30339980125427246,0.1729591339826584,-0.0630977675318718,0.013948313891887665,synth081,QLearning,-0.5312920185825296,0.049868546398383784,0.054046558669851086,0.7495281101725482,8.302361085766623,,,
0.13134798407554626,-0.1518176943063736,-0.344576895236969,0.31663525104522705,-0.16128288209438324,0.09671562165021896,0.4385536313056946,-0.05857640877366066,synth082,CompareToThreshold,0.4229197451811107,,,0.8959473547837578,6.237655609062888,0.4100257484218637,,
-0.33233293890953064,-0.11126246303319931,-0.09592777490615845,0.2053409367799759,0.658267080783844,-0.1172776073217392,-0.12076804786920547,0.09743686020374298,synth083,LossCounting,-0.16844060820868384,,,,,,3.1198974627573763,1.512383173411575
-0.20469917356967926,0.026835087686777115,-0.16251404583454132,0.1264682114124298,-0.3039760887622833,0.182305708527565,-0.25527527928352356,-0.25581058859825134,synth084,QLearning,-0.45670714701563686,0.24253767282824162,0.04931844346005679,0.9283324022540425,10.514844918893104,,,
-0.06569226831197739,0.08896613121032715,-0.3350232243537903,0.3191193640232086,-0.34808945655822754,-0.10244934260845184,0.37165629863739014,0.08757276087999344,synth085,CompareToThreshold,-0.7567613925802783,,,0.8822161419725163,3.4286772944839283,0.29271101330434346,,
-0.10465855896472931,-0.06553097069263458,0.13240057229995728,-0.1649646908044815,0.7024692296981812,-0.13022877275943756,0.03474115952849388,-0.21745997667312622,synth086,LossCounting,0.03238725429406319,,,,,,5.957024732427571,1.3551220462686109
0.12225453555583954,-0.09237725287675858,-0.21111536026000977,-0.2274993360042572,-0.0854261964559555,0.5127091407775879,-0.32861530780792236,-0.5177282094955444,synth087,QLearning,0.8517214542994935,0.45103866386095526,0.012375123021486313,0.64893911400234,9.316270559038538,,,
-0.17730695009231567,0.04692624881863594,-0.6080113649368286,0.2919192612171173,-0.2059227079153061,0.06735063344240189,0.38067400455474854,0.061277881264686584,synth088,CompareToThreshold,-0.5811970440886587,,,0.9819761550301047,2.6583247211433627,0.452536212932989,,
0.07783437520265579,0.10042473673820496,0.049926698207855225,0.25248703360557556,0.9911580681800842,-0.06137227639555931,-0.2610574960708618,-0.14287343621253967,synth089,LossCounting,-0.2327045268315866,,,,,,6.688538828259906,1.5336128825439315
-0.36679404973983765,-0.2797873914241791,-0.33301976323127747,0.1309920847415924,-0.4028041958808899,0.051163528114557266,-0.3519011437892914,-0.48890337347984314,synth090,QLearning,-0.3475192974301934,0.22001655116445828,0.33055542627551754,0.9749884931308582,11.680427557705647,,,
0.12391909956932068,0.3616497218608856,-0.306430846452713,0.15622544288635254,-0.014383192174136639,0.1973389834165573,0.32525357604026794,0.03403332456946373,synth091,CompareToThreshold,-0.02133266210339587,,,0.443903624722067,3.917475328600024,0.36889040775145443,,
0.1830420196056366,-0.30844610929489136,0.07089848816394806,-0.07184314727783203,0.666167140007019,-0.07157616317272186,-0.05896556004881859,0.3564128279685974,synth092,LossCounting,-0.13784245240771187,,,,,,3.8915320473708404,0.22574860732893898
-0.24873697757720947,-0.0808553397655487,-0.06556970626115799,0.19648678600788116,-0.305058091878891,0.0063422610983252525,-0.29759544134140015,-0.2079184204339981,synth093,QLearning,-0.7292570765444266,0.30846521757643297,0.12066447480327831,0.9482187980957579,9.878372216312648,,,
0.11497779190540314,0.4353804886341095,-0.34113070368766785,0.13526664674282074,0.027186866849660873,0.23991842567920685,0.3156963586807251,0.026570595800876617,synth094,CompareToThreshold,0.0251453975450718,,,0.41785055117705516,3.8827172079898444,0.4194672039555569,,
-0.3915243446826935,-0.13149073719978333,0.06875885277986526,-0.08990614861249924,0.4775252640247345,-0.1614963263273239,0.1770990490913391,-0.12744945287704468,synth095,LossCounting,0.09211965436787525,,,,,,3.623178042015418,1.6812173025460317
-0.3745597004890442,-0.3270091116428375,-0.3183163106441498,0.2517879605293274,-0.34487855434417725,0.053631242364645004,-0.09102039784193039,-0.7057532668113708,synth096,QLearning,0.6028373023761958,0.08237415515883334,0.07594386290822563,0.9917321214922683,14.796487652224249,,,
0.17617449164390564,0.27735334634780884,-0.19051866233348846,0.17068679630756378,-0.09356574714183807,0.10311805456876755,0.18046633899211884,-0.05622712895274162,synth097,CompareToThreshold,-0.2190318961655786,,,0.4442387487182808,8.568499155227952,0.2133209012666582,,
-0.49935200810432434,-0.15642490983009338,0.21000005304813385,-0.2485765814781189,0.34406113624572754,-0.22190774977207184,0.4241597354412079,-0.20833241939544678,synth098,LossCounting,0.31977054720421755,,,,,,2.8337733966110172,1.826639696418665
-0.33921942114830017,-0.2754116654396057,-0.14403165876865387,-0.026023918762803078,-0.5178937911987305,0.3120337426662445,0.12462443113327026,-0.07639898359775543,synth099,QLearning,0.44922930341516504,0.2831612508917237,0.19136544080813694,0.9853556959882559,6.565095332051376,,,
-0.02828802540898323,0.14575928449630737,-0.4744870066642761,0.2589432895183563,-0.18375550210475922,-0.027965856716036797,0.36633017659187317,0.09153467416763306,synth100,CompareToThreshold,-0.6093923479599039,,,0.8990681886241954,3.104933393976476,0.46185234567363925,,
0.24656765162944794,-0.05730560049414635,0.3110187351703644,0.04004839062690735,0.7812930941581726,-0.2289145588874817,-0.05151943862438202,0.08804551512002945,synth101,LossCounting,-0.24243143965209146,,,,,,6.474137774297463,0.393275236301183
-0.3049025535583496,0.21189461648464203,0.10238222032785416,0.10622239857912064,-0.1708553284406662,0.09947244077920914,0.008124207146465778,0.13714858889579773,synth102,QLearning,-0.6748347381039276,0.41402519298682494,0.3231179150842937,0.6139912023641806,2.635170791366971,,,
0.05608338862657547,-0.28874561190605164,-0.3115701675415039,0.3545975089073181,-0.35268881916999817,0.12500068545341492,0.4521429240703583,-0.0872211754322052,synth103,CompareToThreshold,0.40362095584517493,,,0.9807230105148825,6.2317715634481585,0.26484241435534966,,
-0.08386537432670593,-0.040749985724687576,0.24356265366077423,-0.5776126384735107,0.601921021938324,-0.3599691092967987,0.2707759141921997,-0.01891198940575123,synth104,LossCounting,0.22266316301225259,,,,,,5.505974974179544,0.41074950318599424
-0.21849949657917023,0.088943712413311,-0.2545807361602783,-0.0488269180059433,-0.45024457573890686,0.3088599443435669,0.17297643423080444,0.05982689559459686,synth105,QLearning,0.18006755446539457,0.07749713402959002,0.16024269550018388,0.9003010941816487,2.770092867464356,,,
0.3344931900501251,-0.010307420045137405,-0.19293436408042908,0.28735339641571045,-0.3255780339241028,-0.21885687112808228,0.18521219491958618,-0.1198929101228714,synth106,CompareToThreshold,-0.597712194615257,,,0.8423309225950515,12.62991728212126,0.2031104598219514,,
-0.11957311630249023,-0.44232484698295593,-0.07690151035785675,-0.4734339416027069,0.4298650622367859,-0.11617077142000198,0.27849969267845154,0.26712456345558167,synth107,LossCounting,0.22174134247656196,,,,,,2.3091164711191827,0.31930971329014723
0.07326013594865799,0.0809173583984375,-0.26804623007774353,0.07888232916593552,-0.335828959941864,0.06526858359575272,-0.10104763507843018,-0.3541041910648346,synth108,QLearning,0.13471095852443402,0.006115345409205775,0.19945146130981986,0.87060736413473,11.641320294642409,,,
0.44100314378738403,-0.06204846873879433,-0.33511173725128174,0.1179867684841156,-0.1762782335281372,-0.3241712749004364,0.29037994146347046,0.004759004805237055,synth109,CompareToThreshold,-0.34280283185071064,,,0.8972684989966611,13.984617283171275,0.3706568663501639,,
0.0926382914185524,-0.026332415640354156,0.22048746049404144,-0.12225501239299774,0.7450401186943054,-0.18205881118774414,0.032197337597608566,-0.17375406622886658,synth110,LossCounting,0.005635326990487648,,,,,,6.515741602052894,0.9401609213892927
-0.22485554218292236,0.06163300573825836,0.0923319086432457,0.11688314378261566,-0.33030253648757935,0.1686733514070511,-0.1111481711268425,0.08326349407434464,synth111,QLearning,-0.6942227020131712,0.48622269621877434,0.17563806408167984,0.8114985458485855,5.625721524162631,,,
0.15352651476860046,0.23134779930114746,-0.36284032464027405,0.23447802662849426,-0.12604984641075134,-0.002686385065317154,0.35657912492752075,0.10043290257453918,synth112,CompareToThreshold,-0.5628044415935389,,,0.7423226366398485,4.6909224284744315,0.42363604394459686,,
0.13629837334156036,0.01916561834514141,0.2573881149291992,0.1786164492368698,0.8095141649246216,-0.23536980152130127,-0.13472801446914673,0.06563061475753784,synth113,LossCounting,-0.3273789298306367,,,,,,6.6481934750416585,0.7751310418453818
-0.20859330892562866,0.17675364017486572,-0.11708056926727295,-0.12040358781814575,-0.2987307012081146,0.3044770359992981,-0.00780254602432251,0.18245084583759308,synth114,QLearning,0.024593650621023477,0.2767788093052228,0.05301612259152026,0.7719779877907154,4.3573521333638645,,,
0.38898029923439026,0.13969480991363525,-0.4019343852996826,0.20452068746089935,0.04089635983109474,-0.2866249680519104,0.34877657890319824,-0.022264502942562103,synth115,CompareToThreshold,-0.2968719894427579,,,0.7665339309861653,13.730587122479156,0.5100284305525666,,
-0.3235641121864319,-0.13429959118366241,0.02142077311873436,-0.4086587131023407,0.3990960121154785,-0.20500001311302185,0.2584630250930786,-0.05843992903828621,synth116,LossCounting,0.25626769193702964,,,,,,2.9282974021964416,1.1019874025407779
-0.17485778033733368,0.3393760323524475,-0.1863885372877121,0.029360022395849228,-0.3966659605503082,0.22287724912166595,0.001727124210447073,0.23496390879154205,synth117,QLearning,-0.7899026817099672,0.11925881023877083,0.017610326722450376,0.663395950163326,4.306997068052743,,,
0.1309129148721695,0.015161777846515179,-0.3303682804107666,0.3428329825401306,-0.24919132888317108,-0.09554919600486755,0.3927359879016876,0.07496175169944763,synth118,CompareToThreshold,-0.6115534302775563,,,0.8618470450247507,6.028952372426987,0.3683773377803538,,
-0.43451955914497375,-0.21269431710243225,0.04811018332839012,-0.33646056056022644,0.35250863432884216,-0.20816965401172638,0.3222328722476959,-0.05737020820379257,synth119,LossCounting,0.24220433467161429,,,,,,2.5819003908579843,1.2290986831301052
0.20443597435951233,0.035415925085544586,-0.10155443102121353,-0.2821730077266693,-0.13399583101272583,0.3618229627609253,-0.05998712033033371,-0.13089467585086823,synth120,QLearning,0.9059887946921874,0.20443482590645085,0.10433690143865912,0.5496132173379531,10.139673404773585,,,
0.21188823878765106,0.2572500705718994,-0.3423841893672943,0.1483849436044693,0.10569234192371368,0.26228079199790955,0.3986727297306061,-0.10404664278030396,synth121,CompareToThreshold,0.7587047891748118,,,0.4845865876199403,5.060226956162023,0.5256185368851457,,
-0.17851562798023224,-0.02199469693005085,-0.08464331179857254,0.1922033429145813,0.6717884540557861,-0.09902448952198029,-0.21874651312828064,0.16965991258621216,synth122,LossCounting,-0.21198565202792494,,,,,,3.6158752588717045,1.4980593295883295
-0.18028028309345245,-0.13281236588954926,0.23475390672683716,0.028917407616972923,0.06619442999362946,0.014565926976501942,-0.40849122405052185,-0.4410168528556824,synth123,QLearning,0.19467706638815285,0.31264630789396297,0.33385441222180806,0.9636775402034387,14.860941817880416,,,
0.24121032655239105,0.4631032943725586,-0.4079674184322357,0.1432563066482544,0.07650164514780045,-0.07583010196685791,0.2819826900959015,0.01278858445584774,synth124,CompareToThreshold,-0.508001250258995,,,0.5465008446475449,9.473453747251563,0.5277205823305485,,
-0.17484305799007416,-0.10581818222999573,0.13610653579235077,-0.14369367063045502,0.5185126662254333,-0.1724359393119812,0.13207754492759705,-0.283311128616333,synth125,LossCounting,0.10957511529370115,,,,,,5.511451160203082,1.9758687931222305
-0.26150962710380554,-0.010367431677877903,-0.16972604393959045,0.031182406470179558,-0.4163912832736969,0.23189066350460052,-0.02828224189579487,0.08657684177160263,synth126,QLearning,-0.3538519605482714,0.2488717094392782,0.14781256928891118,0.8973338265023069,6.047189286833878,,,
0.1822686642408371,0.3383534550666809,-0.24271905422210693,0.16766475141048431,0.029594384133815765,0.13897821307182312,0.23076379299163818,-0.08881738781929016,synth127,CompareToThreshold,0.002854018169387318,,,0.43301546301623317,8.616297607848846,0.30759768544666233,,
-0.13528738915920258,-0.38003236055374146,-0.07743723690509796,0.1885368973016739,0.6066145896911621,0.008210675790905952,-0.07832535356283188,0.18571147322654724,synth128,LossCounting,-0.12490100368674881,,,,,,2.547518322425568,0.8222677097303098
-0.40435487031936646,-0.2808188498020172,-0.012680797837674618,-0.15918177366256714,-0.26294615864753723,-0.01873774453997612,-0.46417632699012756,-0.27017492055892944,synth129,QLearning,0.22368661625775316,0.49763865168650157,0.03647223166488631,0.9266219864776989,12.926083663174364,,,
0.40575212240219116,0.11561118066310883,-0.4516145586967468,0.056607119739055634,0.05109253153204918,-0.1433766633272171,0.37669238448143005,0.08551900088787079,synth130,CompareToThreshold,0.14382590721408445,,,0.7261985330954615,12.4385444103322,0.5767396359718423,,
-0.4219735264778137,-0.1207575649023056,-0.040185268968343735,0.21205495297908783,0.6048712134361267,-0.15637974441051483,0.0017672242829576135,-0.06506146490573883,synth131,LossCounting,-0.08453414045025517,,,,,,3.2396817102950046,1.8424523163421829
-0.01445893757045269,0.04281914234161377,-0.18048232793807983,0.1136234849691391,-0.17000971734523773,0.1455274224281311,-0.32570239901542664,-0.34344378113746643,synth132,QLearning,-0.1796842196505313,0.1680596761407782,0.26985826187794504,0.8412595952687487,12.256019391317869,,,
0.004909117240458727,-0.2238749861717224,-0.3809680640697479,0.39825239777565,-0.3261871039867401,0.0075528318993747234,0.448365181684494,0.015817683190107346,synth133,CompareToThreshold,-0.19728240003678837,,,0.9675263240164579,6.574259320348572,0.3358266212236688,,
0.06406161189079285,-0.03495156019926071,0.1073635146021843,0.10746430605649948,0.7681794762611389,-0.06360169500112534,-0.1526489108800888,-0.08278610557317734,synth134,LossCounting,-0.12479112281572588,,,,,,5.8920941931876145,1.3465911915659927
-0.46509575843811035,-0.3971390128135681,-0.3400043845176697,-0.15860214829444885,-0.09110131114721298,0.09089021384716034,-0.6297826766967773,-0.5167269706726074,synth135,QLearning,0.2557809678039135,0.4967282360784767,0.31829965375833624,0.991260945801461,10.167181112907564,,,
0.1008986383676529,-0.06250356882810593,-0.251992404460907,0.21900613605976105,-0.10438454896211624,0.29022017121315,0.33432117104530334,-0.07834501564502716,synth136,CompareToThreshold,0.6744877798317209,,,0.7423491978224246,3.9969252292756594,0.2574364961669946,,
-0.11182136088609695,-0.08178465068340302,0.13435444235801697,-0.6489186882972717,0.500387966632843,-0.24520574510097504,0.2938738465309143,-0.059652186930179596,synth137,LossCounting,0.3265602215870053,,,,,,3.8561088891398505,0.6918458915294932
-0.08203142136335373,-0.32720065116882324,-0.049908172339200974,-0.12664587795734406,-0.2849268615245819,0.28292837738990784,-0.03761686012148857,-0.15410538017749786,synth138,QLearning,0.5697444414353935,0.42216311895057085,0.20806494696889805,0.7789190726224589,6.731515903788607,,,
0.15042640268802643,0.1558789610862732,-0.38236767053604126,0.1939336657524109,0.09786798804998398,0.3258518874645233,0.4362724721431732,-0.10482410341501236,synth139,CompareToThreshold,0.8703154606462606,,,0.5482044990157245,3.691045574219744,0.5509094690193789,,
-0.13343729078769684,-0.5657863616943359,0.006697609554976225,-0.030183667317032814,0.4246610999107361,0.0012223819503560662,0.15289950370788574,0.22941169142723083,synth140,LossCounting,-0.005296375011419034,,,,,,2.2835184712718326,0.7270785603944194
-0.2995608150959015,-0.1905597746372223,-0.24538229405879974,0.195453479886055,-0.4314284324645996,0.10576006770133972,-0.04233429580926895,-0.30913227796554565,synth141,QLearning,-0.01087941040230702,0.11415139065368074,0.2000998109674125,0.9780918377786169,10.042789894855755,,,
0.30651476979255676,-0.25933653116226196,-0.28246188163757324,0.24741986393928528,-0.2958396375179291,-0.11399991810321808,0.29914093017578125,0.00632402952760458,synth142,CompareToThreshold,-0.02887591788790128,,,0.9329682505241648,12.589158910511022,0.24801445073395265,,
-0.03035767935216427,-0.05905619263648987,0.027698850259184837,0.18381436169147491,0.7104076743125916,-0.0870068147778511,-0.19858607649803162,0.058264799416065216,synth143,LossCounting,-0.17443398840031404,,,,,,4.718211359846215,1.3700087574485487
-0.047303810715675354,0.2106148600578308,0.001147774513810873,-0.050219565629959106,-0.0730707198381424,0.25379347801208496,-0.10178298503160477,0.1019877940416336,synth144,QLearning,-0.21944425338898793,0.27737558914546084,0.3325433878037997,0.44915592914701,5.83308052011185,,,
0.2118198126554489,0.3270648419857025,-0.30665460228919983,0.13934749364852905,0.1425471305847168,0.309645414352417,0.3519282042980194,-0.15343943238258362,synth145,CompareToThreshold,0.7313124000662107,,,0.420707267848704,5.511022538898537,0.459397770802857,,
-0.43797722458839417,-0.05372811108827591,0.10813530534505844,-0.464667409658432,0.39499953389167786,-0.330191045999527,0.31740739941596985,-0.09793774783611298,synth146,LossCounting,0.28337858177296293,,,,,,3.2378934569812126,1.3473671159536602
-0.04724014177918434,0.01866971328854561,-0.2015964388847351,-0.1942981481552124,-0.3477851450443268,0.39945244789123535,0.18353323638439178,-0.07477869838476181,synth147,QLearning,0.7556045115740383,0.10006598425756615,0.22316149543562885,0.8188920478628543,5.07225181790961,,,
0.21408669650554657,0.4186822772026062,-0.3265770971775055,0.23241093754768372,-0.0036964293103665113,-0.0684506744146347,0.24058988690376282,-0.03741758316755295,synth148,CompareToThreshold,-0.7101051475300263,,,0.5825744402656194,8.44781963614251,0.42121248059289673,,
-0.6814836263656616,-0.11667579412460327,0.08810409903526306,-0.1380733847618103,0.23662707209587097,-0.31511008739471436,0.37179693579673767,0.009844630025327206,synth149,LossCounting,0.20869726288425747,,,,,,1.966267428700667,1.4674626806925901
-0.05726158618927002,-0.20688766241073608,-0.14694145321846008,-0.09186789393424988,-0.15841485559940338,0.25406837463378906,-0.33508795499801636,-0.3624553084373474,synth150,QLearning,0.18916399221820998,0.3214661202635481,0.2733360325827779,0.8198418320907758,12.161273274813592,,,
0.4385637938976288,-0.27290797233581543,-0.2600698173046112,0.3053225576877594,-0.3569556176662445,-0.4281754195690155,0.24364854395389557,-0.08630277216434479,synth151,CompareToThreshold,-0.46416950577323524,,,0.9746443191571773,14.442334723493508,0.2501377764583435,,
-0.5909204483032227,-0.03343403339385986,-0.06849266588687897,0.07280413061380386,0.5192491412162781,-0.21720488369464874,0.10328168421983719,-0.04988663271069527,synth152,LossCounting,0.00830439814857545,,,,,,3.0494583323516435,1.8874778672922048
-0.04576954245567322,0.21439801156520844,-0.11041475087404251,-0.04507135972380638,-0.23493945598602295,0.26445361971855164,0.04549112915992737,-0.04165273904800415,synth153,QLearning,0.21116321865237012,0.1046729211363759,0.3044498606921384,0.6932225477023242,6.013185602322079,,,
0.26460257172584534,0.317513108253479,-0.37218061089515686,0.18812407553195953,-0.004300273023545742,-0.1530504822731018,0.29491227865219116,0.027875471860170364,synth154,CompareToThreshold,-0.6642056024261822,,,0.6671312147177069,8.897854426309472,0.4755726528362225,,
-0.06836165487766266,-0.44979092478752136,-0.19626788794994354,0.09362228959798813,0.7196662425994873,0.061025530099868774,-0.1880398541688919,0.2787301242351532,synth155,LossCounting,-0.14182941825392917,,,,,,3.009725734747746,0.5653382628482265
0.23152188956737518,0.09174786508083344,-0.06629812717437744,-0.14270524680614471,-0.1394931674003601,0.1986633539199829,-0.28263798356056213,-0.16594815254211426,synth156,QLearning,-0.2315143539487111,0.22695421573366792,0.06517178483422525,0.507680465585704,13.680078277483219,,,
0.013477182015776634,-0.01863495633006096,-0.2842332124710083,0.27021509408950806,-0.19035972654819489,0.19495756924152374,0.34439343214035034,-0.033793192356824875,synth157,CompareToThreshold,0.14075731502858224,,,0.8296787830789281,2.627200231219464,0.24596442727650736,,
-0.6969285607337952,-0.07993126660585403,0.07128330320119858,-0.33437806367874146,0.311677485704422,-0.3973570764064789,0.38774171471595764,-0.06903032213449478,synth158,LossCounting,0.27705713484182976,,,,,,2.0734540877227987,1.4041704544102183
-0.27016589045524597,-0.28520259261131287,-0.22775523364543915,-0.035330791026353836,-0.239047572016716,0.1161142885684967,-0.3883911669254303,-0.5085068345069885,synth159,QLearning,0.021607517839093423,0.4041320131115717,0.27224355285723867,0.9787534387517963,9.608470891705894,,,
0.17896102368831635,-0.09894537925720215,-0.44741091132164,0.29499152302742004,-0.1617163121700287,-0.12506887316703796,0.38786813616752625,0.04940175265073776,synth160,CompareToThreshold,-0.5369420973360154,,,0.9239491363998253,8.96575584166968,0.4434050328561782,,
-0.3515763580799103,-0.13249464333057404,-0.12734705209732056,0.28441447019577026,0.6470198035240173,-0.23536260426044464,-0.16399380564689636,0.3643019497394562,synth161,LossCounting,-0.32749254948673123,,,,,,2.3417039718910573,1.059553294835777
0.01792377606034279,-0.045399732887744904,-0.07715637236833572,0.09723837673664093,-0.04646649584174156,0.17879675328731537,-0.5360048413276672,-0.4619087874889374,synth162,QLearning,0.060656899784956766,0.3611190995565745,0.21366897283681047,0.8033651512453817,13.321448627231595,,,
0.20020216703414917,0.37484443187713623,-0.20789407193660736,0.24462313950061798,0.028565922752022743,-0.05130355432629585,0.08214683830738068,-0.18522612750530243,synth163,CompareToThreshold,-0.5645667974310409,,,0.46835799223074037,11.953651780076628,0.23172896563073792,,
-0.07368681579828262,0.12038419395685196,0.1056852638721466,0.27025124430656433,0.8998143672943115,-0.17810313403606415,-0.21571485698223114,-0.019281690940260887,synth164,LossCounting,-0.3148181011526653,,,,,,6.180479737148628,1.9600481431749202
-0.05350619554519653,-0.3199756145477295,-0.07273390144109726,0.0497584342956543,-0.1531054973602295,0.11179615557193756,-0.25332000851631165,-0.3383212983608246,synth165,QLearning,0.1524321749358875,0.36000426039927874,0.3525402390466112,0.8446612273059835,8.211511916137912,,,
0.24107587337493896,-0.22768263518810272,-0.4664347767829895,0.13544683158397675,-0.15216682851314545,-0.059520505368709564,0.45498204231262207,-0.0023312109988182783,synth166,CompareToThreshold,0.7689537210764461,,,0.9429821553285542,9.58396972217574,0.5259672173583458,,
-0.2524544298648834,-0.03666650876402855,0.1963127851486206,-0.43271034955978394,0.4897960424423218,-0.24168597161769867,0.2976813018321991,-0.21395067870616913,synth167,LossCounting,0.2804415545110245,,,,,,4.275472477233343,1.3084753969770309
-0.06299028545618057,0.21322324872016907,-0.005020943470299244,-0.09832815825939178,-0.16718943417072296,0.2536516785621643,-0.1446426510810852,0.13073450326919556,synth168,QLearning,-0.2870686302805795,0.3479311938250925,0.09476221004097032,0.44158484303215007,6.507341728590227,,,
0.3090755343437195,0.23197466135025024,-0.366494357585907,0.11054355651140213,0.12257909029722214,0.07667289674282074,0.35383185744285583,-0.07516103982925415,synth169,CompareToThreshold,0.741488580028012,,,0.5377056186436133,10.113982110604152,0.5567290661205115,,
-0.06902501732110977,-0.18356268107891083,0.11324772238731384,-0.13729888200759888,0.6744681596755981,-0.11233579367399216,0.01895720697939396,-0.09338822215795517,synth170,LossCounting,0.0014054954322388305,,,,,,4.901720951022001,1.0408665329358768
-0.2635538876056671,0.10444089770317078,-0.028974249958992004,0.2214774489402771,-0.4000757932662964,0.1057218387722969,0.03359803184866905,0.06073388829827309,synth171,QLearning,-0.6176785745053267,0.2498664880797794,0.21334939197225095,0.8014016456273421,2.649061717594648,,,
0.22643116116523743,0.034604739397764206,-0.3200201690196991,0.31530871987342834,-0.1599077433347702,-0.23596711456775665,0.29913848638534546,0.02533748373389244,synth172,CompareToThreshold,-0.8764168374134729,,,0.8286231841044289,9.118174834992702,0.3848404091128825,,
-0.1463746279478073,-0.18953745067119598,0.11337841302156448,-0.2235812544822693,0.5247005224227905,-0.12514260411262512,0.16492673754692078,0.046312183141708374,synth173,LossCounting,0.07634432389397208,,,,,,3.5898696209618075,0.8022712173075079
0.06096579506993294,-0.018724685534834862,-0.29504433274269104,0.01406662818044424,-0.4080219268798828,0.2178352028131485,-0.1466093212366104,-0.2777807116508484,synth174,QLearning,-0.05884675379897415,0.05030748212484637,0.1742828663268366,0.8534023218433182,14.504301083692278,,,
0.25775694847106934,0.009293215349316597,-0.27961206436157227,0.23679907619953156,-0.025510672479867935,0.21305975317955017,0.3771768808364868,-0.09705515950918198,synth175,CompareToThreshold,0.7012697866391979,,,0.6654091121134721,6.289454842063216,0.3837274822830965,,
-0.7752328515052795,-0.04444311931729317,-0.1125059723854065,0.12088736891746521,0.4127397835254669,-0.3034839630126953,0.20998936891555786,0.07069367915391922,synth176,LossCounting,-0.017156470600347105,,,,,,2.0131577750835694,1.6288685312803441
-0.23037265241146088,-0.2157648354768753,-0.131259486079216,0.07462874799966812,-0.0057793413288891315,0.02354501187801361,-0.4430151879787445,-0.7578163146972656,synth177,QLearning,0.6820786101453262,0.27044593537145595,0.3140758797966871,0.9610478915280278,14.785920990131817,,,
0.33252233266830444,-0.08439739048480988,-0.2806887626647949,0.23354601860046387,0.043108366429805756,0.05637732893228531,0.3114057779312134,-0.18424345552921295,synth178,CompareToThreshold,0.8502470325539448,,,0.7247955295264489,9.990838825491087,0.40350051292629263,,
0.11384816467761993,-0.16975446045398712,0.12394852936267853,0.004629230126738548,0.6989150047302246,-0.11970832198858261,-0.1020413339138031,0.19953127205371857,synth179,LossCounting,-0.17492522713773434,,,,,,4.60872383195417,0.4271149618731636
-0.0685942992568016,0.352755069732666,-0.10294941812753677,-0.04874138534069061,-0.21389566361904144,0.28363776206970215,0.0030149389058351517,0.10409378260374069,synth180,QLearning,-0.21370580518983823,0.1344032821713363,0.17831336925302993,0.4274497570911491,5.08228155739509,,,
-0.13313913345336914,-0.20733778178691864,-0.37735095620155334,0.39272063970565796,-0.38822346925735474,0.15189673006534576,0.46207746863365173,-0.0387350432574749,synth181,CompareToThreshold,0.07121012204214065,,,0.9887458391996222,3.3413229269221736,0.2727404522460644,,
0.18447494506835938,-0.5748106241226196,0.007839499972760677,-0.25157496333122253,0.49030905961990356,-0.0030099241994321346,0.09621833264827728,0.45073363184928894,synth182,LossCounting,-0.0032727036598297283,,,,,,2.7266007642422863,0.3237959014071944
0.12077419459819794,0.053838636726140976,-0.17860059440135956,-0.2228054255247116,-0.31013187766075134,0.3685133457183838,0.17779482901096344,-0.03303192928433418,synth183,QLearning,0.8393960587997895,0.08776657066854565,0.278156461826026,0.5917972503667649,6.020987267639997,,,
0.28583142161369324,0.40296944975852966,-0.4839140474796295,0.1427544355392456,0.0799386203289032,-0.167232483625412,0.31692853569984436,0.08016984164714813,synth184,CompareToThreshold,-0.7625959259877481,,,0.7018319968860873,9.955516583874994,0.5866260917801471,,
-0.4648284614086151,-0.18035854399204254,-0.06314458698034286,0.07159541547298431,0.5058032274246216,-0.11728113144636154,0.12531226873397827,-0.017679914832115173,synth185,LossCounting,0.02948304455445827,,,,,,2.5998488098815105,1.4023217046217475
-0.038710419088602066,0.20898352563381195,-0.033991385251283646,-0.04769410938024521,-0.12700273096561432,0.27025026082992554,-0.05808185413479805,0.022118989378213882,synth186,QLearning,0.07732430995211864,0.21713172091231364,0.31489969713300625,0.5095899697508044,5.950097472522505,,,
0.2378539741039276,0.05150454491376877,-0.19805118441581726,0.18103154003620148,-0.08337607979774475,0.17438465356826782,0.2194955050945282,-0.09924778342247009,synth187,CompareToThreshold,0.3714597757824655,,,0.6431124939706103,8.37822482512997,0.22203569424891612,,
-0.2358914315700531,0.0367777943611145,-0.13514938950538635,0.3239889442920685,0.8679332733154297,-0.07855574786663055,-0.31750717759132385,0.024999914690852165,synth188,LossCounting,-0.2761874268032177,,,,,,4.314254873317227,1.7893238850091016
0.2953011989593506,-0.007829371839761734,-0.16884368658065796,-0.18240387737751007,-0.2450156807899475,0.36780664324760437,-0.1614595502614975,-0.39973539113998413,synth189,QLearning,0.5590378670877637,0.12761079451905022,0.0013975811783077498,0.6451391255455363,14.264287373939519,,,
0.3571334183216095,-0.30230265855789185,-0.28733542561531067,0.2548888623714447,-0.12204372882843018,-0.053082503378391266,0.29449841380119324,-0.18176360428333282,synth190,CompareToThreshold,0.8014368787729044,,,0.9003334335292029,10.821640267032336,0.3721374369272064,,
0.09759580343961716,-0.2899019122123718,0.03991604968905449,-0.3622931241989136,0.6517214775085449,-0.05545147880911827,0.12965264916419983,0.08518397808074951,synth191,LossCounting,0.06708234159502995,,,,,,3.4274719651265357,0.43177614507247314
-0.21797862648963928,-0.2163531482219696,-0.09817344695329666,-0.22428390383720398,-0.15932460129261017,0.17240217328071594,-0.31240639090538025,-0.5230090618133545,synth192,QLearning,0.8930848082013474,0.32917194116522347,0.07698012152910666,0.9645128456442003,14.526799217570304,,,
0.1869175136089325,0.14668184518814087,-0.23971709609031677,0.1475050002336502,-0.06175021082162857,0.18046452105045319,0.26188886165618896,-0.06844384223222733,synth193,CompareToThreshold,0.4295399793305645,,,0.5833758901278252,7.468782454661884,0.2796376668935924,,
0.015396294184029102,-0.09582129865884781,0.08181322365999222,-0.016781561076641083,0.7902345061302185,-0.09597335755825043,-0.12036837637424469,-0.05332469940185547,synth194,LossCounting,-0.09516227808822812,,,,,,5.681046976341641,0.940936509717252
-0.06962460279464722,0.26459577679634094,-0.20087938010692596,0.022641966119408607,-0.31652751564979553,0.23291262984275818,0.06128125637769699,0.09693606197834015,synth195,QLearning,-0.16672777980576026,0.03143971845000776,0.2548735086923552,0.7395436765108238,4.598655992142088,,,
-0.06855925172567368,0.2072964757680893,-0.5437735915184021,0.2668156027793884,-0.11617062985897064,0.03373444825410843,0.3704381585121155,0.08029717952013016,synth196,CompareToThreshold,-0.6466826089560828,,,0.8884284610084695,2.711233294753504,0.5114927782669414,,
0.05805521458387375,-0.10029515624046326,0.1619139015674591,0.14920492470264435,0.8623621463775635,-0.15992505848407745,-0.09342151880264282,-0.1051444560289383,synth197,LossCounting,-0.14752280591625166,,,,,,6.411645185701429,1.3585393554576697
0.04415013641119003,-0.13062506914138794,-0.057755615562200546,-0.23130717873573303,-0.20757360756397247,0.380214124917984,-0.050693947821855545,-0.09034262597560883,synth198,QLearning,0.6596451272357324,0.33986504200222395,0.2475426119429028,0.6156857991771367,6.753413042612853,,,
0.289476603269577,0.39235973358154297,-0.29834941029548645,0.19374778866767883,0.11110614240169525,0.03903241455554962,0.27793028950691223,-0.1399800181388855,synth199,CompareToThreshold,0.0018524862119792373,,,0.4592279621242035,11.56547027147231,0.4354828716639571,,
