true_preset,subject_id,param,true_initial,true_centroid,fitted_static
Bari2019,synth000,biasL,0.8585025716686541,0.82186814566789,0.3652386573865213
Bari2019,synth000,choice_kernel_relative_weight,0.2194392198760261,0.2194392198760261,0.1026814629207302
Bari2019,synth000,forget_rate_unchosen,0.343439167964553,0.343439167964553,1.0
Bari2019,synth000,learn_rate,0.6918033392514339,0.6578944232474911,0.112089566792617
Bari2019,synth000,softmax_inverse_temperature,2.346011450511339,3.224305522539444,4.072812711588629
Bari2019,synth003,biasL,1.0435878148124234,1.0667437919561662,0.6905640979221683
Bari2019,synth003,choice_kernel_relative_weight,0.331258808530291,0.331258808530291,0.3208453386539248
Bari2019,synth003,forget_rate_unchosen,0.2450117460181208,0.2450117460181208,0.0094067227686371
Bari2019,synth003,learn_rate,0.818737188992684,0.7679506783898451,0.9590814488404096
Bari2019,synth003,softmax_inverse_temperature,11.768174000492449,10.049746723566576,9.616421786492742
Bari2019,synth006,biasL,0.3096307458745087,0.3847008762446757,0.2224325992506896
Bari2019,synth006,choice_kernel_relative_weight,0.1397001150140358,0.1397001150140358,0.3740117507998228
Bari2019,synth006,forget_rate_unchosen,0.0132840986484768,0.0132840986484768,0.0329830133429105
Bari2019,synth006,learn_rate,0.7808731918079431,0.746125143765862,0.8188843842951256
Bari2019,synth006,softmax_inverse_temperature,3.984018524938871,3.0281133434504532,1.7128052310696087
Bari2019,synth009,biasL,-0.9343552279518184,-1.2634890036898396,-0.7354060153765803
Bari2019,synth009,choice_kernel_relative_weight,0.4802147255248253,0.4802147255248253,0.0636314558264627
Bari2019,synth009,forget_rate_unchosen,0.3733493558791571,0.3733493558791571,1.0
Bari2019,synth009,learn_rate,0.2980898798294975,0.3967111141737135,0.9576463124679412
Bari2019,synth009,softmax_inverse_temperature,19.85412779919184,14.671143775048188,100.0
Bari2019,synth012,biasL,0.9221729847488848,1.0996076558308785,0.5739736683439879
Bari2019,synth012,choice_kernel_relative_weight,0.0465455241553317,0.0465455241553317,0.1169852660500631
Bari2019,synth012,forget_rate_unchosen,0.001179273878016,0.001179273878016,0.013966090951864
Bari2019,synth012,learn_rate,0.243250999860812,0.2618043672968244,0.4741544166158777
Bari2019,synth012,softmax_inverse_temperature,6.419693535296198,5.870001890634899,3.820135671429104
Bari2019,synth015,biasL,0.5353993951460454,0.4730800822162702,0.2559197596384368
Bari2019,synth015,choice_kernel_relative_weight,0.1670115144443208,0.1670115144443208,0.4351129244334544
Bari2019,synth015,forget_rate_unchosen,0.2741936318797949,0.2741936318797949,0.0219768166131122
Bari2019,synth015,learn_rate,0.2443613175559003,0.2781755777546228,0.4859811941781328
Bari2019,synth015,softmax_inverse_temperature,11.814699501276728,9.264262574219291,4.457896992326714
Bari2019,synth018,biasL,-0.6534413492573217,-0.5552810643903725,-0.3053803241892937
Bari2019,synth018,choice_kernel_relative_weight,0.4516025443109911,0.4516025443109911,0.042312250728266
Bari2019,synth018,forget_rate_unchosen,0.0735818437173169,0.0735818437173169,0.8756981630383768
Bari2019,synth018,learn_rate,0.2408607552086757,0.2814419603785015,0.0436760340514651
Bari2019,synth018,softmax_inverse_temperature,3.0542530804851236,2.610462471504311,7.654807262109418
Bari2019,synth021,biasL,-0.1820918024609668,-0.1440696158237306,-0.059136853741138
Bari2019,synth021,choice_kernel_relative_weight,0.4382479014709382,0.4382479014709382,0.7622700501040616
Bari2019,synth021,forget_rate_unchosen,0.1435838705082373,0.1435838705082373,0.0070926827008615
Bari2019,synth021,learn_rate,0.6894116481553358,0.7039867613951235,0.8356194006290145
Bari2019,synth021,softmax_inverse_temperature,7.828251787493581,9.287835487679317,4.212416511662928
Bari2019,synth024,biasL,-1.1118865905055857,-1.0698412059682934,-0.4730802278788356
Bari2019,synth024,choice_kernel_relative_weight,0.444871381362047,0.444871381362047,0.708908065630203
Bari2019,synth024,forget_rate_unchosen,0.3167963809359608,0.3167963809359608,0.0048474190408376
Bari2019,synth024,learn_rate,0.1655661090319769,0.1321929413211457,0.2839766626922678
Bari2019,synth024,softmax_inverse_temperature,12.970746891839298,10.829473382459252,5.609040588887206
Bari2019,synth027,biasL,1.466494854072249,1.30676343334471,0.809103540459929
Bari2019,synth027,choice_kernel_relative_weight,0.2164348911436341,0.2164348911436341,0.4207889598663393
Bari2019,synth027,forget_rate_unchosen,0.2494843301433072,0.2494843301433072,0.064239183405834
Bari2019,synth027,learn_rate,0.4371091129624747,0.4763332428090073,0.5473497844964663
Bari2019,synth027,softmax_inverse_temperature,4.181110132999285,4.96718496044443,2.76532755744361
Bari2019,synth030,biasL,-0.9258317747344728,-0.7329562535953751,-0.4631018580613027
Bari2019,synth030,choice_kernel_relative_weight,0.4782502533797175,0.4782502533797175,0.8369722730770082
Bari2019,synth030,forget_rate_unchosen,0.2816360768882431,0.2816360768882431,0.0005808829834375
Bari2019,synth030,learn_rate,0.6184760785435808,0.5911598007039507,0.8811993327743816
Bari2019,synth030,softmax_inverse_temperature,9.555359938196036,8.81056837984957,4.380765232726373
Bari2019,synth033,biasL,-0.1344904343625715,0.0293572692050019,0.0249061803919082
Bari2019,synth033,choice_kernel_relative_weight,0.2486242818588563,0.2486242818588563,0.4245973479954783
Bari2019,synth033,forget_rate_unchosen,0.0103350910904402,0.0103350910904402,0.0
Bari2019,synth033,learn_rate,0.5062918134158966,0.4742356894193941,0.7592584397313065
Bari2019,synth033,softmax_inverse_temperature,9.000156477761973,10.615840884638365,6.26461345557649
Bari2019,synth036,biasL,-0.5922276335933778,-0.7506112073636944,-0.5009320671553259
Bari2019,synth036,choice_kernel_relative_weight,0.1108762719538636,0.1108762719538636,0.2142319671821247
Bari2019,synth036,forget_rate_unchosen,0.3815359494256194,0.3815359494256194,0.2405294628850971
Bari2019,synth036,learn_rate,0.8644317358704716,0.8253500130530382,0.9457776821541584
Bari2019,synth036,softmax_inverse_temperature,5.744364177051137,6.693386830246235,3.6323782787329906
Bari2019,synth039,biasL,-0.5331501096940879,-0.4838905450793698,-0.1634897654623773
Bari2019,synth039,choice_kernel_relative_weight,0.0194676657905363,0.0194676657905363,0.0743877685216339
Bari2019,synth039,forget_rate_unchosen,0.0193673017871415,0.0193673017871415,0.1310382987255786
Bari2019,synth039,learn_rate,0.3361035773189102,0.2890181626614313,0.3676512744503269
Bari2019,synth039,softmax_inverse_temperature,5.874982317641381,3.874015453881933,2.7016345612920087
Bari2019,synth042,biasL,1.3440726517261,1.1103862664280428,0.4921936867617353
Bari2019,synth042,choice_kernel_relative_weight,0.2004692607037952,0.2004692607037952,0.0919236072335833
Bari2019,synth042,forget_rate_unchosen,0.0759146599977846,0.0759146599977846,0.9898237680589768
Bari2019,synth042,learn_rate,0.8028419413151384,0.7638654948190026,0.1305456172335117
Bari2019,synth042,softmax_inverse_temperature,1.4250146869686908,2.2820814935029214,3.45356496667376
Bari2019,synth045,biasL,0.2037152949490273,0.1581017232971602,0.0377904485624124
Bari2019,synth045,choice_kernel_relative_weight,0.139198566457799,0.139198566457799,0.3506357308875611
Bari2019,synth045,forget_rate_unchosen,0.2084107490807092,0.2084107490807092,0.0859963975573906
Bari2019,synth045,learn_rate,0.7834456349698607,0.704168586095697,0.6945932949178724
Bari2019,synth045,softmax_inverse_temperature,3.308573936435341,3.5812218453529585,1.999035049090548
Bari2019,synth048,biasL,1.4539124590626498,1.3269630020999583,0.7576603031009916
Bari2019,synth048,choice_kernel_relative_weight,0.4229355616463854,0.4229355616463854,0.4488269349448252
Bari2019,synth048,forget_rate_unchosen,0.2557220223101825,0.2557220223101825,0.0047865770825165
Bari2019,synth048,learn_rate,0.8239947301949898,0.8041115779386866,0.9554920833989464
Bari2019,synth048,softmax_inverse_temperature,9.309397224309986,10.39052075420672,8.510900831895578
Bari2019,synth051,biasL,0.6341166544540447,0.5380528692308615,0.4240304513233022
Bari2019,synth051,choice_kernel_relative_weight,0.1139653622275359,0.1139653622275359,0.2194729162720424
Bari2019,synth051,forget_rate_unchosen,0.3048462948137536,0.3048462948137536,0.0164380895987555
Bari2019,synth051,learn_rate,0.5251057585094683,0.5222886007685176,0.8023122651545604
Bari2019,synth051,softmax_inverse_temperature,13.114295587897152,11.735068562619103,7.36428373568902
Bari2019,synth054,biasL,-0.9586054956334236,-1.1838467328939104,-0.5523833776931564
Bari2019,synth054,choice_kernel_relative_weight,0.1703241806695772,0.1703241806695772,0.0703958897202206
Bari2019,synth054,forget_rate_unchosen,0.2762818193117088,0.2762818193117088,1.0
Bari2019,synth054,learn_rate,0.7968179092165233,0.6951464103367568,0.1226194875998138
Bari2019,synth054,softmax_inverse_temperature,5.1212522499790385,2.7841805613218273,3.897197909785755
Bari2019,synth057,biasL,-1.2621624929625108,-0.882559689080534,-0.6366451056556991
Bari2019,synth057,choice_kernel_relative_weight,0.3361543176690711,0.3361543176690711,0.5817476197497868
Bari2019,synth057,forget_rate_unchosen,0.0494947571217426,0.0494947571217426,0.0047979890436262
Bari2019,synth057,learn_rate,0.4294045568163105,0.3991575830112881,0.6308211577369393
Bari2019,synth057,softmax_inverse_temperature,8.072650756810564,8.783447977963887,4.784957551169072
Bari2019,synth060,biasL,-0.90458270013613,-0.884525804775775,-0.1820176476956201
Bari2019,synth060,choice_kernel_relative_weight,0.4635424723788065,0.4635424723788065,0.4807605238492234
Bari2019,synth060,forget_rate_unchosen,0.0857403484707051,0.0857403484707051,0.0001107848377164
Bari2019,synth060,learn_rate,0.8543466493494178,0.7835457169094471,0.906512526368138
Bari2019,synth060,softmax_inverse_temperature,10.773431166713602,11.551201999883,9.322101384174925
Bari2019,synth063,biasL,-1.3797348323774792,-1.4114994304636037,-0.6713439855167918
Bari2019,synth063,choice_kernel_relative_weight,0.3680548872572159,0.3680548872572159,0.5172846247632614
Bari2019,synth063,forget_rate_unchosen,0.0197380570168674,0.0197380570168674,0.0059881706520216
Bari2019,synth063,learn_rate,0.0555505575880828,0.101550450272791,0.300479675925712
Bari2019,synth063,softmax_inverse_temperature,8.857030102396314,8.715961863323312,5.258685051962705
Bari2019,synth066,biasL,0.9932004603581254,0.8568920472735826,0.3334711750146244
Bari2019,synth066,choice_kernel_relative_weight,0.4557202209081316,0.4557202209081316,0.1036888179062012
Bari2019,synth066,forget_rate_unchosen,0.0543870699510313,0.0543870699510313,1.0
Bari2019,synth066,learn_rate,0.8379034301969419,0.8131115934381273,0.0284944018442066
Bari2019,synth066,softmax_inverse_temperature,2.9273684733855023,4.128129306498911,7.787988290951715
Bari2019,synth069,biasL,0.3195059398887032,0.3488218229030431,0.2045311373503406
Bari2019,synth069,choice_kernel_relative_weight,0.0023402802538413,0.0023402802538413,0.0342595347755206
Bari2019,synth069,forget_rate_unchosen,0.1566988110876451,0.1566988110876451,0.0421737056233818
Bari2019,synth069,learn_rate,0.5853644673382412,0.6145270609578681,0.8282848706249576
Bari2019,synth069,softmax_inverse_temperature,15.143206128921662,14.046872667552556,8.682361628348591
Bari2019,synth072,biasL,-0.7435282649434498,-0.8513676774521419,-0.5150044643799048
Bari2019,synth072,choice_kernel_relative_weight,0.362076256686086,0.362076256686086,0.5779895242418498
Bari2019,synth072,forget_rate_unchosen,0.1544227306139793,0.1544227306139793,0.0117852027536328
Bari2019,synth072,learn_rate,0.2438175251182992,0.2377697242999819,0.3475181642917912
Bari2019,synth072,softmax_inverse_temperature,5.074806506320956,7.126775602267563,4.041907262132261
Bari2019,synth075,biasL,0.5383656383350999,0.6004109803151483,0.5150346109342144
Bari2019,synth075,choice_kernel_relative_weight,0.3622024242187185,0.3622024242187185,0.6325850387235676
Bari2019,synth075,forget_rate_unchosen,0.2411450370643455,0.2411450370643455,0.0163991969752612
Bari2019,synth075,learn_rate,0.4323570641147565,0.386337760343962,0.4769145802847155
Bari2019,synth075,softmax_inverse_temperature,6.117158807424017,6.0935522297006575,3.385555855640298
Bari2019,synth078,biasL,-0.3205930139367763,-0.4246524809243439,-0.0412111218705812
Bari2019,synth078,choice_kernel_relative_weight,0.4359103920463862,0.4359103920463862,0.6543862081961737
Bari2019,synth078,forget_rate_unchosen,0.0554473639689431,0.0554473639689431,0.0
Bari2019,synth078,learn_rate,0.4385941330450347,0.4696875947531667,0.3863006699155822
Bari2019,synth078,softmax_inverse_temperature,8.402886353857786,10.372318597818754,5.0079320244172685
Bari2019,synth081,biasL,-1.0785383709466043,-0.8934695836641668,-0.5373468704411539
Bari2019,synth081,choice_kernel_relative_weight,0.0498685463983837,0.0498685463983837,0.1367359915194889
Bari2019,synth081,forget_rate_unchosen,0.054046558669851,0.054046558669851,0.0242707357173183
Bari2019,synth081,learn_rate,0.4446388999626058,0.4603181214090559,0.6428412883910105
Bari2019,synth081,softmax_inverse_temperature,8.493887889532527,8.021987577287307,4.76782342405389
Bari2019,synth084,biasL,-0.7874827236475369,-0.7727489489911312,-0.4158251304166404
Bari2019,synth084,choice_kernel_relative_weight,0.2425376728282416,0.2425376728282416,0.4596062405472437
Bari2019,synth084,forget_rate_unchosen,0.0493184434600567,0.0493184434600567,0.0066847633534923
Bari2019,synth084,learn_rate,0.6847633356376754,0.7198628967756865,0.8906552513616391
Bari2019,synth084,softmax_inverse_temperature,8.777722497749249,10.667237181216684,5.372690261401909
Bari2019,synth087,biasL,1.5659726260126707,1.4858526497779811,0.7492381409056111
Bari2019,synth087,choice_kernel_relative_weight,0.4510386638609552,0.4510386638609552,0.538558546694917
Bari2019,synth087,forget_rate_unchosen,0.0123751230214863,0.0123751230214863,0.0011359173682938
Bari2019,synth087,learn_rate,0.2784618166785139,0.3533668673829696,0.6345227151794991
Bari2019,synth087,softmax_inverse_temperature,10.999041638901256,9.139583442214068,6.130679187865968
Bari2019,synth090,biasL,-0.6882090514611887,-0.6185315851281904,-0.374231323564021
Bari2019,synth090,choice_kernel_relative_weight,0.2200165511644582,0.2200165511644582,0.2331821915503251
Bari2019,synth090,forget_rate_unchosen,0.3305554262755175,0.3305554262755175,0.0245009993333901
Bari2019,synth090,learn_rate,0.8045346029939556,0.8614719683756875,0.9772711861583612
Bari2019,synth090,softmax_inverse_temperature,12.003389322549024,11.73835691335347,10.944746007405309
Bari2019,synth093,biasL,-1.3030891312241026,-1.218398511940586,-0.8409501509582191
Bari2019,synth093,choice_kernel_relative_weight,0.3084652175764329,0.3084652175764329,0.5051060414164206
Bari2019,synth093,forget_rate_unchosen,0.1206644748032783,0.1206644748032783,0.0110428245996893
Bari2019,synth093,learn_rate,0.6780747218551139,0.7722127614431754,0.9276797481318534
Bari2019,synth093,softmax_inverse_temperature,10.680648659093492,10.090740415519312,5.58676000010567
Bari2019,synth096,biasL,1.1314371567186248,1.0368982053451608,0.6955120439104174
Bari2019,synth096,choice_kernel_relative_weight,0.0823741551588333,0.0823741551588333,0.0962334108317504
Bari2019,synth096,forget_rate_unchosen,0.0759438629082256,0.0759438629082256,0.1196162137098275
Bari2019,synth096,learn_rate,0.8707666293497951,0.8953291401416817,0.9861872354478748
Bari2019,synth096,softmax_inverse_temperature,15.631976257908562,14.956541567671852,12.951663846795432
Bari2019,synth099,biasL,1.018361803135216,0.7181798402065493,0.4723386047930594
Bari2019,synth099,choice_kernel_relative_weight,0.2831612508917237,0.2831612508917237,0.74096239177686
Bari2019,synth099,forget_rate_unchosen,0.1913654408081369,0.1913654408081369,0.0229391057728794
Bari2019,synth099,learn_rate,0.8005484681244932,0.8857123236058307,0.8826855121007214
Bari2019,synth099,softmax_inverse_temperature,7.042122888792256,6.398045485555125,2.331640064930669
Bari2019,synth102,biasL,-1.0271085610749056,-1.0891635150304195,-0.4822626611019514
Bari2019,synth102,choice_kernel_relative_weight,0.4140251929868249,0.4140251929868249,0.0839546044273219
Bari2019,synth102,forget_rate_unchosen,0.3231179150842937,0.3231179150842937,0.9130847095575754
Bari2019,synth102,learn_rate,0.3120578673381992,0.3173169983103457,0.0488695322830632
Bari2019,synth102,softmax_inverse_temperature,4.765968441721233,2.435947478125139,6.420768518500064
Bari2019,synth105,biasL,0.37718752044283,0.3474941647294609,0.2117286415967403
Bari2019,synth105,choice_kernel_relative_weight,0.07749713402959,0.07749713402959,0.1856524321123145
Bari2019,synth105,forget_rate_unchosen,0.1602426955001838,0.1602426955001838,0.1512441709979211
Bari2019,synth105,learn_rate,0.677143834669782,0.6561582082670051,0.6637470698470733
Bari2019,synth105,softmax_inverse_temperature,1.7601712336351123,2.8061995610886816,1.8708378976540951
Bari2019,synth108,biasL,0.4892779985712377,0.2185794834047296,0.1475891439590686
Bari2019,synth108,choice_kernel_relative_weight,0.0061153454092057,0.0061153454092057,0.0382894064869299
Bari2019,synth108,forget_rate_unchosen,0.1994514613098198,0.1994514613098198,0.0695699008243517
Bari2019,synth108,learn_rate,0.5396994403051181,0.601803363649961,0.8429835924598774
Bari2019,synth108,softmax_inverse_temperature,12.137143571309656,11.249572232262256,8.125900306866018
Bari2019,synth111,biasL,-0.9687393092161676,-1.179017267920579,-0.345942348931017
Bari2019,synth111,choice_kernel_relative_weight,0.4862226962187743,0.4862226962187743,0.1166840848826319
Bari2019,synth111,forget_rate_unchosen,0.1756380640816798,0.1756380640816798,0.934672362670938
Bari2019,synth111,learn_rate,0.6658562008460156,0.5379788796295489,0.0212254723286886
Bari2019,synth111,softmax_inverse_temperature,4.539247860464456,5.574479339135838,9.40960302761154
Bari2019,synth114,biasL,0.1198634124123454,0.0303220933992434,0.0212542033808859
Bari2019,synth114,choice_kernel_relative_weight,0.2767788093052228,0.2767788093052228,0.0926969755224779
Bari2019,synth114,forget_rate_unchosen,0.0530161225915202,0.0530161225915202,0.9165538391814848
Bari2019,synth114,learn_rate,0.4396041437208848,0.4817777605053871,0.0798056212629023
Bari2019,synth114,softmax_inverse_temperature,3.744357429441513,4.232415869050376,5.507509434038037
Bari2019,synth117,biasL,-1.3763043790351086,-1.2817277704136414,-0.6454082928844624
Bari2019,synth117,choice_kernel_relative_weight,0.1192588102387708,0.1192588102387708,0.2654813790230619
Bari2019,synth117,forget_rate_unchosen,0.0176103267224503,0.0176103267224503,0.0546786055426088
Bari2019,synth117,learn_rate,0.468252314965461,0.3609694902273029,0.4473766376642002
Bari2019,synth117,softmax_inverse_temperature,4.115250544375741,4.536524544833499,2.5297671569511926
Bari2019,synth120,biasL,1.628182473866667,1.4748739946994474,0.9606848872340612
Bari2019,synth120,choice_kernel_relative_weight,0.2044348259064508,0.2044348259064508,0.3434814270157232
Bari2019,synth120,forget_rate_unchosen,0.1043369014386591,0.1043369014386591,0.0127726005923881
Bari2019,synth120,learn_rate,0.2550977791504497,0.2588219839941391,0.4569131294728129
Bari2019,synth120,softmax_inverse_temperature,12.441325387430943,10.31595492922231,6.199517910866563
Bari2019,synth123,biasL,0.1893700903535289,0.2691993462650743,0.1398743699736444
Bari2019,synth123,choice_kernel_relative_weight,0.3126463078939629,0.3126463078939629,0.6010187338319646
Bari2019,synth123,forget_rate_unchosen,0.333854412221808,0.333854412221808,0.0027361008969609
Bari2019,synth123,learn_rate,0.8302467340369646,0.8351371520793051,0.9547813639839374
Bari2019,synth123,softmax_inverse_temperature,15.139716733008257,14.449743852524438,7.694680593912959
Bari2019,synth126,biasL,-0.3320135560647544,-0.5948637257473868,-0.27844622199409
Bari2019,synth126,choice_kernel_relative_weight,0.2488717094392781,0.2488717094392781,0.1728827399060513
Bari2019,synth126,forget_rate_unchosen,0.1478125692889111,0.1478125692889111,1.0
Bari2019,synth126,learn_rate,0.634159474028258,0.6728199866119582,0.0865900477959518
Bari2019,synth126,softmax_inverse_temperature,7.595934883905992,6.136428096878388,4.793373628889167
Bari2019,synth129,biasL,0.593801617537074,0.3888391332001768,-0.1277097716227912
Bari2019,synth129,choice_kernel_relative_weight,0.4976386516865015,0.4976386516865015,0.7095435831061615
Bari2019,synth129,forget_rate_unchosen,0.0364722316648863,0.0364722316648863,0.0013355274977802
Bari2019,synth129,learn_rate,0.5470960064714107,0.7219298452705374,0.9064347479611266
Bari2019,synth129,softmax_inverse_temperature,12.638162098646443,13.567093648696632,7.835968696821732
Bari2019,synth132,biasL,-0.3959204753001739,-0.2991734591702295,-0.2884278934202841
Bari2019,synth132,choice_kernel_relative_weight,0.1680596761407782,0.1680596761407782,0.3256509374324045
Bari2019,synth132,forget_rate_unchosen,0.269858261877945,0.269858261877945,0.012909981575036
Bari2019,synth132,learn_rate,0.5322641325653915,0.5705728586642512,0.8340990271346886
Bari2019,synth132,softmax_inverse_temperature,12.296899613428474,12.430094360175808,6.67516385804918
Bari2019,synth135,biasL,0.4840390194299545,0.491856367362572,0.0602228888795636
Bari2019,synth135,choice_kernel_relative_weight,0.4967282360784767,0.4967282360784767,0.9618278865716776
Bari2019,synth135,forget_rate_unchosen,0.3182996537583362,0.3182996537583362,0.0051533603890975
Bari2019,synth135,learn_rate,0.8586958254905304,0.8956336840141996,0.921128401037036
Bari2019,synth135,softmax_inverse_temperature,13.13794341769252,10.455840979775202,4.090356464224155
Bari2019,synth138,biasL,0.8510374789745794,0.8960181185147933,0.6247774246752258
Bari2019,synth138,choice_kernel_relative_weight,0.4221631189505708,0.4221631189505708,0.6958874669621165
Bari2019,synth138,forget_rate_unchosen,0.208064946968898,0.208064946968898,0.0055333223520517
Bari2019,synth138,learn_rate,0.422362496983339,0.485077346996268,0.6356285264493097
Bari2019,synth138,softmax_inverse_temperature,9.45714066060828,6.745314550244931,3.578852879149064
Bari2019,synth141,biasL,-0.1458131013033197,0.0354449831140968,-0.0190502979589702
Bari2019,synth141,choice_kernel_relative_weight,0.1141513906536807,0.1141513906536807,0.161537733662297
Bari2019,synth141,forget_rate_unchosen,0.2000998109674124,0.2000998109674124,0.3114204639682815
Bari2019,synth141,learn_rate,0.9015921356289436,0.8498572102969649,0.970022445343127
Bari2019,synth141,softmax_inverse_temperature,9.830748529537235,10.285971362545355,7.240526643770787
Bari2019,synth144,biasL,-0.3743868440348047,-0.3083811962563658,-0.1852116530336686
Bari2019,synth144,choice_kernel_relative_weight,0.2773755891454608,0.2773755891454608,0.549042635745399
Bari2019,synth144,forget_rate_unchosen,0.3325433878037997,0.3325433878037997,0.0355493153326759
Bari2019,synth144,learn_rate,0.2774626457483126,0.1486452422287578,0.3004521908893672
Bari2019,synth144,softmax_inverse_temperature,3.864703874015573,5.557728214942816,3.228314931220719
Bari2019,synth147,biasL,1.5024908773366508,1.256712170238273,0.5856552811157958
Bari2019,synth147,choice_kernel_relative_weight,0.1000659842575661,0.1000659842575661,0.0641888500605429
Bari2019,synth147,forget_rate_unchosen,0.2231614954356288,0.2231614954356288,0.9802413737242472
Bari2019,synth147,learn_rate,0.4859251975636888,0.5431507207387689,0.1766854518951209
Bari2019,synth147,softmax_inverse_temperature,6.92193580124477,4.590846887148585,4.149105435452185
Bari2019,synth150,biasL,0.2687043527330893,0.2715459885228615,0.3724474738097962
Bari2019,synth150,choice_kernel_relative_weight,0.3214661202635481,0.3214661202635481,0.5325581091646464
Bari2019,synth150,forget_rate_unchosen,0.2733360325827779,0.2733360325827779,8.350994238355363e-05
Bari2019,synth150,learn_rate,0.5712195706144407,0.544384600860439,0.8157335737388982
Bari2019,synth150,softmax_inverse_temperature,11.108730479948893,11.904934597260752,6.808660916946103
Bari2019,synth153,biasL,0.2666145998726285,0.3446992552278294,0.245761693213226
Bari2019,synth153,choice_kernel_relative_weight,0.1046729211363758,0.1046729211363758,0.2581819400132934
Bari2019,synth153,forget_rate_unchosen,0.3044498606921384,0.3044498606921384,0.0753892616129196
Bari2019,synth153,learn_rate,0.390758853195182,0.3973429610406361,0.5598465241336326
Bari2019,synth153,softmax_inverse_temperature,4.270786336499585,5.820151421077716,3.604514768096821
Bari2019,synth156,biasL,-0.21342098595181,-0.3246840340061623,-0.154310505487679
Bari2019,synth156,choice_kernel_relative_weight,0.2269542157336679,0.2269542157336679,0.252381199872529
Bari2019,synth156,forget_rate_unchosen,0.0651717848342252,0.0651717848342252,0.0086016869330079
Bari2019,synth156,learn_rate,0.2606658017348039,0.2005743637806278,0.4896273591054031
Bari2019,synth156,softmax_inverse_temperature,15.145903078642576,13.899757178554154,12.1026188448287
Bari2019,synth159,biasL,-0.048180360522555,0.0676676910557292,0.1792389369404792
Bari2019,synth159,choice_kernel_relative_weight,0.4041320131115717,0.4041320131115717,0.6122554099691823
Bari2019,synth159,forget_rate_unchosen,0.2722435528572386,0.2722435528572386,0.0135200562292908
Bari2019,synth159,learn_rate,0.8572088617340181,0.8451509166735507,0.9163094835009652
Bari2019,synth159,softmax_inverse_temperature,7.449446112733803,9.768574532617617,5.52307445692376
Bari2019,synth162,biasL,0.1934123501400602,0.1218941287590771,-0.2871442305430067
Bari2019,synth162,choice_kernel_relative_weight,0.3611190995565745,0.3611190995565745,0.8215757867400221
Bari2019,synth162,forget_rate_unchosen,0.2136689728368104,0.2136689728368104,0.0008360691827055
Bari2019,synth162,learn_rate,0.4591471855978651,0.5248272631882419,0.668408282843923
Bari2019,synth162,softmax_inverse_temperature,10.389589308258556,13.061137059397884,5.419518742006726
Bari2019,synth165,biasL,0.1355480241191554,0.2590289052971841,0.198716503350306
Bari2019,synth165,choice_kernel_relative_weight,0.3600042603992787,0.3600042603992787,0.6696433480261254
Bari2019,synth165,forget_rate_unchosen,0.3525402390466112,0.3525402390466112,0.0261858357460503
Bari2019,synth165,learn_rate,0.6361302868870922,0.5726969960326791,0.7684420338373267
Bari2019,synth165,softmax_inverse_temperature,8.308083891003644,8.173168275116367,4.091957382259072
Bari2019,synth168,biasL,-0.4276307520423381,-0.4658040445734239,-0.2434126576604083
Bari2019,synth168,choice_kernel_relative_weight,0.3479311938250925,0.3479311938250925,0.1373419278800894
Bari2019,synth168,forget_rate_unchosen,0.0947622100409703,0.0947622100409703,0.8932471218598601
Bari2019,synth168,learn_rate,0.1571522825332536,0.1443013390785339,0.0416588877758062
Bari2019,synth168,softmax_inverse_temperature,5.316689160607792,6.6490584721931665,7.660171075764543
Bari2019,synth171,biasL,-1.0686301155438378,-1.0173738584696788,-0.5067859013639838
Bari2019,synth171,choice_kernel_relative_weight,0.2498664880797794,0.2498664880797794,0.0752614778853739
Bari2019,synth171,forget_rate_unchosen,0.2133493919722509,0.2133493919722509,0.9652358001403548
Bari2019,synth171,learn_rate,0.473378985208056,0.5206105127243146,0.089098006390679
Bari2019,synth171,softmax_inverse_temperature,0.1287298404310286,2.452375010814075,4.329799128388434
Bari2019,synth174,biasL,-0.0225284426535968,-0.0556528278968115,-0.0400437596876056
Bari2019,synth174,choice_kernel_relative_weight,0.0503074821248463,0.0503074821248463,0.1292523813476978
Bari2019,synth174,forget_rate_unchosen,0.1742828663268366,0.1742828663268366,0.0416444854424277
Bari2019,synth174,learn_rate,0.5240612765069543,0.5793098596267563,0.834446572119053
Bari2019,synth174,softmax_inverse_temperature,14.710143408921615,14.37408472904473,7.734525037392984
Bari2019,synth177,biasL,1.2415968897226206,1.065459257929214,0.7406707753217318
Bari2019,synth177,choice_kernel_relative_weight,0.2704459353714559,0.2704459353714559,0.4077779376034869
Bari2019,synth177,forget_rate_unchosen,0.3140758797966871,0.3140758797966871,0.6880804564828448
Bari2019,synth177,learn_rate,0.7585392020121136,0.8145686838499229,1.0
Bari2019,synth177,softmax_inverse_temperature,15.488722515414905,14.659407769467917,9.195224031104784
Bari2019,synth180,biasL,-0.1712754732043661,-0.3391116340665472,-0.1236653143332945
Bari2019,synth180,choice_kernel_relative_weight,0.1344032821713363,0.1344032821713363,0.0664363252152112
Bari2019,synth180,forget_rate_unchosen,0.1783133692530299,0.1783133692530299,0.7479093606659839
Bari2019,synth180,learn_rate,0.1246100571594351,0.1257013580409383,0.0832485218311671
Bari2019,synth180,softmax_inverse_temperature,6.9046922439615,4.994665976907566,5.821993605311609
Bari2019,synth183,biasL,1.4964582719542443,1.446096301673812,0.7791893284734199
Bari2019,synth183,choice_kernel_relative_weight,0.0877665706685456,0.0877665706685456,0.2709724955769286
Bari2019,synth183,forget_rate_unchosen,0.278156461826026,0.278156461826026,0.0774419752749841
Bari2019,synth183,learn_rate,0.2417680632139598,0.2974491053201055,0.4358305890576966
Bari2019,synth183,softmax_inverse_temperature,6.045330726860877,5.896510711756944,3.243834710988829
Bari2019,synth186,biasL,-0.0421978868792544,0.0730574961621677,0.0191905977040345
Bari2019,synth186,choice_kernel_relative_weight,0.2171317209123136,0.2171317209123136,0.1715910588974429
Bari2019,synth186,forget_rate_unchosen,0.3148996971330062,0.3148996971330062,0.826732721297401
Bari2019,synth186,learn_rate,0.1706393359116817,0.2131386421420457,0.0872419067691793
Bari2019,synth186,softmax_inverse_temperature,8.257214794634034,5.7708350386592375,5.31621673026931
Bari2019,synth189,biasL,0.9944517129350854,0.9643786465819336,0.5019550660819537
Bari2019,synth189,choice_kernel_relative_weight,0.1276107945190502,0.1276107945190502,0.2145565205726564
Bari2019,synth189,forget_rate_unchosen,0.0013975811783077,0.0013975811783077,0.0
Bari2019,synth189,learn_rate,0.3207360455724077,0.342159276212967,0.5900382998877958
Bari2019,synth189,softmax_inverse_temperature,14.039888822254618,14.461717737476471,8.990334735701907
Bari2019,synth192,biasL,1.484194678784808,1.4647660332322552,0.9188222139214152
Bari2019,synth192,choice_kernel_relative_weight,0.3291719411652234,0.3291719411652234,0.6980662861603228
Bari2019,synth192,forget_rate_unchosen,0.0769801215291066,0.0769801215291066,0.0
Bari2019,synth192,learn_rate,0.8617539780087461,0.8179075832417647,0.8677825998251406
Bari2019,synth192,softmax_inverse_temperature,13.816149645758555,14.386981294830123,5.797249881315075
Bari2019,synth195,biasL,-0.2387943498339319,-0.2764810310940295,-0.1376454224422127
Bari2019,synth195,choice_kernel_relative_weight,0.0314397184500077,0.0314397184500077,0.1315965055759812
Bari2019,synth195,forget_rate_unchosen,0.2548735086923552,0.2548735086923552,0.1963209764777203
Bari2019,synth195,learn_rate,0.4146136664588114,0.4443662786743622,0.5255426427531273
Bari2019,synth195,softmax_inverse_temperature,5.2869423596121,4.715027197456642,2.87377022108119
Bari2019,synth198,biasL,1.3444432595774924,1.0661445670394478,0.7622590020246882
Bari2019,synth198,choice_kernel_relative_weight,0.3398650420022239,0.3398650420022239,0.5959828561208889
Bari2019,synth198,forget_rate_unchosen,0.2475426119429028,0.2475426119429028,0.0147467520633711
Bari2019,synth198,learn_rate,0.2365660516131126,0.3071100198123003,0.4665187709355974
Bari2019,synth198,softmax_inverse_temperature,9.421490406472063,6.918609219025355,3.4827926658020383
Hattori2019,synth001,biasL,-0.1081577274109394,-0.3249250373459542,-0.1015751098321926
Hattori2019,synth001,learn_rate_rew,0.902759627592604,0.8432911148500553,0.1456268836385752
Hattori2019,synth001,learn_rate_unrew,0.1243415025462637,0.2228929090043875,0.0567893185067982
Hattori2019,synth001,softmax_inverse_temperature,3.784083228046779,4.419803306586501,4.67754581640259
Hattori2019,synth004,biasL,0.3734191796474645,0.3978153040732133,0.3265438010617962
Hattori2019,synth004,learn_rate_rew,0.8598280086894597,0.783238017914546,0.9121032315440716
Hattori2019,synth004,learn_rate_unrew,0.5402472615599703,0.549953484756947,0.4142518437188947
Hattori2019,synth004,softmax_inverse_temperature,8.30987770082419,5.691423435619837,3.7600482647944977
Hattori2019,synth007,biasL,-0.0944002559823641,-0.065043268351129,-0.016165738967427
Hattori2019,synth007,learn_rate_rew,0.2299847565601505,0.1948042863800888,0.5141566284401347
Hattori2019,synth007,learn_rate_unrew,0.6207431097729567,0.5594218274707683,0.4790106590894764
Hattori2019,synth007,softmax_inverse_temperature,7.634911598901553,8.940113122514465,5.576956196348394
Hattori2019,synth010,biasL,-0.3269334019549894,-0.2211316906413669,-0.1825713490530316
Hattori2019,synth010,learn_rate_rew,0.6430440563049125,0.6122306618966619,0.7830540741034051
Hattori2019,synth010,learn_rate_unrew,0.1878262129320447,0.1750488166559587,0.1129774172984636
Hattori2019,synth010,softmax_inverse_temperature,10.993297091493409,11.73112097255042,7.6229603623889135
Hattori2019,synth013,biasL,-1.4358586115420515,-1.4166212004637075,-0.7922661125617622
Hattori2019,synth013,learn_rate_rew,0.1946907954986952,0.1134716164284046,0.4585423792359273
Hattori2019,synth013,learn_rate_unrew,0.2895668255440272,0.3423326692658091,0.2580591629257154
Hattori2019,synth013,softmax_inverse_temperature,3.663421333427965,5.895582273824417,4.200841703488806
Hattori2019,synth016,biasL,0.4983617763989102,0.4640453460101323,0.3079617155513341
Hattori2019,synth016,learn_rate_rew,0.3807261352758487,0.3614108241848592,0.6612870690823371
Hattori2019,synth016,learn_rate_unrew,0.5754575319306088,0.5100667189688508,0.4720697657378602
Hattori2019,synth016,softmax_inverse_temperature,13.3513196197761,13.888221360298932,11.3540638265226
Hattori2019,synth019,biasL,-0.7564824872338823,-0.7455717561637487,-0.273818177140063
Hattori2019,synth019,learn_rate_rew,0.7826202609023489,0.7719953535076296,0.6837799976430037
Hattori2019,synth019,learn_rate_unrew,0.1167215602989788,0.0647676846675089,0.0486737192316414
Hattori2019,synth019,softmax_inverse_temperature,16.131293586108654,14.515645793690824,9.59104982786734
Hattori2019,synth022,biasL,-0.7673678194497472,-0.7421544876643084,-0.4422707602960692
Hattori2019,synth022,learn_rate_rew,0.1635950312014116,0.2132408994446758,0.5174116334419859
Hattori2019,synth022,learn_rate_unrew,0.1873651391580418,0.1895509420665022,0.1202496103079952
Hattori2019,synth022,softmax_inverse_temperature,12.324374091189064,13.334297260113658,7.962414185151269
Hattori2019,synth025,biasL,1.4778532001657112,1.3900652322195066,0.3844896724439784
Hattori2019,synth025,learn_rate_rew,0.7677228040076413,0.7248977305472825,0.146861993437289
Hattori2019,synth025,learn_rate_unrew,0.3095725756685477,0.1408683548214059,0.0206664424206364
Hattori2019,synth025,softmax_inverse_temperature,4.04097975629648,5.070010506050736,4.71660360905078
Hattori2019,synth028,biasL,0.602078655067789,0.7698752072808759,0.3937104924855864
Hattori2019,synth028,learn_rate_rew,0.6946751393388189,0.7435721126311883,1.0
Hattori2019,synth028,learn_rate_unrew,0.1500239362810072,0.1606467348904562,0.1123713711655012
Hattori2019,synth028,softmax_inverse_temperature,9.574076852082603,8.322618971950648,6.180324686645377
Hattori2019,synth031,biasL,0.3317684325812898,0.2940577395303676,0.1255698859482788
Hattori2019,synth031,learn_rate_rew,0.1698317878600487,0.1436878834816055,0.1590539835656977
Hattori2019,synth031,learn_rate_unrew,0.2482431506116291,0.2529200637372387,0.1324628172591326
Hattori2019,synth031,softmax_inverse_temperature,4.130514410327645,5.751649691510526,4.704861233615369
Hattori2019,synth034,biasL,0.6467588860592622,0.3885719043337456,0.2237768567479237
Hattori2019,synth034,learn_rate_rew,0.7213392282458482,0.6350436036915882,0.8139888194061342
Hattori2019,synth034,learn_rate_unrew,0.5472761560185198,0.4969264949051756,0.4760175572028727
Hattori2019,synth034,softmax_inverse_temperature,13.031622505608638,13.291321322525947,11.01371386724895
Hattori2019,synth037,biasL,1.3350442482624305,1.0207984928244755,0.3471626252968077
Hattori2019,synth037,learn_rate_rew,0.6795239533537929,0.7024206075418282,0.1928391532035364
Hattori2019,synth037,learn_rate_unrew,0.2623747538235334,0.2260214318005943,0.0475576907364385
Hattori2019,synth037,softmax_inverse_temperature,5.208761003805384,4.8791514703621415,4.411438037621223
Hattori2019,synth040,biasL,1.0564352288041374,1.0906104817897615,0.8657787929681652
Hattori2019,synth040,learn_rate_rew,0.508294289263943,0.5321547756504502,0.7803305102753026
Hattori2019,synth040,learn_rate_unrew,0.4726185497744027,0.4738780929318817,0.4424763157081383
Hattori2019,synth040,softmax_inverse_temperature,13.374030244252312,14.353643106860988,12.386210626310085
Hattori2019,synth043,biasL,-0.2484645513199285,-0.1343897413132828,-0.0967412060480919
Hattori2019,synth043,learn_rate_rew,0.1581470747751124,0.227210732752158,0.5817629978594577
Hattori2019,synth043,learn_rate_unrew,0.443542416328416,0.4832447290063001,0.3864555553140523
Hattori2019,synth043,softmax_inverse_temperature,5.702703717270701,7.682535973776911,5.289791108373097
Hattori2019,synth046,biasL,1.0151281584023564,1.1474558486554862,0.6873217232867657
Hattori2019,synth046,learn_rate_rew,0.3200474824693718,0.3152170216095793,0.6370964644824676
Hattori2019,synth046,learn_rate_unrew,0.3623449223261341,0.3340755130418325,0.3012833835853419
Hattori2019,synth046,softmax_inverse_temperature,11.045865016418986,11.317595344646843,7.871987858202703
Hattori2019,synth049,biasL,0.8787358801698071,0.9628871801774652,0.5181914542268353
Hattori2019,synth049,learn_rate_rew,0.9041037034697544,0.8368263693450427,0.9021383080550804
Hattori2019,synth049,learn_rate_unrew,0.5336712962715471,0.4872127438312011,0.3114111954573348
Hattori2019,synth049,softmax_inverse_temperature,1.5838255657394429,3.5866463217739843,2.780806330956952
Hattori2019,synth052,biasL,0.9647517477752492,1.0801412725721544,0.685653569574052
Hattori2019,synth052,learn_rate_rew,0.2527769803344259,0.2827284384380114,0.613043765838015
Hattori2019,synth052,learn_rate_unrew,0.3654986266323182,0.3589467688389838,0.3118158342716486
Hattori2019,synth052,softmax_inverse_temperature,14.262844447802811,13.777600356748046,9.8668812827051
Hattori2019,synth055,biasL,-0.3316676120410278,-0.2573353878133313,-0.1482005086018191
Hattori2019,synth055,learn_rate_rew,0.5207249936051351,0.5377353831278294,0.0945839962959627
Hattori2019,synth055,learn_rate_unrew,0.5754358835328582,0.5945797115376588,0.2960030258156167
Hattori2019,synth055,softmax_inverse_temperature,0.0,2.125705153670481,5.539346421598302
Hattori2019,synth058,biasL,0.6519604744387996,0.6938585616072852,0.3888224751067985
Hattori2019,synth058,learn_rate_rew,0.3287153514761001,0.3405848329107975,0.6632964371468887
Hattori2019,synth058,learn_rate_unrew,0.5053410270414079,0.5205646097415483,0.464822931196742
Hattori2019,synth058,softmax_inverse_temperature,8.504539328301139,9.112091141631783,6.816608340984987
Hattori2019,synth061,biasL,-0.0927816263793545,0.2078468268606381,0.0408244914111008
Hattori2019,synth061,learn_rate_rew,0.354197289347947,0.3271278940496042,0.1108906709501585
Hattori2019,synth061,learn_rate_unrew,0.2062965248072124,0.2705923819456105,0.0856958263414869
Hattori2019,synth061,softmax_inverse_temperature,1.340867949775291,3.439069651445638,5.073340530918568
Hattori2019,synth064,biasL,1.1125705631839224,1.3990880756199866,0.8634774978469495
Hattori2019,synth064,learn_rate_rew,0.3806192608939447,0.4117702493056006,0.6644188392921709
Hattori2019,synth064,learn_rate_unrew,0.4114628653927261,0.4326797976597102,0.4341679879217344
Hattori2019,synth064,softmax_inverse_temperature,13.066572115980406,12.014250499171991,10.812148162105789
Hattori2019,synth067,biasL,0.3002216363862791,0.2444321143843928,0.0915708816965523
Hattori2019,synth067,learn_rate_rew,0.8231225830962817,0.7390803173111262,0.6325401162682764
Hattori2019,synth067,learn_rate_unrew,0.3417302850140474,0.3760754249095951,0.2460986147637704
Hattori2019,synth067,softmax_inverse_temperature,8.259837418075943,8.151491380770244,4.9104114614095
Hattori2019,synth070,biasL,-0.554711734762167,-0.560295017942591,-0.3901223801845728
Hattori2019,synth070,learn_rate_rew,0.512300158698132,0.5656832268765042,0.8506647126630141
Hattori2019,synth070,learn_rate_unrew,0.4467111230806335,0.4892249111242353,0.4135407542064523
Hattori2019,synth070,softmax_inverse_temperature,9.629798850793984,10.091988560407698,6.3387864574305075
Hattori2019,synth073,biasL,-0.719389330550072,-0.8565487288232907,-0.5055654555470365
Hattori2019,synth073,learn_rate_rew,0.8710334512252114,0.8805023704287666,0.9808177874652334
Hattori2019,synth073,learn_rate_unrew,0.395565486346611,0.3543181759193675,0.296378619747364
Hattori2019,synth073,softmax_inverse_temperature,10.340426933310791,8.74227280953119,6.821032179947053
Hattori2019,synth076,biasL,0.1886668380026391,0.3273663452125244,0.2067257578340184
Hattori2019,synth076,learn_rate_rew,0.8520824842621895,0.8882945680210298,1.0
Hattori2019,synth076,learn_rate_unrew,0.1154515642860148,0.129310390282914,0.1048233249842969
Hattori2019,synth076,softmax_inverse_temperature,7.845000019313255,10.105245306085113,7.11357971174525
Hattori2019,synth079,biasL,-0.6970580911971369,-0.731220670538792,-0.36063720179822
Hattori2019,synth079,learn_rate_rew,0.385223379282418,0.3914591876215046,0.7171515191670019
Hattori2019,synth079,learn_rate_unrew,0.4474042376933453,0.4051968854807257,0.2664154777277972
Hattori2019,synth079,softmax_inverse_temperature,3.503271571820493,4.6119918720590425,3.2802644754264323
Hattori2019,synth082,biasL,0.5411140746647166,0.7160027420677091,0.3794311121608029
Hattori2019,synth082,learn_rate_rew,0.2926339316222482,0.3495672025584933,0.7377149669700854
Hattori2019,synth082,learn_rate_unrew,0.4032572934324101,0.3417312085619894,0.2868621657494986
Hattori2019,synth082,softmax_inverse_temperature,8.018495311500052,8.06055346823477,5.588861122116478
Hattori2019,synth085,biasL,-1.3226432997743691,-1.2419373905608944,-0.4573609487118171
Hattori2019,synth085,learn_rate_rew,0.211024166882426,0.1626597762287256,0.1260796810477544
Hattori2019,synth085,learn_rate_unrew,0.1825975395919933,0.1813069392099996,0.0490744318253923
Hattori2019,synth085,softmax_inverse_temperature,3.381001440904738,4.763616560110412,4.741729970181237
Hattori2019,synth088,biasL,-1.134709975134324,-0.9290230896849956,-0.5960692913502562
Hattori2019,synth088,learn_rate_rew,0.1460238271876398,0.1162390775584225,0.4070323877999669
Hattori2019,synth088,learn_rate_unrew,0.4635160162167191,0.3912954696863755,0.3349813475983325
Hattori2019,synth088,softmax_inverse_temperature,13.690530305009888,12.2001579286853,8.385954212122046
Hattori2019,synth091,biasL,-0.2168593306619546,-0.0895551337970355,-0.0964804637159324
Hattori2019,synth091,learn_rate_rew,0.25140863874732,0.2287198315792195,0.5751962009131686
Hattori2019,synth091,learn_rate_unrew,0.2605623080756529,0.2790351937334481,0.218020920985678
Hattori2019,synth091,softmax_inverse_temperature,10.877155722197116,10.774383182718566,7.831443412597091
Hattori2019,synth094,biasL,0.1713912489402284,0.0711711100524572,0.0313620618848406
Hattori2019,synth094,learn_rate_rew,0.1265531733053366,0.1816217624399942,0.49219199930309
Hattori2019,synth094,learn_rate_unrew,0.4133161701043286,0.3630677633703656,0.3201347707303763
Hattori2019,synth094,softmax_inverse_temperature,8.97822798409223,9.346188373957254,6.132224266896478
Hattori2019,synth097,biasL,-0.4025745105617749,-0.3818350768465031,-0.073323742681461
Hattori2019,synth097,learn_rate_rew,0.5068903170021798,0.4886622717551693,0.1390843167249909
Hattori2019,synth097,learn_rate_unrew,0.0779225926818596,0.0767826510402197,0.0114784955253457
Hattori2019,synth097,softmax_inverse_temperature,9.687801371729009,8.595213749495297,5.549731096643227
Hattori2019,synth100,biasL,-0.9218370274061696,-0.971378773548718,-0.6526043137545369
Hattori2019,synth100,learn_rate_rew,0.1330981142631009,0.1584532497940109,0.4039480547304372
Hattori2019,synth100,learn_rate_unrew,0.3663522612865948,0.4057062361331454,0.3534706623289561
Hattori2019,synth100,softmax_inverse_temperature,12.17781221017366,12.50971579206174,9.57827447304907
Hattori2019,synth103,biasL,0.5041758429213329,0.7049282304145841,0.2310004493254388
Hattori2019,synth103,learn_rate_rew,0.266792832769708,0.3691735552763647,0.6262983548800842
Hattori2019,synth103,learn_rate_unrew,0.1567814184483926,0.1341937625914921,0.0864964635771695
Hattori2019,synth103,softmax_inverse_temperature,9.603025557545974,10.539272098033228,6.655410048190036
Hattori2019,synth106,biasL,-1.0871505289089622,-1.018043047345909,-0.7243532107612932
Hattori2019,synth106,learn_rate_rew,0.7374063354614622,0.733237482008488,1.0
Hattori2019,synth106,learn_rate_unrew,0.0650540427343362,0.0538164497591756,0.049650071180323
Hattori2019,synth106,softmax_inverse_temperature,9.09728328364047,9.96600459224194,5.874754023159977
Hattori2019,synth109,biasL,-0.348269612403346,-0.6409697350857293,-0.1660760761429828
Hattori2019,synth109,learn_rate_rew,0.8166245508242034,0.8440968461702351,0.1517095650084861
Hattori2019,synth109,learn_rate_unrew,0.3267715107274055,0.2970900185503246,0.0858564984494846
Hattori2019,synth109,softmax_inverse_temperature,5.574691524558125,4.789614541162052,4.717983142415636
Hattori2019,synth112,biasL,-0.6888686105206763,-0.9327877852651986,-0.5564953749220194
Hattori2019,synth112,learn_rate_rew,0.2142507831438303,0.2637568957300045,0.6799555029335597
Hattori2019,synth112,learn_rate_unrew,0.3585312492737378,0.3610369379882705,0.2636402265992017
Hattori2019,synth112,softmax_inverse_temperature,7.8097037047690545,8.338638027646878,5.003366260391351
Hattori2019,synth115,biasL,-0.6958925104770007,-0.510895887369802,-0.2742380930373838
Hattori2019,synth115,learn_rate_rew,0.8547987566697751,0.8447474933757507,0.9333951988486948
Hattori2019,synth115,learn_rate_unrew,0.4505369163059027,0.4728189705577306,0.3601831867624284
Hattori2019,synth115,softmax_inverse_temperature,11.87919725801341,11.941008473405288,7.21659378926773
Hattori2019,synth118,biasL,-1.295260236428135,-0.9998246370967668,-0.6184425855169408
Hattori2019,synth118,learn_rate_rew,0.3693985813215677,0.3330762478512319,0.700562775973904
Hattori2019,synth118,learn_rate_unrew,0.3045581919779253,0.2855653711177843,0.2364727845418788
Hattori2019,synth118,softmax_inverse_temperature,7.494925913176507,9.473354079210566,6.756052888000746
Hattori2019,synth121,biasL,1.185950695033677,1.237672917553978,0.847739312738669
Hattori2019,synth121,learn_rate_rew,0.2551224427199366,0.2833653992792516,0.5744670933038826
Hattori2019,synth121,learn_rate_unrew,0.5120140707546803,0.4934575146658346,0.445412280242309
Hattori2019,synth121,softmax_inverse_temperature,11.280016670978393,11.512000386839794,9.11706129581561
Hattori2019,synth124,biasL,-0.9706868919446288,-0.8561287908634363,-0.4577237276644963
Hattori2019,synth124,learn_rate_rew,0.4965658013393879,0.5551339224028712,0.9638122956176006
Hattori2019,synth124,learn_rate_unrew,0.5029132841238384,0.5111284448630937,0.3279890612110113
Hattori2019,synth124,softmax_inverse_temperature,6.3451207880960965,6.916032865357669,3.6843139031774896
Hattori2019,synth127,biasL,-0.0295553591563888,0.0128800989862223,0.0787052367192586
Hattori2019,synth127,learn_rate_rew,0.5296471926510709,0.4920475067740903,0.8644382975761483
Hattori2019,synth127,learn_rate_unrew,0.2720084618566,0.2017400840645991,0.1553647214700969
Hattori2019,synth127,softmax_inverse_temperature,9.88025401467796,9.836543642379755,7.192783590487546
Hattori2019,synth130,biasL,0.4198764860837988,0.230283893688783,0.0986120231725393
Hattori2019,synth130,learn_rate_rew,0.7802409467540954,0.7435033414360119,1.0
Hattori2019,synth130,learn_rate_unrew,0.5936452913711451,0.5722483504849525,0.505757540956011
Hattori2019,synth130,softmax_inverse_temperature,7.850276811075955,10.728875558254732,7.553003839883232
Hattori2019,synth133,biasL,-0.1526826225094508,-0.3210041953057589,-0.3237055878182304
Hattori2019,synth133,learn_rate_rew,0.4261457010043368,0.3915643267814994,0.746582157898479
Hattori2019,synth133,learn_rate_unrew,0.248754313524867,0.2266181058121532,0.1888979439343464
Hattori2019,synth133,softmax_inverse_temperature,16.61156814214982,14.170832525071258,10.277607709393212
Hattori2019,synth136,biasL,1.353348196405482,1.1660082380306689,0.3449285608131546
Hattori2019,synth136,learn_rate_rew,0.1517468036216847,0.2023407441641113,0.0983894088753261
Hattori2019,synth136,learn_rate_unrew,0.1046602945723408,0.13112632673784,0.0292672625119441
Hattori2019,synth136,softmax_inverse_temperature,3.92574315611589,3.3197437985939047,4.61796275576543
Hattori2019,synth139,biasL,1.5542648154483958,1.430947921567015,0.9453348260219808
Hattori2019,synth139,learn_rate_rew,0.1805175220947864,0.1916656716375731,0.5431581316884468
Hattori2019,synth139,learn_rate_unrew,0.521463987932471,0.5236971424131244,0.465531292435055
Hattori2019,synth139,softmax_inverse_temperature,9.088979359234807,8.773462998602835,6.043742797028728
Hattori2019,synth142,biasL,-0.027714405912525,-0.0271862864609893,-0.0499154953360056
Hattori2019,synth142,learn_rate_rew,0.8456816987204351,0.7839715031067215,0.1175679183161286
Hattori2019,synth142,learn_rate_unrew,0.0587961130124959,0.1078477934344079,0.001156228275507
Hattori2019,synth142,softmax_inverse_temperature,3.0245214430036755,2.501851686225534,4.0788293880646
Hattori2019,synth145,biasL,1.134617353751228,1.1997300558002126,0.7804183192015676
Hattori2019,synth145,learn_rate_rew,0.3172646914599025,0.2950450980474345,0.6595448815962404
Hattori2019,synth145,learn_rate_unrew,0.436375584693,0.4135848542607158,0.3745807339767076
Hattori2019,synth145,softmax_inverse_temperature,6.4731931274280345,8.604351278008865,6.2396404467720386
Hattori2019,synth148,biasL,-1.2633777061952016,-1.16545597727792,-0.7295581020714861
Hattori2019,synth148,learn_rate_rew,0.4561452705640695,0.4867938184126874,0.8586058690158556
Hattori2019,synth148,learn_rate_unrew,0.423741842617566,0.3421164451476788,0.293704839357961
Hattori2019,synth148,softmax_inverse_temperature,13.102367186082974,11.737080420898993,8.625814290435146
Hattori2019,synth151,biasL,-0.5629405776254257,-0.7340247812326517,-0.2986756855518895
Hattori2019,synth151,learn_rate_rew,0.8878720085609314,0.8872843213993953,0.1398149049946948
Hattori2019,synth151,learn_rate_unrew,0.1145915011103059,0.121348831976763,0.0144189902355904
Hattori2019,synth151,softmax_inverse_temperature,4.7907923266255805,5.218565601796003,4.844034584097949
Hattori2019,synth154,biasL,-1.0253211135720055,-1.1879384698707114,-0.778236256908998
Hattori2019,synth154,learn_rate_rew,0.512518848667698,0.5403869252109902,0.8181239732186851
Hattori2019,synth154,learn_rate_unrew,0.4208751848317226,0.4267858292210659,0.383851588265943
Hattori2019,synth154,softmax_inverse_temperature,5.920603259625785,10.341050434557983,8.507142335633867
Hattori2019,synth157,biasL,0.2353186110958567,0.2643552249491927,-0.050595513379824
Hattori2019,synth157,learn_rate_rew,0.1238682551394616,0.1040395562320502,0.3952961420291879
Hattori2019,synth157,learn_rate_unrew,0.227665235666323,0.1211853438806508,0.0779859951050543
Hattori2019,synth157,softmax_inverse_temperature,9.712970481829698,8.76412996929357,5.671209217386478
Hattori2019,synth160,biasL,-0.9808402090231766,-0.8476598649779111,-0.556992576352267
Hattori2019,synth160,learn_rate_rew,0.5369214047250341,0.5184266131805143,0.8076368461931204
Hattori2019,synth160,learn_rate_unrew,0.4735719571567844,0.3907457205426013,0.3547741734689962
Hattori2019,synth160,softmax_inverse_temperature,9.791772007589552,12.03375846409882,8.971575701468439
Hattori2019,synth163,biasL,-1.151492468708767,-0.9529403536511244,-0.3190216841024037
Hattori2019,synth163,learn_rate_rew,0.6947039844974493,0.7073826442261417,0.0788682340781849
Hattori2019,synth163,learn_rate_unrew,0.182556008218182,0.0955335331690741,0.006221547400575
Hattori2019,synth163,softmax_inverse_temperature,5.649172332734089,5.619583719452551,5.466626225191621
Hattori2019,synth166,biasL,1.2475769735395512,1.2925378574548283,0.7741182024787129
Hattori2019,synth166,learn_rate_rew,0.5981151369387654,0.5406892809541458,0.7991323720031197
Hattori2019,synth166,learn_rate_unrew,0.5057769622004193,0.4796721406077827,0.4342395351462526
Hattori2019,synth166,softmax_inverse_temperature,15.360194545616569,14.907876201177128,11.020694036244562
Hattori2019,synth169,biasL,1.303862851796212,1.2391339894921627,0.4719030346334179
Hattori2019,synth169,learn_rate_rew,0.6152620484498945,0.5942794663063626,0.2484610250917815
Hattori2019,synth169,learn_rate_unrew,0.541724118171317,0.5285279014960897,0.2481782836187756
Hattori2019,synth169,softmax_inverse_temperature,6.991864409040432,5.051059262031958,4.276685008970165
Hattori2019,synth172,biasL,-1.2458483375155829,-1.4446566184762566,-0.7716187316928057
Hattori2019,synth172,learn_rate_rew,0.5217833726590172,0.5191764347212007,0.9454997145702292
Hattori2019,synth172,learn_rate_unrew,0.3618745031720238,0.3140406512958872,0.1973673739475175
Hattori2019,synth172,softmax_inverse_temperature,5.469489759887937,7.147276990070107,4.234559738811959
Hattori2019,synth175,biasL,1.2495875517030923,1.1879286432095006,0.6468815291560345
Hattori2019,synth175,learn_rate_rew,0.3957054084415636,0.3634800531641992,0.7760756797936607
Hattori2019,synth175,learn_rate_unrew,0.2936002166092627,0.3119101652964791,0.2355460868123537
Hattori2019,synth175,softmax_inverse_temperature,6.194856319315164,7.910998154029224,4.838164084164778
Hattori2019,synth178,biasL,1.5126221987726152,1.462361059588431,0.4993422711698621
Hattori2019,synth178,learn_rate_rew,0.5700674113416572,0.5799192453233896,0.2487888762449458
Hattori2019,synth178,learn_rate_unrew,0.3307773979917314,0.3243083119863517,0.1030778682987765
Hattori2019,synth178,softmax_inverse_temperature,3.220594482873166,4.8472513928244005,4.121307605826567
Hattori2019,synth181,biasL,0.0289461898920066,0.1538020287332444,0.0518810332136158
Hattori2019,synth181,learn_rate_rew,0.2346904481590174,0.19469131675985,0.1025348325027025
Hattori2019,synth181,learn_rate_unrew,0.2236235889087237,0.1511069110131353,0.040231132040852
Hattori2019,synth181,softmax_inverse_temperature,4.025019803285716,4.520626604134543,5.361677415804169
Hattori2019,synth184,biasL,-1.2030544689627232,-1.2904323764375087,-0.856487420226035
Hattori2019,synth184,learn_rate_rew,0.5686796571119935,0.595527524918546,0.8712171403289033
Hattori2019,synth184,learn_rate_unrew,0.6039111458150271,0.5799208220970338,0.5282164583179565
Hattori2019,synth184,softmax_inverse_temperature,10.092897787729491,11.394552650063792,8.747413519477453
Hattori2019,synth187,biasL,0.7227244338017536,0.6155427133520832,0.172559673163208
Hattori2019,synth187,learn_rate_rew,0.5030535377977502,0.4896297177561156,0.0720273999808652
Hattori2019,synth187,learn_rate_unrew,0.1259773642528091,0.0810470973896213,0.0065137261317496
Hattori2019,synth187,softmax_inverse_temperature,5.872520315673441,4.006538487581656,5.401390208305424
Hattori2019,synth190,biasL,1.2156257236035108,1.3774825883011736,0.8460362611210616
Hattori2019,synth190,learn_rate_rew,0.6576142065149888,0.6346725394837113,0.9546157675238502
Hattori2019,synth190,learn_rate_unrew,0.2534178274773927,0.2887727034202349,0.2099720643944152
Hattori2019,synth190,softmax_inverse_temperature,5.136565511758512,6.996068149798244,4.631527094618259
Hattori2019,synth193,biasL,0.2496421272887504,0.6850866732816958,0.3835892538249639
Hattori2019,synth193,learn_rate_rew,0.4174301934620902,0.4071159364768748,0.8436298474384709
Hattori2019,synth193,learn_rate_unrew,0.1691922157313125,0.178208865515509,0.1304718988858748
Hattori2019,synth193,softmax_inverse_temperature,8.78852688327602,9.048029277274452,5.401097037680267
Hattori2019,synth196,biasL,-1.1842957378154444,-1.0955593260590075,-0.6103626492401419
Hattori2019,synth196,learn_rate_rew,0.1283008747269325,0.1434589375986115,0.4006861388178582
Hattori2019,synth196,learn_rate_unrew,0.4058891638413241,0.4813324752581162,0.3677707425942164
Hattori2019,synth196,softmax_inverse_temperature,5.783374114766575,8.098722933971821,5.721039932988482
Hattori2019,synth199,biasL,-0.1748790383132847,-0.0049242332278858,0.0357182372637859
Hattori2019,synth199,learn_rate_rew,0.7220354983461635,0.6766780495921205,0.147835457102943
Hattori2019,synth199,learn_rate_unrew,0.3519012008494259,0.3813476299946882,0.172136324965707
Hattori2019,synth199,softmax_inverse_temperature,4.743302537880771,4.9042815207881,4.9515818271131975
RescorlaWagner,synth002,biasL,-1.085214802922133,-1.0076742349654204,-3.246479948353027
RescorlaWagner,synth002,learn_rate,0.3369600058590548,0.3644574685774784,0.2524373123741679
RescorlaWagner,synth002,epsilon,0.3181476404752878,0.2824818887042609,0.3503846126744581
RescorlaWagner,synth005,biasL,0.6581405397928001,0.8320067440353425,0.7909343045675765
RescorlaWagner,synth005,learn_rate,0.4398632692422188,0.49592665381208,0.8703878359377816
RescorlaWagner,synth005,epsilon,0.2952844040148081,0.3253308284077471,0.3245192209600094
RescorlaWagner,synth008,biasL,-0.3567504967573627,-0.5740122004290368,-0.416208377419654
RescorlaWagner,synth008,learn_rate,0.0569018559243531,0.1384481563435658,0.379256421249128
RescorlaWagner,synth008,epsilon,0.2083490371616731,0.2135790655196918,0.3054808050478181
RescorlaWagner,synth011,biasL,0.6761694529311562,0.4614895433590507,0.4680902909169537
RescorlaWagner,synth011,learn_rate,0.4951418342060074,0.536668907932629,0.5560398575800473
RescorlaWagner,synth011,epsilon,0.0318481983595154,0.0326787493163364,0.0971153778862762
RescorlaWagner,synth014,biasL,1.3397766751713491,1.276060976786138,0.9256772616149622
RescorlaWagner,synth014,learn_rate,0.3164129209089199,0.3204744615541078,0.2843762830640353
RescorlaWagner,synth014,epsilon,0.1985105178587957,0.1715917295571895,0.1958653783605168
RescorlaWagner,synth017,biasL,0.7175746298477024,0.8185712030558889,0.8646539078847137
RescorlaWagner,synth017,learn_rate,0.5790759205228454,0.5128954272683077,0.925199600659178
RescorlaWagner,synth017,epsilon,0.1927804741057507,0.190647370167433,0.2065384256340804
RescorlaWagner,synth020,biasL,0.6588953464165006,0.79441944483602,0.7694953708543406
RescorlaWagner,synth020,learn_rate,0.4229381562236999,0.3553275503085191,0.3863849804806166
RescorlaWagner,synth020,epsilon,0.0958442930033614,0.0803165756397071,0.1059615322893571
RescorlaWagner,synth023,biasL,1.1225517650758503,1.3175617510773288,0.9653090752777328
RescorlaWagner,synth023,learn_rate,0.5569165365953855,0.6027123084476487,0.3979833725979148
RescorlaWagner,synth023,epsilon,0.0316589438116414,0.0386178035179694,0.0600961559570687
RescorlaWagner,synth026,biasL,-1.1185366710792597,-1.0223628064757757,-0.6993515690349372
RescorlaWagner,synth026,learn_rate,0.027690052279596,0.1196383004146141,0.2648254468417156
RescorlaWagner,synth026,epsilon,0.1905555653951791,0.1913720114296695,0.217115377593641
RescorlaWagner,synth029,biasL,-0.0033640022155758,0.1478100289159889,0.6442886358105282
RescorlaWagner,synth029,learn_rate,0.8151155312001698,0.8035167306323002,0.9786210666491691
RescorlaWagner,synth029,epsilon,0.2164760816497291,0.1920721910388366,0.471346164401596
RescorlaWagner,synth032,biasL,-0.2252823979229103,-0.4540891715377673,-0.374026286939641
RescorlaWagner,synth032,learn_rate,0.635218454994828,0.5683790657802898,0.8730278557354922
RescorlaWagner,synth032,epsilon,0.1687998709929155,0.1742781951791693,0.2182692261782151
RescorlaWagner,synth035,biasL,0.9503453172899357,0.9842455845933582,0.7913820008114414
RescorlaWagner,synth035,learn_rate,0.3820975266463122,0.3978134929560565,0.5881224122217797
RescorlaWagner,synth035,epsilon,0.3254520017702553,0.3371961161851228,0.3717307749209884
RescorlaWagner,synth038,biasL,-1.0396088379682698,-1.467674685988472,-2.0595686915033884
RescorlaWagner,synth038,learn_rate,0.3080840130504395,0.3219052060537202,0.495557061670897
RescorlaWagner,synth038,epsilon,0.086451809619747,0.1035131752340262,0.1205769186400359
RescorlaWagner,synth041,biasL,0.9619134070012032,0.973965487926983,0.7681776190524681
RescorlaWagner,synth041,learn_rate,0.66848976127976,0.617012050299566,0.8229687493355211
RescorlaWagner,synth041,epsilon,0.2869436776062195,0.3020191246957794,0.3065384498580003
RescorlaWagner,synth044,biasL,-0.8423337606389943,-0.8733934971695806,-2.0771401458411924
RescorlaWagner,synth044,learn_rate,0.0585911266934834,0.1390062306342876,0.7791320526872323
RescorlaWagner,synth044,epsilon,0.1762545409938295,0.1811982188539749,0.2524999928049183
RescorlaWagner,synth047,biasL,1.3055560106181927,1.345297823341712,3.3776743977956714
RescorlaWagner,synth047,learn_rate,0.8896132884446196,0.8948393022848461,0.2672781183222318
RescorlaWagner,synth047,epsilon,0.0900517074752556,0.0716997819556448,0.1017767908613944
RescorlaWagner,synth050,biasL,-0.2281949055961058,0.0842737907074613,6.751037938679261e-06
RescorlaWagner,synth050,learn_rate,0.8193086162166701,0.7383592974020272,1.451703624977263e-05
RescorlaWagner,synth050,epsilon,0.041507860332351,0.051844771864496,0.1518269635584897
RescorlaWagner,synth053,biasL,-0.8284542102540625,-0.7303522927189752,-0.4403015594602172
RescorlaWagner,synth053,learn_rate,0.4030784379082102,0.4948180243830051,0.5898902896833814
RescorlaWagner,synth053,epsilon,0.2356151179568817,0.2095368055686811,0.2081730833684825
RescorlaWagner,synth056,biasL,1.2538214911403245,1.2644999561215091,3.892611521453193
RescorlaWagner,synth056,learn_rate,0.8927590577364863,0.8821782092569863,0.1329381762718534
RescorlaWagner,synth056,epsilon,0.0793705835132772,0.0728231994705771,0.1253846074261309
RescorlaWagner,synth059,biasL,-0.8922185879697415,-1.0367800392079318,-0.9745944050272364
RescorlaWagner,synth059,learn_rate,0.2153499162042224,0.2648358959886957,0.557928632544881
RescorlaWagner,synth059,epsilon,0.1372680816113349,0.133587786022563,0.1992307658810012
RescorlaWagner,synth062,biasL,1.2349316185295507,1.3547577599311178,1.4392353817630776
RescorlaWagner,synth062,learn_rate,0.8031416207833372,0.8426007188048733,0.2665116021313926
RescorlaWagner,synth062,epsilon,0.2827506739328687,0.2698424881321148,0.2941346050596022
RescorlaWagner,synth065,biasL,0.9183771238431702,0.973506533908692,0.793433358283081
RescorlaWagner,synth065,learn_rate,0.6010680811968991,0.5423160405323001,0.612484050849891
RescorlaWagner,synth065,epsilon,0.2540910495007721,0.2514309578485043,0.2735577046594765
RescorlaWagner,synth068,biasL,0.3436954288259597,0.2972023527400309,0.4250777824148866
RescorlaWagner,synth068,learn_rate,0.8597164249379079,0.8815606903095577,0.828410971979458
RescorlaWagner,synth068,epsilon,0.2597564691117209,0.2628528013918831,0.3960576445670893
RescorlaWagner,synth071,biasL,-1.3096562939018466,-1.254103905845806,-4.984798920884681
RescorlaWagner,synth071,learn_rate,0.86146313951057,0.8830247956120546,0.2493853623821748
RescorlaWagner,synth071,epsilon,0.1112612540932739,0.0790179358386271,0.1245192301468428
RescorlaWagner,synth074,biasL,-0.9955891921028848,-0.9599023154772311,-0.2008492982222315
RescorlaWagner,synth074,learn_rate,0.7548080758731496,0.7498081282951816,0.897499533982253
RescorlaWagner,synth074,epsilon,0.1331339099940534,0.1545188690765245,0.1901923038241464
RescorlaWagner,synth077,biasL,0.106842523902624,-0.1612746233954922,-0.2572897839978522
RescorlaWagner,synth077,learn_rate,0.6508655610579315,0.5784728919340968,0.7006442905349807
RescorlaWagner,synth077,epsilon,0.2801457690231238,0.2662176371243112,0.394903796294306
RescorlaWagner,synth080,biasL,-0.7738018327909574,-0.9805487701029574,-0.7170667776603934
RescorlaWagner,synth080,learn_rate,0.2363830664876743,0.1884635292132421,0.2185899318270415
RescorlaWagner,synth080,epsilon,0.1067938340699857,0.1232133186564593,0.1592307630293665
RescorlaWagner,synth083,biasL,-0.6958761398452915,-0.7318819972379372,-0.3256845059508845
RescorlaWagner,synth083,learn_rate,0.6929214851434393,0.6832814104051443,0.7104930371181507
RescorlaWagner,synth083,epsilon,0.091794557314487,0.1066514985405133,0.1554807647739835
RescorlaWagner,synth086,biasL,0.1901403621801037,0.0659225424546408,0.0874580378532552
RescorlaWagner,synth086,learn_rate,0.6049012664971887,0.6133875761193825,0.7748721636024232
RescorlaWagner,synth086,epsilon,0.2677355469682997,0.2962846172868342,0.5058653960984291
RescorlaWagner,synth089,biasL,-0.8573089458851468,-1.013603585537984,-0.4606476539959381
RescorlaWagner,synth089,learn_rate,0.7245208653297737,0.6927168366861918,0.7219429140891245
RescorlaWagner,synth089,epsilon,0.391348327194635,0.3415579031138387,0.3469230880015693
RescorlaWagner,synth092,biasL,-0.8192549456651911,-0.5661599088217963,-0.4682176623025719
RescorlaWagner,synth092,learn_rate,0.2050094583159754,0.1114438254795284,0.3821916387796081
RescorlaWagner,synth092,epsilon,0.1819596449520424,0.1599731838914989,0.250384614184062
RescorlaWagner,synth095,biasL,0.5966421800991442,0.323368346417793,0.2756283977785534
RescorlaWagner,synth095,learn_rate,0.6775203492434594,0.7583188011315697,0.9537252553811932
RescorlaWagner,synth095,epsilon,0.1490569998419055,0.1406086509983644,0.207788449020396
RescorlaWagner,synth098,biasL,1.3964200745522803,1.1950329325844748,0.7515848465812991
RescorlaWagner,synth098,learn_rate,0.835522822115309,0.8229509761860734,0.3024252041224293
RescorlaWagner,synth098,epsilon,0.0954722729684039,0.0932763918074495,0.1462499983372482
RescorlaWagner,synth101,biasL,-0.998837634122398,-1.0117873493843963,-0.6641708935039353
RescorlaWagner,synth101,learn_rate,0.1577900896377171,0.185900105022748,0.3710409180679936
RescorlaWagner,synth101,epsilon,0.3331823798759255,0.3259708335970558,0.3560577056812041
RescorlaWagner,synth104,biasL,0.9952089894725744,0.8267343160011102,0.8873577461047255
RescorlaWagner,synth104,learn_rate,0.1942211030896884,0.1936664458604419,0.5864499044235207
RescorlaWagner,synth104,epsilon,0.2606166716019762,0.2741708397894405,0.3034615385977819
RescorlaWagner,synth107,biasL,1.046387283785963,0.9196612562386628,0.9297098608796496
RescorlaWagner,synth107,learn_rate,0.0926673156366098,0.1530265392400654,0.3935635640384433
RescorlaWagner,synth107,epsilon,0.0437529843977252,0.0551308414114722,0.0878846102335238
RescorlaWagner,synth110,biasL,-0.0232580553898751,0.0039464715505168,-0.0100470573313704
RescorlaWagner,synth110,learn_rate,0.3098916680638686,0.4289604095063523,0.785981486218767
RescorlaWagner,synth110,epsilon,0.3456738095920704,0.3353360499752928,0.4887499753639061
RescorlaWagner,synth113,biasL,-1.0832420806374123,-1.3304787355562615,-2.132953478998347
RescorlaWagner,synth113,learn_rate,0.3539478917520613,0.3556137963757252,0.3175247637553127
RescorlaWagner,synth113,epsilon,0.3664107121689414,0.3448558986143645,0.3451923000200468
RescorlaWagner,synth116,biasL,1.1240313300614164,1.0194010401632507,0.8263833511322916
RescorlaWagner,synth116,learn_rate,0.4870031009355648,0.5008832900181236,0.3908861037847013
RescorlaWagner,synth116,epsilon,0.1004264638634076,0.0923550671320834,0.1512499982918705
RescorlaWagner,synth119,biasL,0.9563124574107256,1.0168982934942168,2.2700725784262032
RescorlaWagner,synth119,learn_rate,0.4794822178471049,0.5573771925022689,0.8436427506420514
RescorlaWagner,synth119,epsilon,0.0661765079454332,0.0767325515743968,0.1230769225020354
RescorlaWagner,synth122,biasL,-0.6055787588140309,-0.8406418653739476,-0.6204330725501883
RescorlaWagner,synth122,learn_rate,0.6972802933411711,0.6769152575948131,0.7616310071051171
RescorlaWagner,synth122,epsilon,0.1584623815678343,0.1419082570857152,0.1638461399557794
RescorlaWagner,synth125,biasL,0.2975659148085237,0.4095909866651797,0.300549747544937
RescorlaWagner,synth125,learn_rate,0.9168831600262538,0.8892750191654358,0.9467191392391736
RescorlaWagner,synth125,epsilon,0.2597262793635355,0.2693835662599116,0.2352884614053617
RescorlaWagner,synth128,biasL,-0.3292125536521614,-0.4566876157408086,-0.4726878947484736
RescorlaWagner,synth128,learn_rate,0.437728244462577,0.3765634265468043,0.5820447945659789
RescorlaWagner,synth128,epsilon,0.0740553922156283,0.0724521618220369,0.1594230772210822
RescorlaWagner,synth131,biasL,-0.4337067501566244,-0.3555520825452873,-0.3228927634234313
RescorlaWagner,synth131,learn_rate,0.8447088859030409,0.8299788072631924,0.8199814770288611
RescorlaWagner,synth131,epsilon,0.1195061269699698,0.1123650639987034,0.151442301497064
RescorlaWagner,synth134,biasL,-0.6331122366069194,-0.5271367528875546,-0.7713279406768991
RescorlaWagner,synth134,learn_rate,0.5810806813930012,0.6095960851404413,0.9358763367634748
RescorlaWagner,synth134,epsilon,0.2966528668233862,0.295303900131646,0.2691346167946849
RescorlaWagner,synth137,biasL,1.4316037820298049,1.4007896953735552,1.6105715488047956
RescorlaWagner,synth137,learn_rate,0.379388062325697,0.3185981740131081,0.1509062840564963
RescorlaWagner,synth137,epsilon,0.181869534273334,0.1518376505198316,0.1786538474514407
RescorlaWagner,synth140,biasL,-0.2149399771413101,-0.060456431157706,-0.0399890923062995
RescorlaWagner,synth140,learn_rate,0.3435208396075472,0.3342571379530753,0.659141653675561
RescorlaWagner,synth140,epsilon,0.0508692159961582,0.0541101088228669,0.2758653840353576
RescorlaWagner,synth143,biasL,-1.0265848826528572,-0.7451674851894745,-0.6601886832773302
RescorlaWagner,synth143,learn_rate,0.6660612361958883,0.6200038921993549,0.8120448549682674
RescorlaWagner,synth143,epsilon,0.1667747257026459,0.2163323496374923,0.2226923510925831
RescorlaWagner,synth146,biasL,1.23983798751483,1.2693289526951688,0.9050252160031812
RescorlaWagner,synth146,learn_rate,0.5943087347412682,0.6099409404238489,0.3267320383567365
RescorlaWagner,synth146,epsilon,0.1575683146362696,0.1181341173004671,0.1637500151864001
RescorlaWagner,synth149,biasL,1.0051111150026442,0.9248491386338272,4.300727140845558
RescorlaWagner,synth149,learn_rate,0.669615639321947,0.6633167469744845,0.4375305129343966
RescorlaWagner,synth149,epsilon,0.0510336794763926,0.0394574146247939,0.0778846088647828
RescorlaWagner,synth152,biasL,-0.010180478164188,0.0016833195683132,0.4939073569935925
RescorlaWagner,synth152,learn_rate,0.8959106114793536,0.8499901632409799,0.7503882295008083
RescorlaWagner,synth152,epsilon,0.098803482600427,0.1058781573484566,0.4877884454782285
RescorlaWagner,synth155,biasL,-0.2477007984745508,-0.5844868178386284,-0.6097713037248992
RescorlaWagner,synth155,learn_rate,0.2229537038707361,0.2623725612658785,0.6092068632913703
RescorlaWagner,synth155,epsilon,0.089491145109544,0.1018199249697617,0.1476923023045225
RescorlaWagner,synth158,biasL,1.1950994647887017,1.093525642691799,2.4551616252257946
RescorlaWagner,synth158,learn_rate,0.6270876720773794,0.6351868686267637,0.6080229210237089
RescorlaWagner,synth158,epsilon,0.0418395931062179,0.0362865611576774,0.0743269233425026
RescorlaWagner,synth161,biasL,-1.3327037652979363,-1.3244629683405762,-3.2470994372233317
RescorlaWagner,synth161,learn_rate,0.5067974171886035,0.4820236865936786,0.2107045192281578
RescorlaWagner,synth161,epsilon,0.0491242784966055,0.058555727136517,0.0973076813476974
RescorlaWagner,synth164,biasL,-1.1268883269814056,-1.3005876053903744,-0.3539229167703744
RescorlaWagner,synth164,learn_rate,0.883143923623736,0.8822436191888535,0.7515747578351375
RescorlaWagner,synth164,epsilon,0.313228171874141,0.313281542671445,0.377499996468357
RescorlaWagner,synth167,biasL,1.2721865160108825,1.0549901901491547,0.7178366107807987
RescorlaWagner,synth167,learn_rate,0.5619205651055,0.5926557319897915,0.370409369671153
RescorlaWagner,synth167,epsilon,0.2199279644708277,0.188410108344798,0.234999968321176
RescorlaWagner,synth170,biasL,-0.178670176524922,0.0560355551676456,0.0883732522844316
RescorlaWagner,synth170,learn_rate,0.4675773548183122,0.4737184590826119,0.7658684531007939
RescorlaWagner,synth170,epsilon,0.234248576221622,0.2297995865363526,0.4316346112325934
RescorlaWagner,synth173,biasL,0.4708919728729994,0.3371690632020587,0.3306845612296993
RescorlaWagner,synth173,learn_rate,0.3086062310752158,0.3676760965811146,0.566142281928995
RescorlaWagner,synth173,epsilon,0.1209846708112118,0.1389584918832277,0.2435576978915155
RescorlaWagner,synth176,biasL,-0.1268727218284736,-0.0333723738671603,-0.430671637991209
RescorlaWagner,synth176,learn_rate,0.6189736279631538,0.7350526805690419,0.7985498038122916
RescorlaWagner,synth176,epsilon,0.0678290353576161,0.0374428946201395,0.3443268757478425
RescorlaWagner,synth179,biasL,-0.7888812134988342,-0.7797438309166123,-0.6011923911888528
RescorlaWagner,synth179,learn_rate,0.1644853813773943,0.2009399830547393,0.4788061800536699
RescorlaWagner,synth179,epsilon,0.2225792605601342,0.2083314735597307,0.2925000005815193
RescorlaWagner,synth182,biasL,0.0567765619857761,0.0424281200665235,-0.0798731068665847
RescorlaWagner,synth182,learn_rate,0.1070400943939163,0.1550204006254197,0.4554076116402765
RescorlaWagner,synth182,epsilon,0.1176940409390679,0.0830260661274103,0.3494230696018472
RescorlaWagner,synth185,biasL,-0.2562185051059537,0.1984213242804489,0.1960765098979522
RescorlaWagner,synth185,learn_rate,0.5986310374761092,0.63436520205411,0.6696154210762059
RescorlaWagner,synth185,epsilon,0.0827378101663548,0.0737853848407396,0.3570192127964269
RescorlaWagner,synth188,biasL,-0.9720023004859176,-1.117906191151056,-0.5604049331017563
RescorlaWagner,synth188,learn_rate,0.7269178075069191,0.8063661711151563,0.855482747884415
RescorlaWagner,synth188,epsilon,0.220882831594919,0.1875422863592243,0.250192297369235
RescorlaWagner,synth191,biasL,0.3242621140356707,0.3069579587286828,0.2958210743798095
RescorlaWagner,synth191,learn_rate,0.1494028395153591,0.2030116200322102,0.4010800009443584
RescorlaWagner,synth191,epsilon,0.1733875048763594,0.1285107008857005,0.3291346072979736
RescorlaWagner,synth194,biasL,-0.2010114876240904,-0.381421938383403,-0.2149804717429482
RescorlaWagner,synth194,learn_rate,0.3749350784753418,0.4293051154298898,0.7573609658499912
RescorlaWagner,synth194,epsilon,0.2855185993048111,0.2807254876514692,0.3193269220407173
RescorlaWagner,synth197,biasL,-0.4309754052816402,-0.625650005862296,-0.4108701982362411
RescorlaWagner,synth197,learn_rate,0.6564933413394389,0.6149063802034088,0.8744517277148378
RescorlaWagner,synth197,epsilon,0.3345895741867888,0.3237379606513174,0.3148076907714721
